3004.970,00.000000,-12.000000,10.000000,01.000000,00.000000,00.000000
3005.048,00.017645,-12.000000,10.000000,01.882280,00.000000,00.000000
3005.049,00.052936,-12.000000,10.000000,02.764560,00.000000,00.000000
3005.049,00.105873,-12.000000,10.000000,03.646840,00.000000,00.000000
3005.050,00.176455,-12.000000,10.000000,04.529120,00.000000,00.000000
3005.050,00.264683,-12.000000,10.000000,05.000000,00.000000,00.000000
3005.066,00.362329,-12.000000,10.000000,05.000000,00.000000,00.000000
3005.099,00.459974,-12.000000,10.000000,05.000000,00.000000,00.000000
3005.116,00.557619,-12.000000,10.000000,05.000000,00.000000,00.000000
3005.133,00.655265,-12.000000,10.000000,05.000000,00.000000,00.000000
3005.149,00.752910,-12.000000,10.000000,05.000000,00.000000,00.000000
3005.166,00.850556,-12.000000,10.000000,05.000000,00.000000,00.000000
3005.199,00.948201,-12.000000,10.000000,05.000000,00.000000,00.000000
3005.217,01.045846,-12.000000,10.000000,05.000000,00.000000,00.000000
3005.233,01.143492,-12.000000,10.000000,05.000000,00.000000,00.000000
3005.249,01.241137,-12.000000,10.000000,05.000000,00.000000,00.000000
3005.266,01.338783,-12.000000,10.000000,05.000000,00.000000,00.000000
3005.299,01.436428,-12.000000,10.000000,05.000000,00.000000,00.000000
3005.317,01.534073,-12.000000,10.000000,05.000000,00.000000,00.000000
3005.333,01.631719,-12.000000,10.000000,05.000000,00.000000,00.000000
3005.349,01.729364,-12.000000,10.000000,05.000000,00.000000,00.000000
3005.366,01.827010,-12.000000,10.000000,05.000000,00.000000,00.000000
3005.399,01.924655,-12.000000,10.000000,05.000000,00.000000,00.000000
3005.417,02.022300,-12.000000,10.000000,05.000000,00.000000,00.000000
3005.433,02.119946,-12.000000,10.000000,05.000000,00.000000,00.000000
3005.449,02.217592,-12.000000,10.000000,05.000000,00.000000,00.000000
3005.466,02.315237,-12.000000,10.000000,05.000000,00.000000,00.000000
3005.499,02.412883,-12.000000,10.000000,05.000000,00.000000,00.000000
3005.517,02.510528,-12.000000,10.000000,05.000000,00.000000,00.000000
3005.533,02.608174,-12.000000,10.000000,05.000000,00.000000,00.000000
3005.549,02.705819,-12.000000,10.000000,05.000000,00.000000,00.000000
3005.619,02.803465,-12.000000,10.000000,05.000000,00.000000,00.000000
3005.620,02.901110,-12.000000,10.000000,05.000000,00.000000,00.000000
3005.620,02.998756,-12.000000,10.000000,05.000000,00.000000,00.000000
3005.634,03.096401,-12.000000,10.000000,05.000000,00.000000,00.000000
3005.650,03.194047,-12.000000,10.000000,05.000000,00.000000,00.000000
3005.671,03.291692,-12.000000,10.000000,05.000000,00.000000,00.000000
3005.700,03.389338,-12.000000,10.000000,05.000000,00.000000,00.000000
3005.767,03.486983,-12.000000,10.000000,05.000000,00.000000,00.000000
3005.767,03.584629,-12.000000,10.000000,05.000000,00.000000,00.000000
3005.767,03.682274,-12.000000,10.000000,05.000000,00.000000,00.000000
3005.767,03.779920,-12.000000,10.000000,05.000000,00.000000,00.000000
3005.787,03.877565,-12.000000,10.000000,05.000000,00.000000,00.000000
3005.817,03.975211,-12.000000,10.000000,05.000000,00.000000,00.000000
3005.834,04.072856,-12.000000,10.000000,05.000000,00.000000,00.000000
3005.850,04.170502,-12.000000,10.000000,05.000000,00.000000,00.000000
3005.867,04.268147,-12.000000,10.000000,05.000000,00.000000,00.000000
3005.901,04.365792,-12.000000,10.000000,05.000000,00.000000,00.000000
3005.917,04.463438,-12.000000,10.000000,05.000000,00.000000,00.000000
3005.934,04.561083,-12.000000,10.000000,05.000000,00.000000,00.000000
3005.950,04.658728,-12.000000,10.000000,05.000000,00.000000,00.000000
3005.967,04.756373,-12.000000,10.000000,05.000000,00.000000,00.000000
3006.001,04.854019,-12.000000,10.000000,05.000000,00.000000,00.000000
3006.017,04.951664,-12.000000,10.000000,05.000000,00.000000,00.000000
3006.034,05.049309,-12.000000,10.000000,05.000000,00.000000,00.000000
3006.051,05.146955,-12.000000,10.000000,05.000000,00.000000,00.000000
3006.067,05.244600,-12.000000,10.000000,05.000000,00.000000,00.000000
3006.101,05.342245,-12.000000,10.000000,05.000000,00.000000,00.000000
3006.117,05.439890,-12.000000,10.000000,05.000000,00.000000,00.000000
3006.134,05.537536,-12.000000,10.000000,05.000000,00.000000,00.000000
3006.150,05.635181,-12.000000,10.000000,05.000000,00.000000,00.000000
3006.167,05.732826,-12.000000,10.000000,05.000000,00.000000,00.000000
3006.200,05.830472,-12.000000,10.000000,05.000000,00.000000,00.000000
3006.217,05.928117,-12.000000,10.000000,05.000000,00.000000,00.000000
3006.234,06.025762,-12.000000,10.000000,05.000000,00.000000,00.000000
3006.250,06.123407,-12.000000,10.000000,05.000000,00.000000,00.000000
3006.267,06.221053,-12.000000,10.000000,05.000000,00.000000,00.000000
3006.300,06.318698,-12.000000,10.000000,05.000000,00.000000,00.000000
3006.317,06.416343,-12.000000,10.000000,05.000000,00.000000,00.000000
3006.334,06.513988,-12.000000,10.000000,05.000000,00.000000,00.000000
3006.350,06.611634,-12.000000,10.000000,05.000000,00.000000,00.000000
3006.367,06.709279,-12.000000,10.000000,05.000000,00.000000,00.000000
3006.400,06.806924,-12.000000,10.000000,05.000000,00.000000,00.000000
3006.417,06.904570,-12.000000,10.000000,05.000000,00.000000,00.000000
3006.434,07.002215,-12.000000,10.000000,05.000000,00.000000,00.000000
3006.450,07.099860,-12.000000,10.000000,05.000000,00.000000,00.000000
3006.467,07.197505,-12.000000,10.000000,05.000000,00.000000,00.000000
3006.500,07.295151,-12.000000,10.000000,05.000000,00.000000,00.000000
3006.517,07.392796,-12.000000,10.000000,05.000000,00.000000,00.000000
3006.534,07.490441,-12.000000,10.000000,05.000000,00.000000,00.000000
3006.550,07.588087,-12.000000,10.000000,05.000000,00.000000,00.000000
3006.567,07.685732,-12.000000,10.000000,05.000000,00.000000,00.000000
3006.601,07.783377,-12.000000,10.000000,05.000000,00.000000,00.000000
3006.617,07.881022,-12.000000,10.000000,05.000000,00.000000,00.000000
3006.634,07.978668,-12.000000,10.000000,05.000000,00.000000,00.000000
3006.650,08.076313,-12.000000,10.000000,05.000000,00.000000,00.000000
3006.667,08.173959,-12.000000,10.000000,05.000000,00.000000,00.000000
3006.701,08.271605,-12.000000,10.000000,05.000000,00.000000,00.000000
3006.717,08.369250,-12.000000,10.000000,05.000000,00.000000,00.000000
3006.734,08.466896,-12.000000,10.000000,05.000000,00.000000,00.000000
3006.751,08.564542,-12.000000,10.000000,05.000000,00.000000,00.000000
3006.767,08.662188,-12.000000,10.000000,05.000000,00.000000,00.000000
3006.801,08.759833,-12.000000,10.000000,05.000000,00.000000,00.000000
3006.817,08.857479,-12.000000,10.000000,05.000000,00.000000,00.000000
3006.834,08.955125,-12.000000,10.000000,05.000000,00.000000,00.000000
3006.851,09.052771,-12.000000,10.000000,05.000000,00.000000,00.000000
3006.867,09.150416,-12.000000,10.000000,05.000000,00.000000,00.000000
3006.901,09.248062,-12.000000,10.000000,05.000000,00.000000,00.000000
3006.917,09.345708,-12.000000,10.000000,05.000000,00.000000,00.000000
3006.934,09.443354,-12.000000,10.000000,05.000000,00.000000,00.000000
3006.950,09.540999,-12.000000,10.000000,05.000000,00.000000,00.000000
3006.967,09.638645,-12.000000,10.000000,05.000000,00.000000,00.000000
3007.001,09.736291,-12.000000,10.000000,05.000000,00.000000,00.000000
3007.017,09.833937,-12.000000,10.000000,05.000000,00.000000,00.000000
3007.034,09.931582,-12.000000,10.000000,05.000000,00.000000,00.000000
3007.051,10.029230,-12.000000,10.000000,05.000000,00.000000,00.000000
3007.067,10.126870,-12.000000,10.000000,-01.000000,00.000000,00.000000
3007.104,10.109230,-12.000000,10.000000,-01.882280,00.000000,00.000000
3007.105,10.073940,-12.000000,10.000000,-02.764560,00.000000,00.000000
3007.137,10.021000,-12.000000,10.000000,-03.646840,00.000000,00.000000
3007.150,09.950418,-12.000000,10.000000,-04.529120,00.000000,00.000000
3007.167,09.862190,-12.000000,10.000000,-05.000000,00.000000,00.000000
3007.201,09.764544,-12.000000,10.000000,-05.000000,00.000000,00.000000
3007.217,09.666899,-12.000000,10.000000,-05.000000,00.000000,00.000000
3007.234,09.569253,-12.000000,10.000000,-05.000000,00.000000,00.000000
3007.250,09.471607,-12.000000,10.000000,-05.000000,00.000000,00.000000
3007.267,09.373961,-12.000000,10.000000,-05.000000,00.000000,00.000000
3007.301,09.276316,-12.000000,10.000000,-05.000000,00.000000,00.000000
3007.317,09.178670,-12.000000,10.000000,-05.000000,00.000000,00.000000
3007.334,09.081024,-12.000000,10.000000,-05.000000,00.000000,00.000000
3007.350,08.983378,-12.000000,10.000000,-05.000000,00.000000,00.000000
3007.367,08.885733,-12.000000,10.000000,-05.000000,00.000000,00.000000
3007.384,08.788087,-12.000000,10.000000,-05.000000,00.000000,00.000000
3007.417,08.690441,-12.000000,10.000000,-05.000000,00.000000,00.000000
3007.434,08.592795,-12.000000,10.000000,-05.000000,00.000000,00.000000
3007.451,08.495150,-12.000000,10.000000,-05.000000,00.000000,00.000000
3007.467,08.397504,-12.000000,10.000000,-05.000000,00.000000,00.000000
3007.501,08.299858,-12.000000,10.000000,-05.000000,00.000000,00.000000
3007.517,08.202212,-12.000000,10.000000,-05.000000,00.000000,00.000000
3007.534,08.104567,-12.000000,10.000000,-05.000000,00.000000,00.000000
3007.551,08.006921,-12.000000,10.000000,-05.000000,00.000000,00.000000
3007.567,07.909276,-12.000000,10.000000,-05.000000,00.000000,00.000000
3007.584,07.811630,-12.000000,10.000000,-05.000000,00.000000,00.000000
3007.617,07.713985,-12.000000,10.000000,-05.000000,00.000000,00.000000
3007.634,07.616340,-12.000000,10.000000,-05.000000,00.000000,00.000000
3007.651,07.518694,-12.000000,10.000000,-05.000000,00.000000,00.000000
3007.667,07.421049,-12.000000,10.000000,-05.000000,00.000000,00.000000
3007.684,07.323404,-12.000000,10.000000,-05.000000,00.000000,00.000000
3007.717,07.225759,-12.000000,10.000000,-05.000000,00.000000,00.000000
3007.734,07.128113,-12.000000,10.000000,-05.000000,00.000000,00.000000
3007.751,07.030468,-12.000000,10.000000,-05.000000,00.000000,00.000000
3007.767,06.932823,-12.000000,10.000000,-05.000000,00.000000,00.000000
3007.801,06.835177,-12.000000,10.000000,-05.000000,00.000000,00.000000
3007.817,06.737532,-12.000000,10.000000,-05.000000,00.000000,00.000000
3007.834,06.639887,-12.000000,10.000000,-05.000000,00.000000,00.000000
3007.850,06.542242,-12.000000,10.000000,-05.000000,00.000000,00.000000
3007.867,06.444596,-12.000000,10.000000,-05.000000,00.000000,00.000000
3007.884,06.346951,-12.000000,10.000000,-05.000000,00.000000,00.000000
3007.917,06.249306,-12.000000,10.000000,-05.000000,00.000000,00.000000
3007.934,06.151660,-12.000000,10.000000,-05.000000,00.000000,00.000000
3007.951,06.054015,-12.000000,10.000000,-05.000000,00.000000,00.000000
3007.967,05.956370,-12.000000,10.000000,-05.000000,00.000000,00.000000
3007.984,05.858725,-12.000000,10.000000,-05.000000,00.000000,00.000000
3008.017,05.761079,-12.000000,10.000000,-05.000000,00.000000,00.000000
3008.034,05.663434,-12.000000,10.000000,-05.000000,00.000000,00.000000
3008.051,05.565789,-12.000000,10.000000,-05.000000,00.000000,00.000000
3008.067,05.468143,-12.000000,10.000000,-05.000000,00.000000,00.000000
3008.084,05.370498,-12.000000,10.000000,-05.000000,00.000000,00.000000
3008.117,05.272853,-12.000000,10.000000,-05.000000,00.000000,00.000000
3008.134,05.175208,-12.000000,10.000000,-05.000000,00.000000,00.000000
3008.151,05.077562,-12.000000,10.000000,-05.000000,00.000000,00.000000
3008.167,04.979917,-12.000000,10.000000,-05.000000,00.000000,00.000000
3008.184,04.882272,-12.000000,10.000000,-05.000000,00.000000,00.000000
3008.217,04.784626,-12.000000,10.000000,-05.000000,00.000000,00.000000
3008.234,04.686981,-12.000000,10.000000,-05.000000,00.000000,00.000000
3008.250,04.589336,-12.000000,10.000000,-05.000000,00.000000,00.000000
3008.267,04.491691,-12.000000,10.000000,-05.000000,00.000000,00.000000
3008.284,04.394045,-12.000000,10.000000,-05.000000,00.000000,00.000000
3008.317,04.296400,-12.000000,10.000000,-05.000000,00.000000,00.000000
3008.334,04.198755,-12.000000,10.000000,-05.000000,00.000000,00.000000
3008.351,04.101110,-12.000000,10.000000,-05.000000,00.000000,00.000000
3008.367,04.003464,-12.000000,10.000000,-05.000000,00.000000,00.000000
3008.384,03.905819,-12.000000,10.000000,-05.000000,00.000000,00.000000
3008.417,03.808173,-12.000000,10.000000,-05.000000,00.000000,00.000000
3008.434,03.710528,-12.000000,10.000000,-05.000000,00.000000,00.000000
3008.451,03.612882,-12.000000,10.000000,-05.000000,00.000000,00.000000
3008.467,03.515237,-12.000000,10.000000,-05.000000,00.000000,00.000000
3008.484,03.417591,-12.000000,10.000000,-05.000000,00.000000,00.000000
3008.517,03.319946,-12.000000,10.000000,-05.000000,00.000000,00.000000
3008.534,03.222300,-12.000000,10.000000,-05.000000,00.000000,00.000000
3008.551,03.124655,-12.000000,10.000000,-05.000000,00.000000,00.000000
3008.567,03.027009,-12.000000,10.000000,-05.000000,00.000000,00.000000
3008.584,02.929363,-12.000000,10.000000,-05.000000,00.000000,00.000000
3008.617,02.831718,-12.000000,10.000000,-05.000000,00.000000,00.000000
3008.637,02.734072,-12.000000,10.000000,-05.000000,00.000000,00.000000
3008.650,02.636427,-12.000000,10.000000,-05.000000,00.000000,00.000000
3008.667,02.538781,-12.000000,10.000000,-05.000000,00.000000,00.000000
3008.701,02.441136,-12.000000,10.000000,-05.000000,00.000000,00.000000
3008.717,02.343490,-12.000000,10.000000,-05.000000,00.000000,00.000000
3008.734,02.245845,-12.000000,10.000000,-05.000000,00.000000,00.000000
3008.751,02.148199,-12.000000,10.000000,-05.000000,00.000000,00.000000
3008.767,02.050554,-12.000000,10.000000,-05.000000,00.000000,00.000000
3008.784,01.952908,-12.000000,10.000000,-05.000000,00.000000,00.000000
3008.817,01.855263,-12.000000,10.000000,-05.000000,00.000000,00.000000
3008.834,01.757618,-12.000000,10.000000,-05.000000,00.000000,00.000000
3008.850,01.659972,-12.000000,10.000000,-05.000000,00.000000,00.000000
3008.867,01.562327,-12.000000,10.000000,-05.000000,00.000000,00.000000
3008.884,01.464681,-12.000000,10.000000,-05.000000,00.000000,00.000000
3008.917,01.367036,-12.000000,10.000000,-05.000000,00.000000,00.000000
3008.934,01.269391,-12.000000,10.000000,-05.000000,00.000000,00.000000
3008.951,01.171745,-12.000000,10.000000,-05.000000,00.000000,00.000000
3008.967,01.074100,-12.000000,10.000000,-05.000000,00.000000,00.000000
3009.001,00.976454,-12.000000,10.000000,-05.000000,00.000000,00.000000
3009.017,00.878809,-12.000000,10.000000,-05.000000,00.000000,00.000000
3009.034,00.781164,-12.000000,10.000000,-05.000000,00.000000,00.000000
3009.051,00.683518,-12.000000,10.000000,-05.000000,00.000000,00.000000
3009.067,00.585873,-12.000000,10.000000,-05.000000,00.000000,00.000000
3009.084,00.488227,-12.000000,10.000000,-05.000000,00.000000,00.000000
3009.117,00.390582,-12.000000,10.000000,-05.000000,00.000000,00.000000
3009.134,00.292937,-12.000000,10.000000,-05.000000,00.000000,00.000000
3009.150,00.195291,-12.000000,10.000000,-05.000000,00.000000,00.000000
3009.167,00.097646,-12.000000,10.000000,-05.000000,00.000000,00.000000
3009.184,00.000000,-12.000000,10.000000,-05.000000,00.000000,00.000000
3009.217,-00.097645,-12.000000,10.000000,-05.000000,00.000000,00.000000
3009.234,-00.195291,-12.000000,10.000000,-05.000000,00.000000,00.000000
3009.251,-00.292936,-12.000000,10.000000,-05.000000,00.000000,00.000000
3009.267,-00.390582,-12.000000,10.000000,-05.000000,00.000000,00.000000
3009.284,-00.488227,-12.000000,10.000000,-05.000000,00.000000,00.000000
3009.317,-00.585872,-12.000000,10.000000,-05.000000,00.000000,00.000000
3009.334,-00.683518,-12.000000,10.000000,-05.000000,00.000000,00.000000
3009.351,-00.781163,-12.000000,10.000000,-05.000000,00.000000,00.000000
3009.367,-00.878809,-12.000000,10.000000,-05.000000,00.000000,00.000000
3009.384,-00.976454,-12.000000,10.000000,-05.000000,00.000000,00.000000
3009.417,-01.074099,-12.000000,10.000000,-05.000000,00.000000,00.000000
3009.434,-01.171745,-12.000000,10.000000,-05.000000,00.000000,00.000000
3009.451,-01.269390,-12.000000,10.000000,-05.000000,00.000000,00.000000
3009.467,-01.367036,-12.000000,10.000000,-05.000000,00.000000,00.000000
3009.484,-01.464681,-12.000000,10.000000,-05.000000,00.000000,00.000000
3009.517,-01.562326,-12.000000,10.000000,-05.000000,00.000000,00.000000
3009.534,-01.659972,-12.000000,10.000000,-05.000000,00.000000,00.000000
3009.551,-01.757617,-12.000000,10.000000,-05.000000,00.000000,00.000000
3009.567,-01.855263,-12.000000,10.000000,-05.000000,00.000000,00.000000
3009.584,-01.952908,-12.000000,10.000000,-05.000000,00.000000,00.000000
3009.617,-02.050554,-12.000000,10.000000,-05.000000,00.000000,00.000000
3009.634,-02.148199,-12.000000,10.000000,-05.000000,00.000000,00.000000
3009.651,-02.245845,-12.000000,10.000000,-05.000000,00.000000,00.000000
3009.667,-02.343490,-12.000000,10.000000,-05.000000,00.000000,00.000000
3009.684,-02.441136,-12.000000,10.000000,-05.000000,00.000000,00.000000
3009.717,-02.538781,-12.000000,10.000000,-05.000000,00.000000,00.000000
3009.734,-02.636427,-12.000000,10.000000,-05.000000,00.000000,00.000000
3009.751,-02.734072,-12.000000,10.000000,-05.000000,00.000000,00.000000
3009.767,-02.831718,-12.000000,10.000000,-05.000000,00.000000,00.000000
3009.784,-02.929363,-12.000000,10.000000,-05.000000,00.000000,00.000000
3009.817,-03.027009,-12.000000,10.000000,-05.000000,00.000000,00.000000
3009.834,-03.124654,-12.000000,10.000000,-05.000000,00.000000,00.000000
3009.851,-03.222300,-12.000000,10.000000,-05.000000,00.000000,00.000000
3009.867,-03.319945,-12.000000,10.000000,-05.000000,00.000000,00.000000
3009.884,-03.417591,-12.000000,10.000000,-05.000000,00.000000,00.000000
3009.917,-03.515236,-12.000000,10.000000,-05.000000,00.000000,00.000000
3009.934,-03.612882,-12.000000,10.000000,-05.000000,00.000000,00.000000
3009.951,-03.710527,-12.000000,10.000000,-05.000000,00.000000,00.000000
3009.967,-03.808173,-12.000000,10.000000,-05.000000,00.000000,00.000000
3009.984,-03.905818,-12.000000,10.000000,-05.000000,00.000000,00.000000
3010.017,-04.003464,-12.000000,10.000000,-05.000000,00.000000,00.000000
3010.034,-04.101109,-12.000000,10.000000,-05.000000,00.000000,00.000000
3010.051,-04.198754,-12.000000,10.000000,-05.000000,00.000000,00.000000
3010.067,-04.296400,-12.000000,10.000000,-05.000000,00.000000,00.000000
3010.084,-04.394045,-12.000000,10.000000,-05.000000,00.000000,00.000000
3010.117,-04.491690,-12.000000,10.000000,-05.000000,00.000000,00.000000
3010.134,-04.589335,-12.000000,10.000000,-05.000000,00.000000,00.000000
3010.151,-04.686981,-12.000000,10.000000,-05.000000,00.000000,00.000000
3010.167,-04.784626,-12.000000,10.000000,-05.000000,00.000000,00.000000
3010.184,-04.882271,-12.000000,10.000000,-05.000000,00.000000,00.000000
3010.217,-04.979917,-12.000000,10.000000,-05.000000,00.000000,00.000000
3010.234,-05.077562,-12.000000,10.000000,-05.000000,00.000000,00.000000
3010.251,-05.175207,-12.000000,10.000000,01.000000,00.000000,00.000000
3010.267,-05.157562,-12.000000,10.000000,01.882280,00.000000,00.000000
3010.284,-05.122271,-12.000000,10.000000,02.764560,00.000000,00.000000
3010.317,-05.069334,-12.000000,10.000000,03.646840,00.000000,00.000000
3010.334,-04.998752,-12.000000,10.000000,04.529120,00.000000,00.000000
3010.351,-04.910524,-12.000000,10.000000,05.000000,00.000000,00.000000
3010.367,-04.812879,-12.000000,10.000000,05.000000,00.000000,00.000000
3010.384,-04.715233,-12.000000,10.000000,05.000000,00.000000,00.000000
3010.417,-04.617588,-12.000000,10.000000,05.000000,00.000000,00.000000
3010.434,-04.519943,-12.000000,10.000000,05.000000,00.000000,00.000000
3010.451,-04.422297,-12.000000,10.000000,05.000000,00.000000,00.000000
3010.467,-04.324652,-12.000000,10.000000,05.000000,00.000000,00.000000
3010.484,-04.227007,-12.000000,10.000000,05.000000,00.000000,00.000000
3010.517,-04.129362,-12.000000,10.000000,05.000000,00.000000,00.000000
3010.534,-04.031716,-12.000000,10.000000,05.000000,00.000000,00.000000
3010.551,-03.934071,-12.000000,10.000000,05.000000,00.000000,00.000000
3010.567,-03.836425,-12.000000,10.000000,05.000000,00.000000,00.000000
3010.584,-03.738780,-12.000000,10.000000,05.000000,00.000000,00.000000
3010.618,-03.641134,-12.000000,10.000000,05.000000,00.000000,00.000000
3010.634,-03.543489,-12.000000,10.000000,05.000000,00.000000,00.000000
3010.651,-03.445843,-12.000000,10.000000,05.000000,00.000000,00.000000
3010.667,-03.348198,-12.000000,10.000000,05.000000,00.000000,00.000000
3010.684,-03.250552,-12.000000,10.000000,05.000000,00.000000,00.000000
3010.717,-03.152907,-12.000000,10.000000,05.000000,00.000000,00.000000
3010.734,-03.055261,-12.000000,10.000000,05.000000,00.000000,00.000000
3010.751,-02.957616,-12.000000,10.000000,05.000000,00.000000,00.000000
3010.767,-02.859970,-12.000000,10.000000,05.000000,00.000000,00.000000
3010.784,-02.762325,-12.000000,10.000000,05.000000,00.000000,00.000000
3010.817,-02.664679,-12.000000,10.000000,05.000000,00.000000,00.000000
3010.834,-02.567034,-12.000000,10.000000,05.000000,00.000000,00.000000
3010.851,-02.469388,-12.000000,10.000000,05.000000,00.000000,00.000000
3010.868,-02.371742,-12.000000,10.000000,05.000000,00.000000,00.000000
3010.884,-02.274097,-12.000000,10.000000,05.000000,00.000000,00.000000
3010.917,-02.176451,-12.000000,10.000000,05.000000,00.000000,00.000000
3010.934,-02.078806,-12.000000,10.000000,05.000000,00.000000,00.000000
3010.951,-01.981161,-12.000000,10.000000,05.000000,00.000000,00.000000
3010.967,-01.883515,-12.000000,10.000000,05.000000,00.000000,00.000000
3010.984,-01.785870,-12.000000,10.000000,05.000000,00.000000,00.000000
3011.017,-01.688224,-12.000000,10.000000,05.000000,00.000000,00.000000
3011.034,-01.590579,-12.000000,10.000000,05.000000,00.000000,00.000000
3011.051,-01.492934,-12.000000,10.000000,05.000000,00.000000,00.000000
3011.067,-01.395288,-12.000000,10.000000,05.000000,00.000000,00.000000
3011.085,-01.297643,-12.000000,10.000000,05.000000,00.000000,00.000000
3011.117,-01.199997,-12.000000,10.000000,05.000000,00.000000,00.000000
3011.134,-01.102352,-12.000000,10.000000,05.000000,00.000000,00.000000
3011.151,-01.004707,-12.000000,10.000000,05.000000,00.000000,00.000000
3011.167,-00.907061,-12.000000,10.000000,05.000000,00.000000,00.000000
3011.184,-00.809416,-12.000000,10.000000,05.000000,00.000000,00.000000
3011.217,-00.711770,-12.000000,10.000000,05.000000,00.000000,00.000000
3011.234,-00.614125,-12.000000,10.000000,05.000000,00.000000,00.000000
3011.251,-00.516480,-12.000000,10.000000,05.000000,00.000000,00.000000
3011.268,-00.418834,-12.000000,10.000000,05.000000,00.000000,00.000000
3011.284,-00.321189,-12.000000,10.000000,05.000000,00.000000,00.000000
3011.317,-00.223543,-12.000000,10.000000,05.000000,00.000000,00.000000
3011.334,-00.125898,-12.000000,10.000000,05.000000,00.000000,00.000000
3011.351,-00.028252,-12.000000,10.000000,05.000000,00.000000,00.000000
3011.368,00.069393,-12.000000,10.000000,05.000000,00.000000,00.000000
3011.384,00.167039,-12.000000,10.000000,05.000000,00.000000,00.000000
3011.417,00.264684,-12.000000,10.000000,05.000000,00.000000,00.000000
3011.434,00.362329,-12.000000,10.000000,05.000000,00.000000,00.000000
3011.451,00.459975,-12.000000,10.000000,05.000000,00.000000,00.000000
3011.468,00.557620,-12.000000,10.000000,05.000000,00.000000,00.000000
3011.484,00.655266,-12.000000,10.000000,05.000000,00.000000,00.000000
3011.517,00.752911,-12.000000,10.000000,05.000000,00.000000,00.000000
3011.534,00.850556,-12.000000,10.000000,05.000000,00.000000,00.000000
3011.551,00.948202,-12.000000,10.000000,05.000000,00.000000,00.000000
3011.568,01.045847,-12.000000,10.000000,05.000000,00.000000,00.000000
3011.584,01.143493,-12.000000,10.000000,05.000000,00.000000,00.000000
3011.617,01.241138,-12.000000,10.000000,05.000000,00.000000,00.000000
3011.634,01.338784,-12.000000,10.000000,05.000000,00.000000,00.000000
3011.651,01.436429,-12.000000,10.000000,05.000000,00.000000,00.000000
3011.667,01.534074,-12.000000,10.000000,05.000000,00.000000,00.000000
3011.684,01.631720,-12.000000,10.000000,05.000000,00.000000,00.000000
3011.718,01.729365,-12.000000,10.000000,05.000000,00.000000,00.000000
3011.734,01.827011,-12.000000,10.000000,05.000000,00.000000,00.000000
3011.751,01.924656,-12.000000,10.000000,05.000000,00.000000,00.000000
3011.768,02.022301,-12.000000,10.000000,05.000000,00.000000,00.000000
3011.784,02.119947,-12.000000,10.000000,05.000000,00.000000,00.000000
3011.817,02.217592,-12.000000,10.000000,05.000000,00.000000,00.000000
3011.834,02.315238,-12.000000,10.000000,05.000000,00.000000,00.000000
3011.851,02.412884,-12.000000,10.000000,05.000000,00.000000,00.000000
3011.868,02.510529,-12.000000,10.000000,05.000000,00.000000,00.000000
3011.884,02.608175,-12.000000,10.000000,05.000000,00.000000,00.000000
3011.917,02.705820,-12.000000,10.000000,05.000000,00.000000,00.000000
3011.934,02.803466,-12.000000,10.000000,05.000000,00.000000,00.000000
3011.951,02.901111,-12.000000,10.000000,05.000000,00.000000,00.000000
3011.967,02.998757,-12.000000,10.000000,05.000000,00.000000,00.000000
3011.984,03.096402,-12.000000,10.000000,05.000000,00.000000,00.000000
3012.018,03.194048,-12.000000,10.000000,05.000000,00.000000,00.000000
3012.034,03.291693,-12.000000,10.000000,05.000000,00.000000,00.000000
3012.051,03.389339,-12.000000,10.000000,05.000000,00.000000,00.000000
3012.068,03.486984,-12.000000,10.000000,05.000000,00.000000,00.000000
3012.084,03.584630,-12.000000,10.000000,05.000000,00.000000,00.000000
3012.117,03.682275,-12.000000,10.000000,05.000000,00.000000,00.000000
3012.134,03.779921,-12.000000,10.000000,05.000000,00.000000,00.000000
3012.151,03.877566,-12.000000,10.000000,05.000000,00.000000,00.000000
3012.168,03.975212,-12.000000,10.000000,05.000000,00.000000,00.000000
3012.184,04.072857,-12.000000,10.000000,05.000000,00.000000,00.000000
3012.217,04.170503,-12.000000,10.000000,05.000000,00.000000,00.000000
3012.234,04.268148,-12.000000,10.000000,05.000000,00.000000,00.000000
3012.251,04.365793,-12.000000,10.000000,05.000000,00.000000,00.000000
3012.268,04.463439,-12.000000,10.000000,05.000000,00.000000,00.000000
3012.284,04.561084,-12.000000,10.000000,05.000000,00.000000,00.000000
3012.318,04.658729,-12.000000,10.000000,05.000000,00.000000,00.000000
3012.334,04.756374,-12.000000,10.000000,05.000000,00.000000,00.000000
3012.351,04.854020,-12.000000,10.000000,05.000000,00.000000,00.000000
3012.368,04.951665,-12.000000,10.000000,05.000000,00.000000,00.000000
3012.384,05.049310,-12.000000,10.000000,05.000000,00.000000,00.000000
3012.417,05.146955,-12.000000,10.000000,05.000000,00.000000,00.000000
3012.434,05.244601,-12.000000,10.000000,05.000000,00.000000,00.000000
3012.451,05.342246,-12.000000,10.000000,05.000000,00.000000,00.000000
3012.468,05.439891,-12.000000,10.000000,05.000000,00.000000,00.000000
3012.484,05.537537,-12.000000,10.000000,05.000000,00.000000,00.000000
3012.518,05.635182,-12.000000,10.000000,05.000000,00.000000,00.000000
3012.534,05.732827,-12.000000,10.000000,05.000000,00.000000,00.000000
3012.551,05.830472,-12.000000,10.000000,05.000000,00.000000,00.000000
3012.568,05.928118,-12.000000,10.000000,05.000000,00.000000,00.000000
3012.584,06.025763,-12.000000,10.000000,05.000000,00.000000,00.000000
3012.617,06.123408,-12.000000,10.000000,05.000000,00.000000,00.000000
3012.634,06.221054,-12.000000,10.000000,05.000000,00.000000,00.000000
3012.651,06.318699,-12.000000,10.000000,05.000000,00.000000,00.000000
3012.668,06.416344,-12.000000,10.000000,05.000000,00.000000,00.000000
3012.684,06.513989,-12.000000,10.000000,05.000000,00.000000,00.000000
3012.717,06.611635,-12.000000,10.000000,05.000000,00.000000,00.000000
3012.734,06.709280,-12.000000,10.000000,05.000000,00.000000,00.000000
3012.751,06.806925,-12.000000,10.000000,05.000000,00.000000,00.000000
3012.768,06.904571,-12.000000,10.000000,05.000000,00.000000,00.000000
3012.784,07.002216,-12.000000,10.000000,05.000000,00.000000,00.000000
3012.818,07.099861,-12.000000,10.000000,05.000000,00.000000,00.000000
3012.834,07.197506,-12.000000,10.000000,05.000000,00.000000,00.000000
3012.851,07.295152,-12.000000,10.000000,05.000000,00.000000,00.000000
3012.868,07.392797,-12.000000,10.000000,05.000000,00.000000,00.000000
3012.884,07.490442,-12.000000,10.000000,05.000000,00.000000,00.000000
3012.917,07.588088,-12.000000,10.000000,05.000000,00.000000,00.000000
3012.934,07.685733,-12.000000,10.000000,05.000000,00.000000,00.000000
3012.951,07.783378,-12.000000,10.000000,05.000000,00.000000,00.000000
3012.968,07.881023,-12.000000,10.000000,05.000000,00.000000,00.000000
3012.985,07.978669,-12.000000,10.000000,05.000000,00.000000,00.000000
3013.018,08.076314,-12.000000,10.000000,05.000000,00.000000,00.000000
3013.034,08.173960,-12.000000,10.000000,05.000000,00.000000,00.000000
3013.051,08.271605,-12.000000,10.000000,05.000000,00.000000,00.000000
3013.068,08.369251,-12.000000,10.000000,05.000000,00.000000,00.000000
3013.084,08.466897,-12.000000,10.000000,05.000000,00.000000,00.000000
3013.117,08.564543,-12.000000,10.000000,05.000000,00.000000,00.000000
3013.134,08.662189,-12.000000,10.000000,05.000000,00.000000,00.000000
3013.151,08.759834,-12.000000,10.000000,05.000000,00.000000,00.000000
3013.168,08.857480,-12.000000,10.000000,05.000000,00.000000,00.000000
3013.184,08.955126,-12.000000,10.000000,05.000000,00.000000,00.000000
3013.217,09.052772,-12.000000,10.000000,05.000000,00.000000,00.000000
3013.234,09.150417,-12.000000,10.000000,05.000000,00.000000,00.000000
3013.251,09.248063,-12.000000,10.000000,05.000000,00.000000,00.000000
3013.268,09.345709,-12.000000,10.000000,05.000000,00.000000,00.000000
3013.284,09.443355,-12.000000,10.000000,05.000000,00.000000,00.000000
3013.318,09.541000,-12.000000,10.000000,05.000000,00.000000,00.000000
3013.334,09.638646,-12.000000,10.000000,05.000000,00.000000,00.000000
3013.351,09.736292,-12.000000,10.000000,05.000000,00.000000,00.000000
3013.368,09.833938,-12.000000,10.000000,05.000000,00.000000,00.000000
3013.384,09.931583,-12.000000,10.000000,05.000000,00.000000,00.000000
3013.418,10.029230,-12.000000,10.000000,05.000000,00.000000,00.000000
3013.434,10.126870,-12.000000,10.000000,-01.000000,00.000000,00.000000
3013.451,10.109230,-12.000000,10.000000,-01.882280,00.000000,00.000000
3013.467,10.073940,-12.000000,10.000000,-02.764560,00.000000,00.000000
3013.484,10.021000,-12.000000,10.000000,-03.646840,00.000000,00.000000
3013.517,09.950419,-12.000000,10.000000,-04.529120,00.000000,00.000000
3013.535,09.862191,-12.000000,10.000000,-05.000000,00.000000,00.000000
3013.551,09.764545,-12.000000,10.000000,-05.000000,00.000000,00.000000
3013.568,09.666900,-12.000000,10.000000,-05.000000,00.000000,00.000000
3013.584,09.569254,-12.000000,10.000000,-05.000000,00.000000,00.000000
3013.618,09.471608,-12.000000,10.000000,-05.000000,00.000000,00.000000
3013.634,09.373962,-12.000000,10.000000,-05.000000,00.000000,00.000000
3013.651,09.276317,-12.000000,10.000000,-05.000000,00.000000,00.000000
3013.668,09.178671,-12.000000,10.000000,-05.000000,00.000000,00.000000
3013.684,09.081025,-12.000000,10.000000,-05.000000,00.000000,00.000000
3013.718,08.983379,-12.000000,10.000000,-05.000000,00.000000,00.000000
3013.734,08.885734,-12.000000,10.000000,-05.000000,00.000000,00.000000
3013.751,08.788088,-12.000000,10.000000,-05.000000,00.000000,00.000000
3013.767,08.690442,-12.000000,10.000000,-05.000000,00.000000,00.000000
3013.784,08.592796,-12.000000,10.000000,-05.000000,00.000000,00.000000
3013.817,08.495151,-12.000000,10.000000,-05.000000,00.000000,00.000000
3013.834,08.397505,-12.000000,10.000000,-05.000000,00.000000,00.000000
3013.851,08.299859,-12.000000,10.000000,-05.000000,00.000000,00.000000
3013.867,08.202213,-12.000000,10.000000,-05.000000,00.000000,00.000000
3013.884,08.104568,-12.000000,10.000000,-05.000000,00.000000,00.000000
3013.918,08.006922,-12.000000,10.000000,-05.000000,00.000000,00.000000
3013.934,07.909276,-12.000000,10.000000,-05.000000,00.000000,00.000000
3013.951,07.811631,-12.000000,10.000000,-05.000000,00.000000,00.000000
3013.968,07.713986,-12.000000,10.000000,-05.000000,00.000000,00.000000
3013.984,07.616341,-12.000000,10.000000,-05.000000,00.000000,00.000000
3014.018,07.518695,-12.000000,10.000000,-05.000000,00.000000,00.000000
3014.035,07.421050,-12.000000,10.000000,-05.000000,00.000000,00.000000
3014.051,07.323405,-12.000000,10.000000,-05.000000,00.000000,00.000000
3014.068,07.225760,-12.000000,10.000000,-05.000000,00.000000,00.000000
3014.084,07.128114,-12.000000,10.000000,-05.000000,00.000000,00.000000
3014.118,07.030469,-12.000000,10.000000,-05.000000,00.000000,00.000000
3014.134,06.932824,-12.000000,10.000000,-05.000000,00.000000,00.000000
3014.151,06.835178,-12.000000,10.000000,-05.000000,00.000000,00.000000
3014.168,06.737533,-12.000000,10.000000,-05.000000,00.000000,00.000000
3014.184,06.639888,-12.000000,10.000000,-05.000000,00.000000,00.000000
3014.218,06.542243,-12.000000,10.000000,-05.000000,00.000000,00.000000
3014.234,06.444597,-12.000000,10.000000,-05.000000,00.000000,00.000000
3014.251,06.346952,-12.000000,10.000000,-05.000000,00.000000,00.000000
3014.268,06.249307,-12.000000,10.000000,-05.000000,00.000000,00.000000
3014.284,06.151661,-12.000000,10.000000,-05.000000,00.000000,00.000000
3014.318,06.054016,-12.000000,10.000000,-05.000000,00.000000,00.000000
3014.334,05.956371,-12.000000,10.000000,-05.000000,00.000000,00.000000
3014.351,05.858726,-12.000000,10.000000,-05.000000,00.000000,00.000000
3014.368,05.761080,-12.000000,10.000000,-05.000000,00.000000,00.000000
3014.384,05.663435,-12.000000,10.000000,-05.000000,00.000000,00.000000
3014.418,05.565790,-12.000000,10.000000,-05.000000,00.000000,00.000000
3014.434,05.468144,-12.000000,10.000000,-05.000000,00.000000,00.000000
3014.451,05.370499,-12.000000,10.000000,-05.000000,00.000000,00.000000
3014.468,05.272854,-12.000000,10.000000,-05.000000,00.000000,00.000000
3014.484,05.175209,-12.000000,10.000000,-05.000000,00.000000,00.000000
3014.518,05.077563,-12.000000,10.000000,-05.000000,00.000000,00.000000
3014.534,04.979918,-12.000000,10.000000,-05.000000,00.000000,00.000000
3014.551,04.882273,-12.000000,10.000000,-05.000000,00.000000,00.000000
3014.568,04.784627,-12.000000,10.000000,-05.000000,00.000000,00.000000
3014.584,04.686982,-12.000000,10.000000,-05.000000,00.000000,00.000000
3014.618,04.589337,-12.000000,10.000000,-05.000000,00.000000,00.000000
3014.634,04.491692,-12.000000,10.000000,-05.000000,00.000000,00.000000
3014.651,04.394046,-12.000000,10.000000,-05.000000,00.000000,00.000000
3014.668,04.296401,-12.000000,10.000000,-05.000000,00.000000,00.000000
3014.684,04.198756,-12.000000,10.000000,-05.000000,00.000000,00.000000
3014.718,04.101110,-12.000000,10.000000,-05.000000,00.000000,00.000000
3014.734,04.003465,-12.000000,10.000000,-05.000000,00.000000,00.000000
3014.751,03.905820,-12.000000,10.000000,-05.000000,00.000000,00.000000
3014.768,03.808174,-12.000000,10.000000,-05.000000,00.000000,00.000000
3014.784,03.710529,-12.000000,10.000000,-05.000000,00.000000,00.000000
3014.818,03.612883,-12.000000,10.000000,-05.000000,00.000000,00.000000
3014.834,03.515238,-12.000000,10.000000,-05.000000,00.000000,00.000000
3014.851,03.417592,-12.000000,10.000000,-05.000000,00.000000,00.000000
3014.868,03.319947,-12.000000,10.000000,-05.000000,00.000000,00.000000
3014.884,03.222301,-12.000000,10.000000,-05.000000,00.000000,00.000000
3014.917,03.124655,-12.000000,10.000000,-05.000000,00.000000,00.000000
3014.934,03.027010,-12.000000,10.000000,-05.000000,00.000000,00.000000
3014.951,02.929364,-12.000000,10.000000,-05.000000,00.000000,00.000000
3014.968,02.831719,-12.000000,10.000000,-05.000000,00.000000,00.000000
3014.984,02.734073,-12.000000,10.000000,-05.000000,00.000000,00.000000
3015.018,02.636428,-12.000000,10.000000,-05.000000,00.000000,00.000000
3015.034,02.538782,-12.000000,10.000000,-05.000000,00.000000,00.000000
3015.051,02.441137,-12.000000,10.000000,-05.000000,00.000000,00.000000
3015.068,02.343491,-12.000000,10.000000,-05.000000,00.000000,00.000000
3015.084,02.245846,-12.000000,10.000000,-05.000000,00.000000,00.000000
3015.118,02.148200,-12.000000,10.000000,-05.000000,00.000000,00.000000
3015.135,02.050555,-12.000000,10.000000,-05.000000,00.000000,00.000000
3015.151,01.952909,-12.000000,10.000000,-05.000000,00.000000,00.000000
3015.168,01.855264,-12.000000,10.000000,-05.000000,00.000000,00.000000
3015.184,01.757619,-12.000000,10.000000,-05.000000,00.000000,00.000000
3015.218,01.659973,-12.000000,10.000000,-05.000000,00.000000,00.000000
3015.234,01.562328,-12.000000,10.000000,-05.000000,00.000000,00.000000
3015.251,01.464682,-12.000000,10.000000,-05.000000,00.000000,00.000000
3015.268,01.367037,-12.000000,10.000000,-05.000000,00.000000,00.000000
3015.284,01.269392,-12.000000,10.000000,-05.000000,00.000000,00.000000
3015.318,01.171746,-12.000000,10.000000,-05.000000,00.000000,00.000000
3015.334,01.074101,-12.000000,10.000000,-05.000000,00.000000,00.000000
3015.351,00.976455,-12.000000,10.000000,-05.000000,00.000000,00.000000
3015.368,00.878810,-12.000000,10.000000,-05.000000,00.000000,00.000000
3015.384,00.781165,-12.000000,10.000000,-05.000000,00.000000,00.000000
3015.418,00.683519,-12.000000,10.000000,-05.000000,00.000000,00.000000
3015.434,00.585874,-12.000000,10.000000,-05.000000,00.000000,00.000000
3015.451,00.488228,-12.000000,10.000000,-05.000000,00.000000,00.000000
3015.467,00.390583,-12.000000,10.000000,-05.000000,00.000000,00.000000
3015.484,00.292937,-12.000000,10.000000,-05.000000,00.000000,00.000000
3015.518,00.195292,-12.000000,10.000000,-05.000000,00.000000,00.000000
3015.534,00.097647,-12.000000,10.000000,-05.000000,00.000000,00.000000
3015.551,00.000001,-12.000000,10.000000,-05.000000,00.000000,00.000000
3015.568,-00.097644,-12.000000,10.000000,-05.000000,00.000000,00.000000
3015.585,-00.195290,-12.000000,10.000000,-05.000000,00.000000,00.000000
3015.618,-00.292935,-12.000000,10.000000,-05.000000,00.000000,00.000000
3015.634,-00.390581,-12.000000,10.000000,-05.000000,00.000000,00.000000
3015.651,-00.488226,-12.000000,10.000000,-05.000000,00.000000,00.000000
3015.668,-00.585871,-12.000000,10.000000,-05.000000,00.000000,00.000000
3015.684,-00.683517,-12.000000,10.000000,-05.000000,00.000000,00.000000
3015.718,-00.781162,-12.000000,10.000000,-05.000000,00.000000,00.000000
3015.735,-00.878808,-12.000000,10.000000,-05.000000,00.000000,00.000000
3015.751,-00.976453,-12.000000,10.000000,-05.000000,00.000000,00.000000
3015.768,-01.074098,-12.000000,10.000000,-05.000000,00.000000,00.000000
3015.784,-01.171744,-12.000000,10.000000,-05.000000,00.000000,00.000000
3015.818,-01.269389,-12.000000,10.000000,-05.000000,00.000000,00.000000
3015.834,-01.367035,-12.000000,10.000000,-05.000000,00.000000,00.000000
3015.851,-01.464680,-12.000000,10.000000,-05.000000,00.000000,00.000000
3015.868,-01.562325,-12.000000,10.000000,-05.000000,00.000000,00.000000
3015.884,-01.659971,-12.000000,10.000000,-05.000000,00.000000,00.000000
3015.918,-01.757616,-12.000000,10.000000,-05.000000,00.000000,00.000000
3015.934,-01.855262,-12.000000,10.000000,-05.000000,00.000000,00.000000
3015.951,-01.952907,-12.000000,10.000000,-05.000000,00.000000,00.000000
3015.968,-02.050553,-12.000000,10.000000,-05.000000,00.000000,00.000000
3015.984,-02.148198,-12.000000,10.000000,-05.000000,00.000000,00.000000
3016.018,-02.245844,-12.000000,10.000000,-05.000000,00.000000,00.000000
3016.034,-02.343489,-12.000000,10.000000,-05.000000,00.000000,00.000000
3016.051,-02.441135,-12.000000,10.000000,-05.000000,00.000000,00.000000
3016.068,-02.538780,-12.000000,10.000000,-05.000000,00.000000,00.000000
3016.084,-02.636426,-12.000000,10.000000,-05.000000,00.000000,00.000000
3016.118,-02.734071,-12.000000,10.000000,-05.000000,00.000000,00.000000
3016.134,-02.831717,-12.000000,10.000000,-05.000000,00.000000,00.000000
3016.151,-02.929362,-12.000000,10.000000,-05.000000,00.000000,00.000000
3016.168,-03.027008,-12.000000,10.000000,-05.000000,00.000000,00.000000
3016.184,-03.124653,-12.000000,10.000000,-05.000000,00.000000,00.000000
3016.218,-03.222299,-12.000000,10.000000,-05.000000,00.000000,00.000000
3016.234,-03.319944,-12.000000,10.000000,-05.000000,00.000000,00.000000
3016.251,-03.417590,-12.000000,10.000000,-05.000000,00.000000,00.000000
3016.268,-03.515235,-12.000000,10.000000,-05.000000,00.000000,00.000000
3016.284,-03.612881,-12.000000,10.000000,-05.000000,00.000000,00.000000
3016.318,-03.710526,-12.000000,10.000000,-05.000000,00.000000,00.000000
3016.334,-03.808172,-12.000000,10.000000,-05.000000,00.000000,00.000000
3016.351,-03.905818,-12.000000,10.000000,-05.000000,00.000000,00.000000
3016.368,-04.003463,-12.000000,10.000000,-05.000000,00.000000,00.000000
3016.384,-04.101108,-12.000000,10.000000,-05.000000,00.000000,00.000000
3016.418,-04.198753,-12.000000,10.000000,-05.000000,00.000000,00.000000
3016.434,-04.296399,-12.000000,10.000000,-05.000000,00.000000,00.000000
3016.451,-04.394044,-12.000000,10.000000,-05.000000,00.000000,00.000000
3016.468,-04.491689,-12.000000,10.000000,-05.000000,00.000000,00.000000
3016.484,-04.589334,-12.000000,10.000000,-05.000000,00.000000,00.000000
3016.518,-04.686980,-12.000000,10.000000,-05.000000,00.000000,00.000000
3016.534,-04.784625,-12.000000,10.000000,-05.000000,00.000000,00.000000
3016.551,-04.882270,-12.000000,10.000000,-05.000000,00.000000,00.000000
3016.568,-04.979916,-12.000000,10.000000,-05.000000,00.000000,00.000000
3016.584,-05.077561,-12.000000,10.000000,-05.000000,00.000000,00.000000
3016.618,-05.175206,-12.000000,10.000000,01.000000,00.000000,00.000000
3016.634,-05.157561,-12.000000,10.000000,01.882280,00.000000,00.000000
3016.651,-05.122270,-12.000000,10.000000,02.764560,00.000000,00.000000
3016.668,-05.069333,-12.000000,10.000000,03.646840,00.000000,00.000000
3016.684,-04.998751,-12.000000,10.000000,04.529120,00.000000,00.000000
3016.718,-04.910523,-12.000000,10.000000,05.000000,00.000000,00.000000
3016.734,-04.812878,-12.000000,10.000000,05.000000,00.000000,00.000000
3016.751,-04.715232,-12.000000,10.000000,05.000000,00.000000,00.000000
3016.768,-04.617587,-12.000000,10.000000,05.000000,00.000000,00.000000
3016.784,-04.519942,-12.000000,10.000000,05.000000,00.000000,00.000000
3016.818,-04.422297,-12.000000,10.000000,05.000000,00.000000,00.000000
3016.834,-04.324651,-12.000000,10.000000,05.000000,00.000000,00.000000
3016.851,-04.227006,-12.000000,10.000000,05.000000,00.000000,00.000000
3016.868,-04.129361,-12.000000,10.000000,05.000000,00.000000,00.000000
3016.884,-04.031715,-12.000000,10.000000,05.000000,00.000000,00.000000
3016.918,-03.934070,-12.000000,10.000000,05.000000,00.000000,00.000000
3016.934,-03.836424,-12.000000,10.000000,05.000000,00.000000,00.000000
3016.951,-03.738779,-12.000000,10.000000,05.000000,00.000000,00.000000
3016.968,-03.641133,-12.000000,10.000000,05.000000,00.000000,00.000000
3016.984,-03.543488,-12.000000,10.000000,05.000000,00.000000,00.000000
3017.018,-03.445842,-12.000000,10.000000,05.000000,00.000000,00.000000
3017.034,-03.348197,-12.000000,10.000000,05.000000,00.000000,00.000000
3017.051,-03.250551,-12.000000,10.000000,05.000000,00.000000,00.000000
3017.068,-03.152906,-12.000000,10.000000,05.000000,00.000000,00.000000
3017.084,-03.055260,-12.000000,10.000000,05.000000,00.000000,00.000000
3017.118,-02.957615,-12.000000,10.000000,05.000000,00.000000,00.000000
3017.134,-02.859969,-12.000000,10.000000,05.000000,00.000000,00.000000
3017.151,-02.762324,-12.000000,10.000000,05.000000,00.000000,00.000000
3017.168,-02.664678,-12.000000,10.000000,05.000000,00.000000,00.000000
3017.184,-02.567033,-12.000000,10.000000,05.000000,00.000000,00.000000
3017.218,-02.469387,-12.000000,10.000000,05.000000,00.000000,00.000000
3017.234,-02.371742,-12.000000,10.000000,05.000000,00.000000,00.000000
3017.251,-02.274096,-12.000000,10.000000,05.000000,00.000000,00.000000
3017.268,-02.176450,-12.000000,10.000000,05.000000,00.000000,00.000000
3017.284,-02.078805,-12.000000,10.000000,05.000000,00.000000,00.000000
3017.318,-01.981160,-12.000000,10.000000,05.000000,00.000000,00.000000
3017.334,-01.883514,-12.000000,10.000000,05.000000,00.000000,00.000000
3017.351,-01.785869,-12.000000,10.000000,05.000000,00.000000,00.000000
3017.368,-01.688223,-12.000000,10.000000,05.000000,00.000000,00.000000
3017.384,-01.590578,-12.000000,10.000000,05.000000,00.000000,00.000000
3017.418,-01.492933,-12.000000,10.000000,05.000000,00.000000,00.000000
3017.435,-01.395287,-12.000000,10.000000,05.000000,00.000000,00.000000
3017.451,-01.297642,-12.000000,10.000000,05.000000,00.000000,00.000000
3017.468,-01.199996,-12.000000,10.000000,05.000000,00.000000,00.000000
3017.484,-01.102351,-12.000000,10.000000,05.000000,00.000000,00.000000
3017.518,-01.004706,-12.000000,10.000000,05.000000,00.000000,00.000000
3017.534,-00.907060,-12.000000,10.000000,05.000000,00.000000,00.000000
3017.551,-00.809415,-12.000000,10.000000,05.000000,00.000000,00.000000
3017.568,-00.711769,-12.000000,10.000000,05.000000,00.000000,00.000000
3017.584,-00.614124,-12.000000,10.000000,05.000000,00.000000,00.000000
3017.618,-00.516479,-12.000000,10.000000,05.000000,00.000000,00.000000
3017.634,-00.418833,-12.000000,10.000000,05.000000,00.000000,00.000000
3017.651,-00.321188,-12.000000,10.000000,05.000000,00.000000,00.000000
3017.668,-00.223542,-12.000000,10.000000,05.000000,00.000000,00.000000
3017.684,-00.125897,-12.000000,10.000000,05.000000,00.000000,00.000000
3017.718,-00.028251,-12.000000,10.000000,05.000000,00.000000,00.000000
3017.734,00.069394,-12.000000,10.000000,05.000000,00.000000,00.000000
3017.751,00.167040,-12.000000,10.000000,05.000000,00.000000,00.000000
3017.768,00.264685,-12.000000,10.000000,05.000000,00.000000,00.000000
3017.785,00.362330,-12.000000,10.000000,05.000000,00.000000,00.000000
3017.818,00.459976,-12.000000,10.000000,05.000000,00.000000,00.000000
3017.834,00.557621,-12.000000,10.000000,05.000000,00.000000,00.000000
3017.851,00.655267,-12.000000,10.000000,05.000000,00.000000,00.000000
3017.868,00.752912,-12.000000,10.000000,05.000000,00.000000,00.000000
3017.884,00.850557,-12.000000,10.000000,05.000000,00.000000,00.000000
3017.918,00.948203,-12.000000,10.000000,05.000000,00.000000,00.000000
3017.934,01.045848,-12.000000,10.000000,05.000000,00.000000,00.000000
3017.951,01.143494,-12.000000,10.000000,05.000000,00.000000,00.000000
3017.968,01.241139,-12.000000,10.000000,05.000000,00.000000,00.000000
3017.984,01.338784,-12.000000,10.000000,05.000000,00.000000,00.000000
3018.018,01.436430,-12.000000,10.000000,05.000000,00.000000,00.000000
3018.034,01.534075,-12.000000,10.000000,05.000000,00.000000,00.000000
3018.051,01.631721,-12.000000,10.000000,05.000000,00.000000,00.000000
3018.068,01.729366,-12.000000,10.000000,05.000000,00.000000,00.000000
3018.084,01.827011,-12.000000,10.000000,05.000000,00.000000,00.000000
3018.118,01.924657,-12.000000,10.000000,05.000000,00.000000,00.000000
3018.134,02.022302,-12.000000,10.000000,05.000000,00.000000,00.000000
3018.151,02.119948,-12.000000,10.000000,05.000000,00.000000,00.000000
3018.168,02.217593,-12.000000,10.000000,05.000000,00.000000,00.000000
3018.184,02.315239,-12.000000,10.000000,05.000000,00.000000,00.000000
3018.218,02.412884,-12.000000,10.000000,05.000000,00.000000,00.000000
3018.234,02.510530,-12.000000,10.000000,05.000000,00.000000,00.000000
3018.251,02.608176,-12.000000,10.000000,05.000000,00.000000,00.000000
3018.268,02.705821,-12.000000,10.000000,05.000000,00.000000,00.000000
3018.284,02.803467,-12.000000,10.000000,05.000000,00.000000,00.000000
3018.318,02.901112,-12.000000,10.000000,05.000000,00.000000,00.000000
3018.334,02.998758,-12.000000,10.000000,05.000000,00.000000,00.000000
3018.351,03.096403,-12.000000,10.000000,05.000000,00.000000,00.000000
3018.368,03.194049,-12.000000,10.000000,05.000000,00.000000,00.000000
3018.385,03.291694,-12.000000,10.000000,05.000000,00.000000,00.000000
3018.418,03.389340,-12.000000,10.000000,05.000000,00.000000,00.000000
3018.434,03.486985,-12.000000,10.000000,05.000000,00.000000,00.000000
3018.451,03.584631,-12.000000,10.000000,05.000000,00.000000,00.000000
3018.468,03.682276,-12.000000,10.000000,05.000000,00.000000,00.000000
3018.485,03.779922,-12.000000,10.000000,05.000000,00.000000,00.000000
3018.518,03.877567,-12.000000,10.000000,05.000000,00.000000,00.000000
3018.534,03.975213,-12.000000,10.000000,05.000000,00.000000,00.000000
3018.551,04.072858,-12.000000,10.000000,05.000000,00.000000,00.000000
3018.568,04.170504,-12.000000,10.000000,05.000000,00.000000,00.000000
3018.584,04.268149,-12.000000,10.000000,05.000000,00.000000,00.000000
3018.618,04.365794,-12.000000,10.000000,05.000000,00.000000,00.000000
3018.634,04.463439,-12.000000,10.000000,05.000000,00.000000,00.000000
3018.651,04.561085,-12.000000,10.000000,05.000000,00.000000,00.000000
3018.668,04.658730,-12.000000,10.000000,05.000000,00.000000,00.000000
3018.685,04.756375,-12.000000,10.000000,05.000000,00.000000,00.000000
3018.718,04.854021,-12.000000,10.000000,05.000000,00.000000,00.000000
3018.734,04.951666,-12.000000,10.000000,05.000000,00.000000,00.000000
3018.751,05.049311,-12.000000,10.000000,05.000000,00.000000,00.000000
3018.768,05.146956,-12.000000,10.000000,05.000000,00.000000,00.000000
3018.784,05.244602,-12.000000,10.000000,05.000000,00.000000,00.000000
3018.818,05.342247,-12.000000,10.000000,05.000000,00.000000,00.000000
3018.834,05.439892,-12.000000,10.000000,05.000000,00.000000,00.000000
3018.851,05.537538,-12.000000,10.000000,05.000000,00.000000,00.000000
3018.868,05.635183,-12.000000,10.000000,05.000000,00.000000,00.000000
3018.884,05.732828,-12.000000,10.000000,05.000000,00.000000,00.000000
3018.918,05.830473,-12.000000,10.000000,05.000000,00.000000,00.000000
3018.935,05.928119,-12.000000,10.000000,05.000000,00.000000,00.000000
3018.951,06.025764,-12.000000,10.000000,05.000000,00.000000,00.000000
3018.968,06.123409,-12.000000,10.000000,05.000000,00.000000,00.000000
3018.984,06.221055,-12.000000,10.000000,05.000000,00.000000,00.000000
3019.018,06.318700,-12.000000,10.000000,05.000000,00.000000,00.000000
3019.034,06.416345,-12.000000,10.000000,05.000000,00.000000,00.000000
3019.051,06.513990,-12.000000,10.000000,05.000000,00.000000,00.000000
3019.068,06.611636,-12.000000,10.000000,05.000000,00.000000,00.000000
3019.084,06.709281,-12.000000,10.000000,05.000000,00.000000,00.000000
3019.118,06.806926,-12.000000,10.000000,05.000000,00.000000,00.000000
3019.134,06.904572,-12.000000,10.000000,05.000000,00.000000,00.000000
3019.151,07.002217,-12.000000,10.000000,05.000000,00.000000,00.000000
3019.168,07.099862,-12.000000,10.000000,05.000000,00.000000,00.000000
3019.184,07.197507,-12.000000,10.000000,05.000000,00.000000,00.000000
3019.218,07.295153,-12.000000,10.000000,05.000000,00.000000,00.000000
3019.234,07.392798,-12.000000,10.000000,05.000000,00.000000,00.000000
3019.251,07.490443,-12.000000,10.000000,05.000000,00.000000,00.000000
3019.268,07.588089,-12.000000,10.000000,05.000000,00.000000,00.000000
3019.285,07.685734,-12.000000,10.000000,05.000000,00.000000,00.000000
3019.318,07.783379,-12.000000,10.000000,05.000000,00.000000,00.000000
3019.334,07.881024,-12.000000,10.000000,05.000000,00.000000,00.000000
3019.351,07.978670,-12.000000,10.000000,05.000000,00.000000,00.000000
3019.368,08.076315,-12.000000,10.000000,05.000000,00.000000,00.000000
3019.385,08.173961,-12.000000,10.000000,05.000000,00.000000,00.000000
3019.418,08.271606,-12.000000,10.000000,05.000000,00.000000,00.000000
3019.435,08.369252,-12.000000,10.000000,05.000000,00.000000,00.000000
3019.451,08.466898,-12.000000,10.000000,05.000000,00.000000,00.000000
3019.468,08.564544,-12.000000,10.000000,05.000000,00.000000,00.000000
3019.485,08.662189,-12.000000,10.000000,05.000000,00.000000,00.000000
3019.518,08.759835,-12.000000,10.000000,05.000000,00.000000,00.000000
3019.535,08.857481,-12.000000,10.000000,05.000000,00.000000,00.000000
3019.551,08.955127,-12.000000,10.000000,05.000000,00.000000,00.000000
3019.568,09.052773,-12.000000,10.000000,05.000000,00.000000,00.000000
3019.585,09.150418,-12.000000,10.000000,05.000000,00.000000,00.000000
3019.619,09.248064,-12.000000,10.000000,05.000000,00.000000,00.000000
3019.634,09.345710,-12.000000,10.000000,05.000000,00.000000,00.000000
3019.651,09.443356,-12.000000,10.000000,05.000000,00.000000,00.000000
3019.668,09.541001,-12.000000,10.000000,05.000000,00.000000,00.000000
3019.684,09.638647,-12.000000,10.000000,05.000000,00.000000,00.000000
3019.718,09.736293,-12.000000,10.000000,05.000000,00.000000,00.000000
3019.734,09.833939,-12.000000,10.000000,05.000000,00.000000,00.000000
3019.751,09.931584,-12.000000,10.000000,05.000000,00.000000,00.000000
3019.768,10.029230,-12.000000,10.000000,05.000000,00.000000,00.000000
3019.784,10.126880,-12.000000,10.000000,-01.000000,00.000000,00.000000
3019.818,10.109230,-12.000000,10.000000,-01.882280,00.000000,00.000000
3019.834,10.073940,-12.000000,10.000000,-02.764560,00.000000,00.000000
3019.851,10.021000,-12.000000,10.000000,-03.646840,00.000000,00.000000
3019.868,09.950420,-12.000000,10.000000,-04.529120,00.000000,00.000000
3019.885,09.862192,-12.000000,10.000000,-05.000000,00.000000,00.000000
3019.918,09.764546,-12.000000,10.000000,-05.000000,00.000000,00.000000
3019.935,09.666901,-12.000000,10.000000,-05.000000,00.000000,00.000000
3019.951,09.569255,-12.000000,10.000000,-05.000000,00.000000,00.000000
3019.968,09.471609,-12.000000,10.000000,-05.000000,00.000000,00.000000
3019.985,09.373963,-12.000000,10.000000,-05.000000,00.000000,00.000000
3020.018,09.276318,-12.000000,10.000000,-05.000000,00.000000,00.000000
3020.035,09.178672,-12.000000,10.000000,-05.000000,00.000000,00.000000
3020.051,09.081026,-12.000000,10.000000,-05.000000,00.000000,00.000000
3020.068,08.983380,-12.000000,10.000000,-05.000000,00.000000,00.000000
3020.085,08.885735,-12.000000,10.000000,-05.000000,00.000000,00.000000
3020.118,08.788089,-12.000000,10.000000,-05.000000,00.000000,00.000000
3020.134,08.690443,-12.000000,10.000000,-05.000000,00.000000,00.000000
3020.151,08.592797,-12.000000,10.000000,-05.000000,00.000000,00.000000
3020.168,08.495152,-12.000000,10.000000,-05.000000,00.000000,00.000000
3020.185,08.397506,-12.000000,10.000000,-05.000000,00.000000,00.000000
3020.218,08.299860,-12.000000,10.000000,-05.000000,00.000000,00.000000
3020.235,08.202214,-12.000000,10.000000,-05.000000,00.000000,00.000000
3020.251,08.104568,-12.000000,10.000000,-05.000000,00.000000,00.000000
3020.268,08.006923,-12.000000,10.000000,-05.000000,00.000000,00.000000
3020.285,07.909277,-12.000000,10.000000,-05.000000,00.000000,00.000000
3020.305,07.811632,-12.000000,10.000000,-05.000000,00.000000,00.000000
3020.335,07.713987,-12.000000,10.000000,-05.000000,00.000000,00.000000
3020.351,07.616342,-12.000000,10.000000,-05.000000,00.000000,00.000000
3020.368,07.518696,-12.000000,10.000000,-05.000000,00.000000,00.000000
3020.384,07.421051,-12.000000,10.000000,-05.000000,00.000000,00.000000
3020.418,07.323406,-12.000000,10.000000,-05.000000,00.000000,00.000000
3020.435,07.225760,-12.000000,10.000000,-05.000000,00.000000,00.000000
3020.451,07.128115,-12.000000,10.000000,-05.000000,00.000000,00.000000
3020.468,07.030470,-12.000000,10.000000,-05.000000,00.000000,00.000000
3020.485,06.932825,-12.000000,10.000000,-05.000000,00.000000,00.000000
3020.518,06.835179,-12.000000,10.000000,-05.000000,00.000000,00.000000
3020.535,06.737534,-12.000000,10.000000,-05.000000,00.000000,00.000000
3020.551,06.639889,-12.000000,10.000000,-05.000000,00.000000,00.000000
3020.568,06.542243,-12.000000,10.000000,-05.000000,00.000000,00.000000
3020.585,06.444598,-12.000000,10.000000,-05.000000,00.000000,00.000000
3020.618,06.346953,-12.000000,10.000000,-05.000000,00.000000,00.000000
3020.635,06.249308,-12.000000,10.000000,-05.000000,00.000000,00.000000
3020.651,06.151662,-12.000000,10.000000,-05.000000,00.000000,00.000000
3020.668,06.054017,-12.000000,10.000000,-05.000000,00.000000,00.000000
3020.685,05.956372,-12.000000,10.000000,-05.000000,00.000000,00.000000
3020.718,05.858727,-12.000000,10.000000,-05.000000,00.000000,00.000000
3020.735,05.761081,-12.000000,10.000000,-05.000000,00.000000,00.000000
3020.751,05.663436,-12.000000,10.000000,-05.000000,00.000000,00.000000
3020.768,05.565791,-12.000000,10.000000,-05.000000,00.000000,00.000000
3020.785,05.468145,-12.000000,10.000000,-05.000000,00.000000,00.000000
3020.818,05.370500,-12.000000,10.000000,-05.000000,00.000000,00.000000
3020.835,05.272855,-12.000000,10.000000,-05.000000,00.000000,00.000000
3020.851,05.175210,-12.000000,10.000000,-05.000000,00.000000,00.000000
3020.868,05.077564,-12.000000,10.000000,-05.000000,00.000000,00.000000
3020.885,04.979919,-12.000000,10.000000,-05.000000,00.000000,00.000000
3020.918,04.882274,-12.000000,10.000000,-05.000000,00.000000,00.000000
3020.935,04.784628,-12.000000,10.000000,-05.000000,00.000000,00.000000
3020.951,04.686983,-12.000000,10.000000,-05.000000,00.000000,00.000000
3020.968,04.589338,-12.000000,10.000000,-05.000000,00.000000,00.000000
3020.985,04.491693,-12.000000,10.000000,-05.000000,00.000000,00.000000
3021.018,04.394047,-12.000000,10.000000,-05.000000,00.000000,00.000000
3021.035,04.296402,-12.000000,10.000000,-05.000000,00.000000,00.000000
3021.052,04.198757,-12.000000,10.000000,-05.000000,00.000000,00.000000
3021.068,04.101111,-12.000000,10.000000,-05.000000,00.000000,00.000000
3021.085,04.003466,-12.000000,10.000000,-05.000000,00.000000,00.000000
3021.118,03.905821,-12.000000,10.000000,-05.000000,00.000000,00.000000
3021.134,03.808175,-12.000000,10.000000,-05.000000,00.000000,00.000000
3021.151,03.710530,-12.000000,10.000000,-05.000000,00.000000,00.000000
3021.168,03.612884,-12.000000,10.000000,-05.000000,00.000000,00.000000
3021.184,03.515239,-12.000000,10.000000,-05.000000,00.000000,00.000000
3021.218,03.417593,-12.000000,10.000000,-05.000000,00.000000,00.000000
3021.235,03.319947,-12.000000,10.000000,-05.000000,00.000000,00.000000
3021.251,03.222302,-12.000000,10.000000,-05.000000,00.000000,00.000000
3021.268,03.124656,-12.000000,10.000000,-05.000000,00.000000,00.000000
3021.285,03.027011,-12.000000,10.000000,-05.000000,00.000000,00.000000
3021.318,02.929365,-12.000000,10.000000,-05.000000,00.000000,00.000000
3021.335,02.831720,-12.000000,10.000000,-05.000000,00.000000,00.000000
3021.351,02.734074,-12.000000,10.000000,-05.000000,00.000000,00.000000
3021.368,02.636429,-12.000000,10.000000,-05.000000,00.000000,00.000000
3021.385,02.538783,-12.000000,10.000000,-05.000000,00.000000,00.000000
3021.418,02.441138,-12.000000,10.000000,-05.000000,00.000000,00.000000
3021.435,02.343492,-12.000000,10.000000,-05.000000,00.000000,00.000000
3021.451,02.245847,-12.000000,10.000000,-05.000000,00.000000,00.000000
3021.468,02.148201,-12.000000,10.000000,-05.000000,00.000000,00.000000
3021.485,02.050556,-12.000000,10.000000,-05.000000,00.000000,00.000000
3021.518,01.952910,-12.000000,10.000000,-05.000000,00.000000,00.000000
3021.535,01.855265,-12.000000,10.000000,-05.000000,00.000000,00.000000
3021.551,01.757620,-12.000000,10.000000,-05.000000,00.000000,00.000000
3021.568,01.659974,-12.000000,10.000000,-05.000000,00.000000,00.000000
3021.585,01.562329,-12.000000,10.000000,-05.000000,00.000000,00.000000
3021.618,01.464683,-12.000000,10.000000,-05.000000,00.000000,00.000000
3021.635,01.367038,-12.000000,10.000000,-05.000000,00.000000,00.000000
3021.651,01.269392,-12.000000,10.000000,-05.000000,00.000000,00.000000
3021.668,01.171747,-12.000000,10.000000,-05.000000,00.000000,00.000000
3021.685,01.074102,-12.000000,10.000000,-05.000000,00.000000,00.000000
3021.718,00.976456,-12.000000,10.000000,-05.000000,00.000000,00.000000
3021.735,00.878811,-12.000000,10.000000,-05.000000,00.000000,00.000000
3021.751,00.781166,-12.000000,10.000000,-05.000000,00.000000,00.000000
