3090.394,0.0,-12.0,10.0,0.0,0.0,0.0
3090.427,0.0,-12.0,10.0,0.0,0.0,0.0
3090.474,0.024219,-12.0,10.0,0.88228,0.0,0.0
3090.5,0.230984,-12.0,10.0,3.52912,0.0,0.0
3090.532,0.270142,-12.0,10.0,4.4114,0.0,0.0
3090.566,0.417568,-12.0,10.0,4.88228,0.0,0.0
3090.6,0.581057,-12.0,10.0,4.88228,0.0,0.0
3090.632,0.747878,-12.0,10.0,4.88228,0.0,0.0
3090.666,0.907392,-12.0,10.0,4.88228,0.0,0.0
3090.7,1.071903,-12.0,10.0,4.88228,0.0,0.0
3090.733,1.239142,-12.0,10.0,4.88228,0.0,0.0
3090.768,1.400686,-12.0,10.0,4.88228,0.0,0.0
3090.801,1.567802,-12.0,10.0,4.88228,0.0,0.0
3090.835,1.731557,-12.0,10.0,4.88228,0.0,0.0
3090.868,1.894796,-12.0,10.0,4.88228,0.0,0.0
3090.901,2.053295,-12.0,10.0,4.88228,0.0,0.0
3090.934,2.218789,-12.0,10.0,4.88228,0.0,0.0
3090.968,2.381504,-12.0,10.0,4.88228,0.0,0.0
3091.001,2.545165,-12.0,10.0,4.88228,0.0,0.0
3091.036,2.710312,-12.0,10.0,4.88228,0.0,0.0
3091.069,2.877498,-12.0,10.0,4.88228,0.0,0.0
3091.103,3.041226,-12.0,10.0,4.88228,0.0,0.0
3091.137,3.207095,-12.0,10.0,4.88228,0.0,0.0
3091.17,3.369414,-12.0,10.0,4.88228,0.0,0.0
3091.203,3.532451,-12.0,10.0,4.88228,0.0,0.0
3091.238,3.697891,-12.0,10.0,4.88228,0.0,0.0
3091.27,3.860376,-12.0,10.0,4.88228,0.0,0.0
3091.304,4.024305,-12.0,10.0,4.88228,0.0,0.0
3091.338,4.190711,-12.0,10.0,4.88228,0.0,0.0
3091.37,4.353552,-12.0,10.0,4.88228,0.0,0.0
3091.405,4.51251,-12.0,10.0,4.88228,0.0,0.0
3091.438,4.678861,-12.0,10.0,4.88228,0.0,0.0
3091.471,4.84158,-12.0,10.0,4.88228,0.0,0.0
3091.504,5.001517,-12.0,10.0,4.88228,0.0,0.0
3091.538,5.167359,-12.0,10.0,4.88228,0.0,0.0
3091.571,5.329029,-12.0,10.0,4.88228,0.0,0.0
3091.605,5.489157,-12.0,10.0,4.88228,0.0,0.0
3091.639,5.654281,-12.0,10.0,4.88228,0.0,0.0
3091.671,5.82186,-12.0,10.0,4.88228,0.0,0.0
3091.706,5.985754,-12.0,10.0,4.88228,0.0,0.0
3091.74,6.151512,-12.0,10.0,4.88228,0.0,0.0
3091.772,6.315272,-12.0,10.0,4.88228,0.0,0.0
3091.806,6.474302,-12.0,10.0,4.88228,0.0,0.0
3091.84,6.638111,-12.0,10.0,4.88228,0.0,0.0
3091.872,6.80239,-12.0,10.0,4.88228,0.0,0.0
3091.906,6.963593,-12.0,10.0,4.88228,0.0,0.0
3091.941,7.129053,-12.0,10.0,4.88228,0.0,0.0
3091.973,7.294641,-12.0,10.0,4.88228,0.0,0.0
3092.008,7.455164,-12.0,10.0,4.88228,0.0,0.0
3092.041,7.622153,-12.0,10.0,4.88228,0.0,0.0
3092.075,7.784458,-12.0,10.0,4.88228,0.0,0.0
3092.108,7.949013,-12.0,10.0,4.88228,0.0,0.0
3092.142,8.109088,-12.0,10.0,4.88228,0.0,0.0
3092.175,8.275505,-12.0,10.0,4.88228,0.0,0.0
3092.208,8.437874,-12.0,10.0,4.88228,0.0,0.0
3092.242,8.601793,-12.0,10.0,4.88228,0.0,0.0
3092.276,8.766175,-12.0,10.0,4.88228,0.0,0.0
3092.308,8.934366,-12.0,10.0,4.88228,0.0,0.0
3092.342,9.091693,-12.0,10.0,4.88228,0.0,0.0
3092.376,9.256573,-12.0,10.0,4.88228,0.0,0.0
3092.409,9.419488,-12.0,10.0,4.88228,0.0,0.0
3092.443,9.582014,-12.0,10.0,4.88228,0.0,0.0
3092.478,9.749164,-12.0,10.0,4.88228,0.0,0.0
3092.51,9.915673,-12.0,10.0,4.88228,0.0,0.0
3092.543,10.07518,-12.0,10.0,4.88228,0.0,0.0
3092.577,10.10637,-12.0,10.0,-0.88228,0.0,0.0
3092.611,10.04437,-12.0,10.0,-1.76456,0.0,0.0
3092.644,9.917323,-12.0,10.0,-3.52912,0.0,0.0
3092.677,9.747262,-12.0,10.0,-4.88228,0.0,0.0
3092.71,9.585899,-12.0,10.0,-4.88228,0.0,0.0
3092.744,9.424253,-12.0,10.0,-4.88228,0.0,0.0
3092.778,9.259804,-12.0,10.0,-4.88228,0.0,0.0
3092.811,9.092552,-12.0,10.0,-4.88228,0.0,0.0
3092.844,8.934165,-12.0,10.0,-4.88228,0.0,0.0
3092.878,8.769065,-12.0,10.0,-4.88228,0.0,0.0
3092.911,8.605883,-12.0,10.0,-4.88228,0.0,0.0
3092.945,8.446011,-12.0,10.0,-4.88228,0.0,0.0
3092.978,8.280905,-12.0,10.0,-4.88228,0.0,0.0
3093.011,8.117602,-12.0,10.0,-4.88228,0.0,0.0
3093.045,7.95615,-12.0,10.0,-4.88228,0.0,0.0
3093.078,7.789096,-12.0,10.0,-4.88228,0.0,0.0
3093.112,7.626712,-12.0,10.0,-4.88228,0.0,0.0
3093.146,7.4613,-12.0,10.0,-4.88228,0.0,0.0
3093.179,7.293775,-12.0,10.0,-4.88228,0.0,0.0
3093.213,7.132137,-12.0,10.0,-4.88228,0.0,0.0
3093.247,6.971416,-12.0,10.0,-4.88228,0.0,0.0
3093.28,6.801953,-12.0,10.0,-4.88228,0.0,0.0
3093.313,6.639934,-12.0,10.0,-4.88228,0.0,0.0
3093.348,6.478771,-12.0,10.0,-4.88228,0.0,0.0
3093.381,6.310496,-12.0,10.0,-4.88228,0.0,0.0
3093.414,6.147923,-12.0,10.0,-4.88228,0.0,0.0
3093.447,5.985757,-12.0,10.0,-4.88228,0.0,0.0
3093.481,5.826323,-12.0,10.0,-4.88228,0.0,0.0
3093.515,5.660062,-12.0,10.0,-4.88228,0.0,0.0
3093.547,5.494268,-12.0,10.0,-4.88228,0.0,0.0
3093.582,5.33483,-12.0,10.0,-4.88228,0.0,0.0
3093.615,5.171445,-12.0,10.0,-4.88228,0.0,0.0
3093.648,5.006444,-12.0,10.0,-4.88228,0.0,0.0
3093.682,4.84355,-12.0,10.0,-4.88228,0.0,0.0
3093.716,4.678937,-12.0,10.0,-4.88228,0.0,0.0
3093.748,4.516807,-12.0,10.0,-4.88228,0.0,0.0
3093.783,4.354966,-12.0,10.0,-4.88228,0.0,0.0
3093.816,4.189327,-12.0,10.0,-4.88228,0.0,0.0
3093.849,4.026222,-12.0,10.0,-4.88228,0.0,0.0
3093.884,3.864814,-12.0,10.0,-4.88228,0.0,0.0
3093.917,3.69902,-12.0,10.0,-4.88228,0.0,0.0
3093.949,3.536515,-12.0,10.0,-4.88228,0.0,0.0
3093.983,3.37635,-12.0,10.0,-4.88228,0.0,0.0
3094.017,3.210185,-12.0,10.0,-4.88228,0.0,0.0
3094.049,3.047076,-12.0,10.0,-4.88228,0.0,0.0
3094.084,2.886704,-12.0,10.0,-4.88228,0.0,0.0
3094.117,2.721154,-12.0,10.0,-4.88228,0.0,0.0
3094.15,2.555432,-12.0,10.0,-4.88228,0.0,0.0
3094.185,2.392211,-12.0,10.0,-4.88228,0.0,0.0
3094.218,2.223908,-12.0,10.0,-4.88228,0.0,0.0
3094.251,2.065035,-12.0,10.0,-4.88228,0.0,0.0
3094.285,1.903316,-12.0,10.0,-4.88228,0.0,0.0
3094.319,1.739416,-12.0,10.0,-4.88228,0.0,0.0
3094.351,1.57181,-12.0,10.0,-4.88228,0.0,0.0
3094.391,1.412262,-12.0,10.0,-4.88228,0.0,0.0
3094.419,1.218648,-12.0,10.0,-4.88228,0.0,0.0
3094.452,1.082422,-12.0,10.0,-4.88228,0.0,0.0
3094.485,0.922972,-12.0,10.0,-4.88228,0.0,0.0
3094.519,0.757825,-12.0,10.0,-4.88228,0.0,0.0
3094.552,0.591452,-12.0,10.0,-4.88228,0.0,0.0
3094.587,0.432084,-12.0,10.0,-4.88228,0.0,0.0
3094.62,0.266174,-12.0,10.0,-4.88228,0.0,0.0
3094.652,0.10251,-12.0,10.0,-4.88228,0.0,0.0
3094.686,-0.057611,-12.0,10.0,-4.88228,0.0,0.0
3094.72,-0.221853,-12.0,10.0,-4.88228,0.0,0.0
3094.753,-0.384003,-12.0,10.0,-4.88228,0.0,0.0
3094.787,-0.555034,-12.0,10.0,-4.88228,0.0,0.0
3094.821,-0.715325,-12.0,10.0,-4.88228,0.0,0.0
3094.855,-0.882564,-12.0,10.0,-4.88228,0.0,0.0
3094.887,-1.046266,-12.0,10.0,-4.88228,0.0,0.0
3094.922,-1.205358,-12.0,10.0,-4.88228,0.0,0.0
3094.955,-1.373312,-12.0,10.0,-4.88228,0.0,0.0
3094.988,-1.535788,-12.0,10.0,-4.88228,0.0,0.0
3095.022,-1.697189,-12.0,10.0,-4.88228,0.0,0.0
3095.056,-1.86156,-12.0,10.0,-4.88228,0.0,0.0
3095.088,-2.023774,-12.0,10.0,-4.88228,0.0,0.0
3095.123,-2.185575,-12.0,10.0,-4.88228,0.0,0.0
3095.156,-2.354217,-12.0,10.0,-4.88228,0.0,0.0
3095.188,-2.514223,-12.0,10.0,-4.88228,0.0,0.0
3095.223,-2.676172,-12.0,10.0,-4.88228,0.0,0.0
3095.256,-2.84101,-12.0,10.0,-4.88228,0.0,0.0
3095.289,-3.003492,-12.0,10.0,-4.88228,0.0,0.0
3095.324,-3.167186,-12.0,10.0,-4.88228,0.0,0.0
3095.356,-3.3332,-12.0,10.0,-4.88228,0.0,0.0
3095.39,-3.494282,-12.0,10.0,-4.88228,0.0,0.0
3095.424,-3.657739,-12.0,10.0,-4.88228,0.0,0.0
3095.457,-3.822153,-12.0,10.0,-4.88228,0.0,0.0
3095.49,-3.989702,-12.0,10.0,-4.88228,0.0,0.0
3095.524,-4.146556,-12.0,10.0,-4.88228,0.0,0.0
3095.558,-4.312683,-12.0,10.0,-4.88228,0.0,0.0
3095.591,-4.480813,-12.0,10.0,-4.88228,0.0,0.0
3095.625,-4.638475,-12.0,10.0,-4.88228,0.0,0.0
3095.658,-4.803426,-12.0,10.0,-4.88228,0.0,0.0
3095.691,-4.966667,-12.0,10.0,-4.88228,0.0,0.0
3095.725,-5.127698,-12.0,10.0,-4.88228,0.0,0.0
3095.758,-5.154171,-12.0,10.0,0.88228,0.0,0.0
3095.792,-5.091266,-12.0,10.0,1.76456,0.0,0.0
3095.826,-4.959593,-12.0,10.0,3.52912,0.0,0.0
3095.859,-4.787192,-12.0,10.0,4.88228,0.0,0.0
3095.892,-4.62484,-12.0,10.0,4.88228,0.0,0.0
3095.926,-4.463758,-12.0,10.0,4.88228,0.0,0.0
3095.96,-4.298522,-12.0,10.0,4.88228,0.0,0.0
3095.993,-4.132238,-12.0,10.0,4.88228,0.0,0.0
3096.027,-3.970283,-12.0,10.0,4.88228,0.0,0.0
3096.061,-3.802951,-12.0,10.0,4.88228,0.0,0.0
3096.094,-3.640747,-12.0,10.0,4.88228,0.0,0.0
3096.127,-3.477758,-12.0,10.0,4.88228,0.0,0.0
3096.161,-3.318424,-12.0,10.0,4.88228,0.0,0.0
3096.194,-3.145167,-12.0,10.0,4.88228,0.0,0.0
3096.227,-2.988187,-12.0,10.0,4.88228,0.0,0.0
3096.262,-2.828945,-12.0,10.0,4.88228,0.0,0.0
3096.294,-2.661894,-12.0,10.0,4.88228,0.0,0.0
3096.327,-2.499279,-12.0,10.0,4.88228,0.0,0.0
3096.362,-2.339266,-12.0,10.0,4.88228,0.0,0.0
3096.395,-2.172504,-12.0,10.0,4.88228,0.0,0.0
3096.428,-2.009422,-12.0,10.0,4.88228,0.0,0.0
3096.462,-1.845678,-12.0,10.0,4.88228,0.0,0.0
3096.496,-1.6817,-12.0,10.0,4.88228,0.0,0.0
3096.529,-1.517439,-12.0,10.0,4.88228,0.0,0.0
3096.564,-1.354219,-12.0,10.0,4.88228,0.0,0.0
3096.597,-1.186424,-12.0,10.0,4.88228,0.0,0.0
3096.629,-1.023621,-12.0,10.0,4.88228,0.0,0.0
3096.664,-0.864874,-12.0,10.0,4.88228,0.0,0.0
3096.698,-0.696206,-12.0,10.0,4.88228,0.0,0.0
3096.73,-0.533407,-12.0,10.0,4.88228,0.0,0.0
3096.765,-0.372692,-12.0,10.0,4.88228,0.0,0.0
3096.798,-0.204929,-12.0,10.0,4.88228,0.0,0.0
3096.83,-0.043463,-12.0,10.0,4.88228,0.0,0.0
3096.865,0.117807,-12.0,10.0,4.88228,0.0,0.0
3096.898,0.28224,-12.0,10.0,4.88228,0.0,0.0
3096.931,0.445126,-12.0,10.0,4.88228,0.0,0.0
3096.965,0.605344,-12.0,10.0,4.88228,0.0,0.0
3096.998,0.772191,-12.0,10.0,4.88228,0.0,0.0
3097.03,0.933387,-12.0,10.0,4.88228,0.0,0.0
3097.065,1.094912,-12.0,10.0,4.88228,0.0,0.0
3097.099,1.259696,-12.0,10.0,4.88228,0.0,0.0
3097.132,1.425042,-12.0,10.0,4.88228,0.0,0.0
3097.166,1.587999,-12.0,10.0,4.88228,0.0,0.0
3097.2,1.755627,-12.0,10.0,4.88228,0.0,0.0
3097.232,1.921232,-12.0,10.0,4.88228,0.0,0.0
3097.266,2.079994,-12.0,10.0,4.88228,0.0,0.0
3097.3,2.244968,-12.0,10.0,4.88228,0.0,0.0
3097.334,2.410017,-12.0,10.0,4.88228,0.0,0.0
3097.368,2.574346,-12.0,10.0,4.88228,0.0,0.0
3097.401,2.739746,-12.0,10.0,4.88228,0.0,0.0
3097.434,2.90203,-12.0,10.0,4.88228,0.0,0.0
3097.467,3.066401,-12.0,10.0,4.88228,0.0,0.0
3097.502,3.225609,-12.0,10.0,4.88228,0.0,0.0
3097.534,3.391114,-12.0,10.0,4.88228,0.0,0.0
3097.568,3.558291,-12.0,10.0,4.88228,0.0,0.0
3097.602,3.716324,-12.0,10.0,4.88228,0.0,0.0
3097.634,3.881834,-12.0,10.0,4.88228,0.0,0.0
3097.668,4.042888,-12.0,10.0,4.88228,0.0,0.0
3097.702,4.207145,-12.0,10.0,4.88228,0.0,0.0
3097.736,4.375243,-12.0,10.0,4.88228,0.0,0.0
3097.768,4.536676,-12.0,10.0,4.88228,0.0,0.0
3097.802,4.697778,-12.0,10.0,4.88228,0.0,0.0
3097.837,4.864405,-12.0,10.0,4.88228,0.0,0.0
3097.87,5.028772,-12.0,10.0,4.88228,0.0,0.0
3097.905,5.19275,-12.0,10.0,4.88228,0.0,0.0
3097.937,5.361008,-12.0,10.0,4.88228,0.0,0.0
3097.97,5.522242,-12.0,10.0,4.88228,0.0,0.0
3098.004,5.682533,-12.0,10.0,4.88228,0.0,0.0
3098.038,5.848218,-12.0,10.0,4.88228,0.0,0.0
3098.071,6.014197,-12.0,10.0,4.88228,0.0,0.0
3098.104,6.173751,-12.0,10.0,4.88228,0.0,0.0
3098.139,6.339439,-12.0,10.0,4.88228,0.0,0.0
3098.171,6.503113,-12.0,10.0,4.88228,0.0,0.0
3098.206,6.665009,-12.0,10.0,4.88228,0.0,0.0
3098.239,6.830621,-12.0,10.0,4.88228,0.0,0.0
3098.272,6.994591,-12.0,10.0,4.88228,0.0,0.0
3098.307,7.15793,-12.0,10.0,4.88228,0.0,0.0
3098.34,7.323372,-12.0,10.0,4.88228,0.0,0.0
3098.373,7.486888,-12.0,10.0,4.88228,0.0,0.0
3098.408,7.650081,-12.0,10.0,4.88228,0.0,0.0
3098.442,7.815639,-12.0,10.0,4.88228,0.0,0.0
3098.475,7.982581,-12.0,10.0,4.88228,0.0,0.0
3098.508,8.145469,-12.0,10.0,4.88228,0.0,0.0
3098.542,8.304626,-12.0,10.0,4.88228,0.0,0.0
3098.575,8.470681,-12.0,10.0,4.88228,0.0,0.0
3098.608,8.632496,-12.0,10.0,4.88228,0.0,0.0
3098.642,8.794603,-12.0,10.0,4.88228,0.0,0.0
3098.676,8.960424,-12.0,10.0,4.88228,0.0,0.0
3098.709,9.125979,-12.0,10.0,4.88228,0.0,0.0
3098.743,9.288032,-12.0,10.0,4.88228,0.0,0.0
3098.776,9.45266,-12.0,10.0,4.88228,0.0,0.0
3098.809,9.616137,-12.0,10.0,4.88228,0.0,0.0
3098.843,9.776539,-12.0,10.0,4.88228,0.0,0.0
3098.877,9.942334,-12.0,10.0,4.88228,0.0,0.0
3098.91,10.10631,-12.0,10.0,4.88228,0.0,0.0
3098.943,10.10124,-12.0,10.0,-0.88228,0.0,0.0
3098.977,10.01299,-12.0,10.0,-2.64684,0.0,0.0
3099.01,9.89127,-12.0,10.0,-3.52912,0.0,0.0
3099.044,9.719234,-12.0,10.0,-4.88228,0.0,0.0
3099.078,9.548197,-12.0,10.0,-4.88228,0.0,0.0
3099.111,9.388785,-12.0,10.0,-4.88228,0.0,0.0
3099.145,9.228261,-12.0,10.0,-4.88228,0.0,0.0
3099.178,9.064024,-12.0,10.0,-4.88228,0.0,0.0
3099.211,8.897587,-12.0,10.0,-4.88228,0.0,0.0
3099.246,8.733819,-12.0,10.0,-4.88228,0.0,0.0
3099.279,8.569105,-12.0,10.0,-4.88228,0.0,0.0
3099.311,8.407276,-12.0,10.0,-4.88228,0.0,0.0
3099.345,8.246555,-12.0,10.0,-4.88228,0.0,0.0
3099.379,8.081698,-12.0,10.0,-4.88228,0.0,0.0
3099.412,7.918755,-12.0,10.0,-4.88228,0.0,0.0
3099.445,7.756672,-12.0,10.0,-4.88228,0.0,0.0
3099.479,7.591413,-12.0,10.0,-4.88228,0.0,0.0
3099.513,7.428335,-12.0,10.0,-4.88228,0.0,0.0
3099.547,7.264284,-12.0,10.0,-4.88228,0.0,0.0
3099.581,7.098238,-12.0,10.0,-4.88228,0.0,0.0
3099.613,6.934889,-12.0,10.0,-4.88228,0.0,0.0
3099.647,6.775397,-12.0,10.0,-4.88228,0.0,0.0
3099.681,6.608778,-12.0,10.0,-4.88228,0.0,0.0
3099.714,6.443651,-12.0,10.0,-4.88228,0.0,0.0
3099.747,6.281731,-12.0,10.0,-4.88228,0.0,0.0
3099.781,6.119184,-12.0,10.0,-4.88228,0.0,0.0
3099.815,5.953394,-12.0,10.0,-4.88228,0.0,0.0
3099.848,5.788621,-12.0,10.0,-4.88228,0.0,0.0
3099.881,5.626391,-12.0,10.0,-4.88228,0.0,0.0
3099.916,5.46385,-12.0,10.0,-4.88228,0.0,0.0
3099.949,5.296348,-12.0,10.0,-4.88228,0.0,0.0
3099.983,5.134942,-12.0,10.0,-4.88228,0.0,0.0
3100.017,4.971301,-12.0,10.0,-4.88228,0.0,0.0
3100.049,4.805593,-12.0,10.0,-4.88228,0.0,0.0
3100.083,4.643751,-12.0,10.0,-4.88228,0.0,0.0
3100.117,4.477576,-12.0,10.0,-4.88228,0.0,0.0
3100.15,4.313833,-12.0,10.0,-4.88228,0.0,0.0
3100.184,4.152461,-12.0,10.0,-4.88228,0.0,0.0
3100.217,3.987428,-12.0,10.0,-4.88228,0.0,0.0
3100.251,3.82468,-12.0,10.0,-4.88228,0.0,0.0
3100.285,3.661647,-12.0,10.0,-4.88228,0.0,0.0
3100.319,3.495536,-12.0,10.0,-4.88228,0.0,0.0
3100.352,3.331019,-12.0,10.0,-4.88228,0.0,0.0
3100.386,3.167882,-12.0,10.0,-4.88228,0.0,0.0
3100.419,3.000768,-12.0,10.0,-4.88228,0.0,0.0
3100.452,2.839485,-12.0,10.0,-4.88228,0.0,0.0
3100.486,2.677345,-12.0,10.0,-4.88228,0.0,0.0
3100.519,2.510411,-12.0,10.0,-4.88228,0.0,0.0
3100.553,2.349377,-12.0,10.0,-4.88228,0.0,0.0
3100.587,2.18411,-12.0,10.0,-4.88228,0.0,0.0
3100.621,2.0195,-12.0,10.0,-4.88228,0.0,0.0
3100.653,1.856006,-12.0,10.0,-4.88228,0.0,0.0
3100.688,1.688159,-12.0,10.0,-4.88228,0.0,0.0
3100.721,1.528343,-12.0,10.0,-4.88228,0.0,0.0
3100.755,1.364252,-12.0,10.0,-4.88228,0.0,0.0
3100.787,1.202177,-12.0,10.0,-4.88228,0.0,0.0
3100.821,1.042358,-12.0,10.0,-4.88228,0.0,0.0
3100.855,0.877595,-12.0,10.0,-4.88228,0.0,0.0
3100.887,0.713443,-12.0,10.0,-4.88228,0.0,0.0
3100.922,0.552903,-12.0,10.0,-4.88228,0.0,0.0
3100.955,0.385105,-12.0,10.0,-4.88228,0.0,0.0
3100.988,0.223343,-12.0,10.0,-4.88228,0.0,0.0
3101.022,0.060021,-12.0,10.0,-4.88228,0.0,0.0
3101.056,-0.104327,-12.0,10.0,-4.88228,0.0,0.0
3101.089,-0.271049,-12.0,10.0,-4.88228,0.0,0.0
3101.123,-0.431441,-12.0,10.0,-4.88228,0.0,0.0
3101.157,-0.597346,-12.0,10.0,-4.88228,0.0,0.0
3101.19,-0.763965,-12.0,10.0,-4.88228,0.0,0.0
3101.224,-0.923736,-12.0,10.0,-4.88228,0.0,0.0
3101.258,-1.090404,-12.0,10.0,-4.88228,0.0,0.0
3101.29,-1.252913,-12.0,10.0,-4.88228,0.0,0.0
3101.325,-1.415776,-12.0,10.0,-4.88228,0.0,0.0
3101.358,-1.581092,-12.0,10.0,-4.88228,0.0,0.0
3101.392,-1.745935,-12.0,10.0,-4.88228,0.0,0.0
3101.426,-1.909855,-12.0,10.0,-4.88228,0.0,0.0
3101.46,-2.077744,-12.0,10.0,-4.88228,0.0,0.0
3101.492,-2.239835,-12.0,10.0,-4.88228,0.0,0.0
3101.527,-2.404579,-12.0,10.0,-4.88228,0.0,0.0
3101.56,-2.565708,-12.0,10.0,-4.88228,0.0,0.0
3101.592,-2.727511,-12.0,10.0,-4.88228,0.0,0.0
3101.626,-2.887836,-12.0,10.0,-4.88228,0.0,0.0
3101.66,-3.053519,-12.0,10.0,-4.88228,0.0,0.0
3101.692,-3.217929,-12.0,10.0,-4.88228,0.0,0.0
3101.726,-3.378035,-12.0,10.0,-4.88228,0.0,0.0
3101.76,-3.542322,-12.0,10.0,-4.88228,0.0,0.0
3101.792,-3.709183,-12.0,10.0,-4.88228,0.0,0.0
3101.827,-3.868008,-12.0,10.0,-4.88228,0.0,0.0
3101.86,-4.035542,-12.0,10.0,-4.88228,0.0,0.0
3101.895,-4.19888,-12.0,10.0,-4.88228,0.0,0.0
3101.927,-4.363944,-12.0,10.0,-4.88228,0.0,0.0
3101.961,-4.523868,-12.0,10.0,-4.88228,0.0,0.0
3101.995,-4.690955,-12.0,10.0,-4.88228,0.0,0.0
3102.028,-4.855205,-12.0,10.0,-4.88228,0.0,0.0
3102.061,-5.012383,-12.0,10.0,-4.88228,0.0,0.0
3102.096,-5.178415,-12.0,10.0,-4.88228,0.0,0.0
3102.129,-5.144265,-12.0,10.0,0.88228,0.0,0.0
3102.162,-5.048506,-12.0,10.0,2.64684,0.0,0.0
3102.196,-4.902338,-12.0,10.0,4.4114,0.0,0.0
3102.229,-4.738473,-12.0,10.0,4.88228,0.0,0.0
3102.262,-4.577992,-12.0,10.0,4.88228,0.0,0.0
3102.296,-4.412548,-12.0,10.0,4.88228,0.0,0.0
3102.329,-4.24945,-12.0,10.0,4.88228,0.0,0.0
3102.363,-4.085757,-12.0,10.0,4.88228,0.0,0.0
3102.396,-3.923362,-12.0,10.0,4.88228,0.0,0.0
3102.429,-3.759542,-12.0,10.0,4.88228,0.0,0.0
3102.463,-3.599328,-12.0,10.0,4.88228,0.0,0.0
3102.496,-3.434027,-12.0,10.0,4.88228,0.0,0.0
3102.529,-3.272487,-12.0,10.0,4.88228,0.0,0.0
3102.563,-3.112701,-12.0,10.0,4.88228,0.0,0.0
3102.597,-2.947416,-12.0,10.0,4.88228,0.0,0.0
3102.629,-2.781378,-12.0,10.0,4.88228,0.0,0.0
3102.663,-2.623254,-12.0,10.0,4.88228,0.0,0.0
3102.697,-2.456687,-12.0,10.0,4.88228,0.0,0.0
3102.73,-2.292917,-12.0,10.0,4.88228,0.0,0.0
3102.763,-2.134297,-12.0,10.0,4.88228,0.0,0.0
3102.797,-1.968561,-12.0,10.0,4.88228,0.0,0.0
3102.829,-1.805654,-12.0,10.0,4.88228,0.0,0.0
3102.863,-1.645403,-12.0,10.0,4.88228,0.0,0.0
3102.897,-1.481275,-12.0,10.0,4.88228,0.0,0.0
3102.93,-1.31828,-12.0,10.0,4.88228,0.0,0.0
3102.964,-1.154807,-12.0,10.0,4.88228,0.0,0.0
3102.997,-0.989191,-12.0,10.0,4.88228,0.0,0.0
3103.03,-0.826988,-12.0,10.0,4.88228,0.0,0.0
3103.064,-0.664432,-12.0,10.0,4.88228,0.0,0.0
3103.098,-0.498872,-12.0,10.0,4.88228,0.0,0.0
3103.131,-0.334139,-12.0,10.0,4.88228,0.0,0.0
3103.166,-0.172175,-12.0,10.0,4.88228,0.0,0.0
3103.199,-0.005986,-12.0,10.0,4.88228,0.0,0.0
3103.231,0.155573,-12.0,10.0,4.88228,0.0,0.0
3103.265,0.316929,-12.0,10.0,4.88228,0.0,0.0
3103.299,0.482763,-12.0,10.0,4.88228,0.0,0.0
3103.332,0.645191,-12.0,10.0,4.88228,0.0,0.0
3103.366,0.807312,-12.0,10.0,4.88228,0.0,0.0
3103.399,0.972307,-12.0,10.0,4.88228,0.0,0.0
3103.432,1.136655,-12.0,10.0,4.88228,0.0,0.0
3103.467,1.297681,-12.0,10.0,4.88228,0.0,0.0
3103.5,1.463269,-12.0,10.0,4.88228,0.0,0.0
3103.533,1.629158,-12.0,10.0,4.88228,0.0,0.0
3103.568,1.792467,-12.0,10.0,4.88228,0.0,0.0
3103.601,1.959841,-12.0,10.0,4.88228,0.0,0.0
3103.634,2.122772,-12.0,10.0,4.88228,0.0,0.0
3103.667,2.285722,-12.0,10.0,4.88228,0.0,0.0
3103.702,2.444544,-12.0,10.0,4.88228,0.0,0.0
3103.736,2.611541,-12.0,10.0,4.88228,0.0,0.0
3103.768,2.779596,-12.0,10.0,4.88228,0.0,0.0
3103.802,2.9385,-12.0,10.0,4.88228,0.0,0.0
3103.836,3.103583,-12.0,10.0,4.88228,0.0,0.0
3103.869,3.267778,-12.0,10.0,4.88228,0.0,0.0
3103.903,3.429311,-12.0,10.0,4.88228,0.0,0.0
3103.936,3.595283,-12.0,10.0,4.88228,0.0,0.0
3103.969,3.755929,-12.0,10.0,4.88228,0.0,0.0
3104.003,3.917902,-12.0,10.0,4.88228,0.0,0.0
3104.037,4.083008,-12.0,10.0,4.88228,0.0,0.0
3104.069,4.247371,-12.0,10.0,4.88228,0.0,0.0
3104.104,4.413653,-12.0,10.0,4.88228,0.0,0.0
3104.137,4.576532,-12.0,10.0,4.88228,0.0,0.0
3104.17,4.739137,-12.0,10.0,4.88228,0.0,0.0
3104.205,4.902721,-12.0,10.0,4.88228,0.0,0.0
3104.238,5.067626,-12.0,10.0,4.88228,0.0,0.0
3104.271,5.232075,-12.0,10.0,4.88228,0.0,0.0
3104.306,5.393538,-12.0,10.0,4.88228,0.0,0.0
3104.338,5.559016,-12.0,10.0,4.88228,0.0,0.0
3104.371,5.722338,-12.0,10.0,4.88228,0.0,0.0
3104.406,5.884058,-12.0,10.0,4.88228,0.0,0.0
3104.439,6.049984,-12.0,10.0,4.88228,0.0,0.0
3104.472,6.214525,-12.0,10.0,4.88228,0.0,0.0
3104.506,6.373794,-12.0,10.0,4.88228,0.0,0.0
3104.54,6.539242,-12.0,10.0,4.88228,0.0,0.0
3104.572,6.703269,-12.0,10.0,4.88228,0.0,0.0
3104.607,6.863248,-12.0,10.0,4.88228,0.0,0.0
3104.639,7.03114,-12.0,10.0,4.88228,0.0,0.0
3104.674,7.19231,-12.0,10.0,4.88228,0.0,0.0
3104.708,7.359651,-12.0,10.0,4.88228,0.0,0.0
3104.741,7.528735,-12.0,10.0,4.88228,0.0,0.0
3104.774,7.689166,-12.0,10.0,4.88228,0.0,0.0
3104.807,7.85032,-12.0,10.0,4.88228,0.0,0.0
3104.841,8.013733,-12.0,10.0,4.88228,0.0,0.0
3104.876,8.178633,-12.0,10.0,4.88228,0.0,0.0
3104.908,8.343075,-12.0,10.0,4.88228,0.0,0.0
3104.943,8.507058,-12.0,10.0,4.88228,0.0,0.0
3104.976,8.671526,-12.0,10.0,4.88228,0.0,0.0
3105.009,8.834393,-12.0,10.0,4.88228,0.0,0.0
3105.043,8.99784,-12.0,10.0,4.88228,0.0,0.0
3105.077,9.163282,-12.0,10.0,4.88228,0.0,0.0
3105.109,9.327775,-12.0,10.0,4.88228,0.0,0.0
3105.144,9.487246,-12.0,10.0,4.88228,0.0,0.0
3105.177,9.655297,-12.0,10.0,4.88228,0.0,0.0
3105.21,9.817533,-12.0,10.0,4.88228,0.0,0.0
3105.243,9.977927,-12.0,10.0,4.88228,0.0,0.0
3105.278,10.14334,-12.0,10.0,4.88228,0.0,0.0
3105.31,10.09457,-12.0,10.0,-0.88228,0.0,0.0
3105.344,9.995908,-12.0,10.0,-2.64684,0.0,0.0
3105.378,9.847517,-12.0,10.0,-4.4114,0.0,0.0
3105.41,9.679113,-12.0,10.0,-4.88228,0.0,0.0
3105.445,9.520874,-12.0,10.0,-4.88228,0.0,0.0
3105.478,9.355409,-12.0,10.0,-4.88228,0.0,0.0
3105.511,9.190735,-12.0,10.0,-4.88228,0.0,0.0
3105.546,9.026721,-12.0,10.0,-4.88228,0.0,0.0
3105.579,8.86069,-12.0,10.0,-4.88228,0.0,0.0
3105.612,8.69943,-12.0,10.0,-4.88228,0.0,0.0
3105.646,8.537989,-12.0,10.0,-4.88228,0.0,0.0
3105.679,8.372826,-12.0,10.0,-4.88228,0.0,0.0
3105.712,8.210556,-12.0,10.0,-4.88228,0.0,0.0
3105.746,8.049079,-12.0,10.0,-4.88228,0.0,0.0
3105.78,7.883051,-12.0,10.0,-4.88228,0.0,0.0
3105.812,7.71739,-12.0,10.0,-4.88228,0.0,0.0
3105.847,7.558696,-12.0,10.0,-4.88228,0.0,0.0
3105.88,7.389611,-12.0,10.0,-4.88228,0.0,0.0
3105.913,7.229621,-12.0,10.0,-4.88228,0.0,0.0
3105.947,7.067076,-12.0,10.0,-4.88228,0.0,0.0
3105.981,6.901333,-12.0,10.0,-4.88228,0.0,0.0
3106.015,6.736206,-12.0,10.0,-4.88228,0.0,0.0
3106.047,6.573942,-12.0,10.0,-4.88228,0.0,0.0
3106.081,6.410525,-12.0,10.0,-4.88228,0.0,0.0
3106.115,6.244078,-12.0,10.0,-4.88228,0.0,0.0
3106.147,6.082159,-12.0,10.0,-4.88228,0.0,0.0
3106.181,5.921773,-12.0,10.0,-4.88228,0.0,0.0
3106.215,5.757032,-12.0,10.0,-4.88228,0.0,0.0
3106.249,5.592285,-12.0,10.0,-4.88228,0.0,0.0
3106.282,5.428239,-12.0,10.0,-4.88228,0.0,0.0
3106.316,5.263579,-12.0,10.0,-4.88228,0.0,0.0
3106.349,5.100164,-12.0,10.0,-4.88228,0.0,0.0
3106.384,4.938786,-12.0,10.0,-4.88228,0.0,0.0
3106.418,4.768836,-12.0,10.0,-4.88228,0.0,0.0
3106.45,4.606819,-12.0,10.0,-4.88228,0.0,0.0
3106.485,4.443415,-12.0,10.0,-4.88228,0.0,0.0
3106.517,4.277274,-12.0,10.0,-4.88228,0.0,0.0
3106.551,4.115129,-12.0,10.0,-4.88228,0.0,0.0
3106.584,3.954924,-12.0,10.0,-4.88228,0.0,0.0
3106.618,3.789953,-12.0,10.0,-4.88228,0.0,0.0
3106.651,3.624299,-12.0,10.0,-4.88228,0.0,0.0
3106.686,3.464378,-12.0,10.0,-4.88228,0.0,0.0
3106.72,3.297524,-12.0,10.0,-4.88228,0.0,0.0
3106.752,3.128543,-12.0,10.0,-4.88228,0.0,0.0
3106.787,2.969933,-12.0,10.0,-4.88228,0.0,0.0
3106.82,2.801311,-12.0,10.0,-4.88228,0.0,0.0
3106.853,2.639727,-12.0,10.0,-4.88228,0.0,0.0
3106.887,2.474695,-12.0,10.0,-4.88228,0.0,0.0
3106.922,2.308411,-12.0,10.0,-4.88228,0.0,0.0
3106.955,2.147067,-12.0,10.0,-4.88228,0.0,0.0
3106.987,1.984004,-12.0,10.0,-4.88228,0.0,0.0
3107.022,1.820964,-12.0,10.0,-4.88228,0.0,0.0
3107.055,1.654929,-12.0,10.0,-4.88228,0.0,0.0
3107.089,1.493244,-12.0,10.0,-4.88228,0.0,0.0
3107.122,1.32936,-12.0,10.0,-4.88228,0.0,0.0
3107.156,1.161143,-12.0,10.0,-4.88228,0.0,0.0
3107.189,0.998536,-12.0,10.0,-4.88228,0.0,0.0
3107.225,0.835859,-12.0,10.0,-4.88228,0.0,0.0
3107.257,0.665885,-12.0,10.0,-4.88228,0.0,0.0
3107.29,0.504045,-12.0,10.0,-4.88228,0.0,0.0
3107.324,0.343731,-12.0,10.0,-4.88228,0.0,0.0
3107.358,0.17872,-12.0,10.0,-4.88228,0.0,0.0
3107.391,0.010846,-12.0,10.0,-4.88228,0.0,0.0
3107.426,-0.14937,-12.0,10.0,-4.88228,0.0,0.0
3107.46,-0.315766,-12.0,10.0,-4.88228,0.0,0.0
3107.492,-0.482143,-12.0,10.0,-4.88228,0.0,0.0
3107.526,-0.643532,-12.0,10.0,-4.88228,0.0,0.0
3107.56,-0.808731,-12.0,10.0,-4.88228,0.0,0.0
3107.592,-0.971844,-12.0,10.0,-4.88228,0.0,0.0
3107.626,-1.130526,-12.0,10.0,-4.88228,0.0,0.0
3107.66,-1.296159,-12.0,10.0,-4.88228,0.0,0.0
3107.692,-1.462138,-12.0,10.0,-4.88228,0.0,0.0
3107.727,-1.620642,-12.0,10.0,-4.88228,0.0,0.0
3107.76,-1.785149,-12.0,10.0,-4.88228,0.0,0.0
3107.792,-1.95199,-12.0,10.0,-4.88228,0.0,0.0
3107.827,-2.10919,-12.0,10.0,-4.88228,0.0,0.0
3107.86,-2.277014,-12.0,10.0,-4.88228,0.0,0.0
3107.893,-2.439951,-12.0,10.0,-4.88228,0.0,0.0
3107.927,-2.599473,-12.0,10.0,-4.88228,0.0,0.0
3107.961,-2.76378,-12.0,10.0,-4.88228,0.0,0.0
3107.993,-2.928478,-12.0,10.0,-4.88228,0.0,0.0
3108.03,-3.086897,-12.0,10.0,-4.88228,0.0,0.0
3108.063,-3.267988,-12.0,10.0,-4.88228,0.0,0.0
3108.097,-3.431807,-12.0,10.0,-4.88228,0.0,0.0
3108.13,-3.594216,-12.0,10.0,-4.88228,0.0,0.0
3108.164,-3.754694,-12.0,10.0,-4.88228,0.0,0.0
3108.197,-3.92345,-12.0,10.0,-4.88228,0.0,0.0
3108.231,-4.084253,-12.0,10.0,-4.88228,0.0,0.0
3108.263,-4.243771,-12.0,10.0,-4.88228,0.0,0.0
3108.298,-4.408971,-12.0,10.0,-4.88228,0.0,0.0
3108.33,-4.576112,-12.0,10.0,-4.88228,0.0,0.0
3108.365,-4.735846,-12.0,10.0,-4.88228,0.0,0.0
3108.398,-4.900992,-12.0,10.0,-4.88228,0.0,0.0
3108.431,-5.065646,-12.0,10.0,-4.88228,0.0,0.0
3108.464,-5.223163,-12.0,10.0,-4.88228,0.0,0.0
3108.498,-5.11573,-12.0,10.0,1.76456,0.0,0.0
3108.531,-5.023484,-12.0,10.0,2.64684,0.0,0.0
3108.565,-4.86351,-12.0,10.0,4.4114,0.0,0.0
3108.599,-4.691435,-12.0,10.0,4.88228,0.0,0.0
3108.632,-4.528173,-12.0,10.0,4.88228,0.0,0.0
3108.665,-4.368729,-12.0,10.0,4.88228,0.0,0.0
3108.699,-4.203065,-12.0,10.0,4.88228,0.0,0.0
3108.732,-4.037638,-12.0,10.0,4.88228,0.0,0.0
3108.766,-3.880627,-12.0,10.0,4.88228,0.0,0.0
3108.799,-3.712914,-12.0,10.0,4.88228,0.0,0.0
3108.834,-3.549962,-12.0,10.0,4.88228,0.0,0.0
3108.868,-3.381317,-12.0,10.0,4.88228,0.0,0.0
3108.901,-3.216753,-12.0,10.0,4.88228,0.0,0.0
3108.934,-3.053322,-12.0,10.0,4.88228,0.0,0.0
3108.967,-2.889579,-12.0,10.0,4.88228,0.0,0.0
3109.001,-2.731165,-12.0,10.0,4.88228,0.0,0.0
3109.035,-2.564863,-12.0,10.0,4.88228,0.0,0.0
3109.068,-2.397191,-12.0,10.0,4.88228,0.0,0.0
3109.102,-2.236587,-12.0,10.0,4.88228,0.0,0.0
3109.135,-2.069995,-12.0,10.0,4.88228,0.0,0.0
3109.168,-1.906237,-12.0,10.0,4.88228,0.0,0.0
3109.202,-1.746025,-12.0,10.0,4.88228,0.0,0.0
3109.235,-1.580075,-12.0,10.0,4.88228,0.0,0.0
3109.269,-1.417875,-12.0,10.0,4.88228,0.0,0.0
3109.302,-1.257678,-12.0,10.0,4.88228,0.0,0.0
3109.336,-1.092463,-12.0,10.0,4.88228,0.0,0.0
3109.369,-0.929204,-12.0,10.0,4.88228,0.0,0.0
3109.403,-0.765084,-12.0,10.0,4.88228,0.0,0.0
3109.438,-0.596873,-12.0,10.0,4.88228,0.0,0.0
3109.471,-0.435895,-12.0,10.0,4.88228,0.0,0.0
3109.503,-0.275909,-12.0,10.0,4.88228,0.0,0.0
3109.538,-0.108592,-12.0,10.0,4.88228,0.0,0.0
3109.571,0.056188,-12.0,10.0,4.88228,0.0,0.0
3109.604,0.213823,-12.0,10.0,4.88228,0.0,0.0
3109.637,0.379675,-12.0,10.0,4.88228,0.0,0.0
3109.671,0.541847,-12.0,10.0,4.88228,0.0,0.0
3109.704,0.702579,-12.0,10.0,4.88228,0.0,0.0
3109.738,0.870635,-12.0,10.0,4.88228,0.0,0.0
3109.771,1.032843,-12.0,10.0,4.88228,0.0,0.0
3109.806,1.197397,-12.0,10.0,4.88228,0.0,0.0
3109.84,1.36368,-12.0,10.0,4.88228,0.0,0.0
3109.872,1.527857,-12.0,10.0,4.88228,0.0,0.0
3109.906,1.68502,-12.0,10.0,4.88228,0.0,0.0
3109.939,1.85457,-12.0,10.0,4.88228,0.0,0.0
3109.973,2.017047,-12.0,10.0,4.88228,0.0,0.0
3110.007,2.182272,-12.0,10.0,4.88228,0.0,0.0
3110.042,2.347664,-12.0,10.0,4.88228,0.0,0.0
3110.075,2.515475,-12.0,10.0,4.88228,0.0,0.0
3110.108,2.677802,-12.0,10.0,4.88228,0.0,0.0
3110.141,2.837432,-12.0,10.0,4.88228,0.0,0.0
3110.175,3.003839,-12.0,10.0,4.88228,0.0,0.0
3110.208,3.166824,-12.0,10.0,4.88228,0.0,0.0
3110.242,3.326749,-12.0,10.0,4.88228,0.0,0.0
3110.275,3.491596,-12.0,10.0,4.88228,0.0,0.0
3110.308,3.655118,-12.0,10.0,4.88228,0.0,0.0
3110.342,3.815108,-12.0,10.0,4.88228,0.0,0.0
3110.376,3.98178,-12.0,10.0,4.88228,0.0,0.0
3110.408,4.146498,-12.0,10.0,4.88228,0.0,0.0
3110.443,4.307304,-12.0,10.0,4.88228,0.0,0.0
3110.477,4.472561,-12.0,10.0,4.88228,0.0,0.0
3110.511,4.638895,-12.0,10.0,4.88228,0.0,0.0
3110.544,4.803006,-12.0,10.0,4.88228,0.0,0.0
3110.577,4.968593,-12.0,10.0,4.88228,0.0,0.0
3110.611,5.130301,-12.0,10.0,4.88228,0.0,0.0
3110.645,5.294363,-12.0,10.0,4.88228,0.0,0.0
3110.679,5.460484,-12.0,10.0,4.88228,0.0,0.0
3110.711,5.622554,-12.0,10.0,4.88228,0.0,0.0
3110.745,5.783864,-12.0,10.0,4.88228,0.0,0.0
3110.779,5.954239,-12.0,10.0,4.88228,0.0,0.0
3110.812,6.114913,-12.0,10.0,4.88228,0.0,0.0
3110.846,6.276003,-12.0,10.0,4.88228,0.0,0.0
3110.88,6.442684,-12.0,10.0,4.88228,0.0,0.0
3110.912,6.605056,-12.0,10.0,4.88228,0.0,0.0
3110.946,6.764282,-12.0,10.0,4.88228,0.0,0.0
3110.979,6.931897,-12.0,10.0,4.88228,0.0,0.0
3111.013,7.093481,-12.0,10.0,4.88228,0.0,0.0
3111.048,7.259223,-12.0,10.0,4.88228,0.0,0.0
3111.081,7.426685,-12.0,10.0,4.88228,0.0,0.0
3111.113,7.589432,-12.0,10.0,4.88228,0.0,0.0
3111.147,7.750533,-12.0,10.0,4.88228,0.0,0.0
3111.181,7.915872,-12.0,10.0,4.88228,0.0,0.0
3111.214,8.080565,-12.0,10.0,4.88228,0.0,0.0
3111.248,8.242173,-12.0,10.0,4.88228,0.0,0.0
3111.282,8.40389,-12.0,10.0,4.88228,0.0,0.0
3111.315,8.570615,-12.0,10.0,4.88228,0.0,0.0
3111.348,8.731101,-12.0,10.0,4.88228,0.0,0.0
3111.382,8.892845,-12.0,10.0,4.88228,0.0,0.0
3111.415,9.057302,-12.0,10.0,4.88228,0.0,0.0
3111.448,9.220156,-12.0,10.0,4.88228,0.0,0.0
3111.482,9.382683,-12.0,10.0,4.88228,0.0,0.0
3111.516,9.549302,-12.0,10.0,4.88228,0.0,0.0
3111.549,9.71195,-12.0,10.0,4.88228,0.0,0.0
3111.583,9.873734,-12.0,10.0,4.88228,0.0,0.0
3111.617,10.03983,-12.0,10.0,4.88228,0.0,0.0
3111.649,10.20345,-12.0,10.0,4.88228,0.0,0.0
3111.683,10.0583,-12.0,10.0,-1.76456,0.0,0.0
3111.717,9.939454,-12.0,10.0,-3.52912,0.0,0.0
3111.75,9.789963,-12.0,10.0,-4.4114,0.0,0.0
3111.784,9.619514,-12.0,10.0,-4.88228,0.0,0.0
3111.818,9.450801,-12.0,10.0,-4.88228,0.0,0.0
3111.851,9.290676,-12.0,10.0,-4.88228,0.0,0.0
3111.885,9.12718,-12.0,10.0,-4.88228,0.0,0.0
3111.918,8.962767,-12.0,10.0,-4.88228,0.0,0.0
3111.952,8.799706,-12.0,10.0,-4.88228,0.0,0.0
3111.986,8.635286,-12.0,10.0,-4.88228,0.0,0.0
3112.02,8.46902,-12.0,10.0,-4.88228,0.0,0.0
3112.052,8.303646,-12.0,10.0,-4.88228,0.0,0.0
3112.087,8.144459,-12.0,10.0,-4.88228,0.0,0.0
3112.119,7.977984,-12.0,10.0,-4.88228,0.0,0.0
3112.153,7.817004,-12.0,10.0,-4.88228,0.0,0.0
3112.188,7.650768,-12.0,10.0,-4.88228,0.0,0.0
3112.22,7.485062,-12.0,10.0,-4.88228,0.0,0.0
3112.254,7.323454,-12.0,10.0,-4.88228,0.0,0.0
3112.288,7.161574,-12.0,10.0,-4.88228,0.0,0.0
3112.322,6.995677,-12.0,10.0,-4.88228,0.0,0.0
3112.355,6.830044,-12.0,10.0,-4.88228,0.0,0.0
3112.387,6.668951,-12.0,10.0,-4.88228,0.0,0.0
3112.421,6.50853,-12.0,10.0,-4.88228,0.0,0.0
3112.455,6.341334,-12.0,10.0,-4.88228,0.0,0.0
3112.487,6.180258,-12.0,10.0,-4.88228,0.0,0.0
3112.521,6.019997,-12.0,10.0,-4.88228,0.0,0.0
3112.555,5.853649,-12.0,10.0,-4.88228,0.0,0.0
3112.588,5.689249,-12.0,10.0,-4.88228,0.0,0.0
3112.621,5.530229,-12.0,10.0,-4.88228,0.0,0.0
3112.656,5.363204,-12.0,10.0,-4.88228,0.0,0.0
3112.688,5.200807,-12.0,10.0,-4.88228,0.0,0.0
3112.722,5.041818,-12.0,10.0,-4.88228,0.0,0.0
3112.756,4.876437,-12.0,10.0,-4.88228,0.0,0.0
3112.789,4.710172,-12.0,10.0,-4.88228,0.0,0.0
3112.822,4.549499,-12.0,10.0,-4.88228,0.0,0.0
3112.855,4.383065,-12.0,10.0,-4.88228,0.0,0.0
3112.889,4.221876,-12.0,10.0,-4.88228,0.0,0.0
3112.922,4.061804,-12.0,10.0,-4.88228,0.0,0.0
3112.956,3.895882,-12.0,10.0,-4.88228,0.0,0.0
3112.989,3.733431,-12.0,10.0,-4.88228,0.0,0.0
3113.023,3.56993,-12.0,10.0,-4.88228,0.0,0.0
3113.057,3.40452,-12.0,10.0,-4.88228,0.0,0.0
3113.09,3.238041,-12.0,10.0,-4.88228,0.0,0.0
3113.124,3.07779,-12.0,10.0,-4.88228,0.0,0.0
3113.157,2.911835,-12.0,10.0,-4.88228,0.0,0.0
3113.19,2.75011,-12.0,10.0,-4.88228,0.0,0.0
3113.225,2.589538,-12.0,10.0,-4.88228,0.0,0.0
3113.258,2.42409,-12.0,10.0,-4.88228,0.0,0.0
3113.291,2.258198,-12.0,10.0,-4.88228,0.0,0.0
3113.325,2.098701,-12.0,10.0,-4.88228,0.0,0.0
3113.359,1.931695,-12.0,10.0,-4.88228,0.0,0.0
3113.392,1.765005,-12.0,10.0,-4.88228,0.0,0.0
3113.426,1.605931,-12.0,10.0,-4.88228,0.0,0.0
3113.459,1.438722,-12.0,10.0,-4.88228,0.0,0.0
3113.491,1.277742,-12.0,10.0,-4.88228,0.0,0.0
3113.526,1.117569,-12.0,10.0,-4.88228,0.0,0.0
3113.56,0.952054,-12.0,10.0,-4.88228,0.0,0.0
3113.593,0.788175,-12.0,10.0,-4.88228,0.0,0.0
3113.627,0.623291,-12.0,10.0,-4.88228,0.0,0.0
3113.66,0.458655,-12.0,10.0,-4.88228,0.0,0.0
3113.693,0.294681,-12.0,10.0,-4.88228,0.0,0.0
3113.727,0.135489,-12.0,10.0,-4.88228,0.0,0.0
3113.761,-0.029616,-12.0,10.0,-4.88228,0.0,0.0
3113.795,-0.197828,-12.0,10.0,-4.88228,0.0,0.0
3113.827,-0.364075,-12.0,10.0,-4.88228,0.0,0.0
3113.862,-0.519863,-12.0,10.0,-4.88228,0.0,0.0
3113.895,-0.688988,-12.0,10.0,-4.88228,0.0,0.0
3113.928,-0.851027,-12.0,10.0,-4.88228,0.0,0.0
3113.961,-1.01089,-12.0,10.0,-4.88228,0.0,0.0
3113.995,-1.176618,-12.0,10.0,-4.88228,0.0,0.0
3114.028,-1.33893,-12.0,10.0,-4.88228,0.0,0.0
3114.062,-1.503137,-12.0,10.0,-4.88228,0.0,0.0
3114.095,-1.670517,-12.0,10.0,-4.88228,0.0,0.0
3114.129,-1.832087,-12.0,10.0,-4.88228,0.0,0.0
3114.163,-1.993852,-12.0,10.0,-4.88228,0.0,0.0
3114.197,-2.158055,-12.0,10.0,-4.88228,0.0,0.0
3114.23,-2.322642,-12.0,10.0,-4.88228,0.0,0.0
3114.263,-2.483477,-12.0,10.0,-4.88228,0.0,0.0
3114.297,-2.647641,-12.0,10.0,-4.88228,0.0,0.0
3114.33,-2.814804,-12.0,10.0,-4.88228,0.0,0.0
3114.364,-2.975614,-12.0,10.0,-4.88228,0.0,0.0
3114.398,-3.142086,-12.0,10.0,-4.88228,0.0,0.0
3114.43,-3.303296,-12.0,10.0,-4.88228,0.0,0.0
3114.465,-3.463825,-12.0,10.0,-4.88228,0.0,0.0
3114.498,-3.629991,-12.0,10.0,-4.88228,0.0,0.0
3114.531,-3.794396,-12.0,10.0,-4.88228,0.0,0.0
3114.566,-3.958159,-12.0,10.0,-4.88228,0.0,0.0
3114.599,-4.123517,-12.0,10.0,-4.88228,0.0,0.0
3114.632,-4.287893,-12.0,10.0,-4.88228,0.0,0.0
3114.666,-4.449476,-12.0,10.0,-4.88228,0.0,0.0
3114.7,-4.61514,-12.0,10.0,-4.88228,0.0,0.0
3114.732,-4.782895,-12.0,10.0,-4.88228,0.0,0.0
3114.766,-4.940063,-12.0,10.0,-4.88228,0.0,0.0
3114.8,-5.10555,-12.0,10.0,-4.88228,0.0,0.0
3114.833,-5.268689,-12.0,10.0,-4.88228,0.0,0.0
3114.868,-5.099892,-12.0,10.0,1.76456,0.0,0.0
3114.902,-4.975107,-12.0,10.0,3.52912,0.0,0.0
3114.935,-4.810415,-12.0,10.0,4.88228,0.0,0.0
3114.967,-4.644898,-12.0,10.0,4.88228,0.0,0.0
3115.001,-4.486505,-12.0,10.0,4.88228,0.0,0.0
3115.035,-4.321067,-12.0,10.0,4.88228,0.0,0.0
3115.068,-4.156084,-12.0,10.0,4.88228,0.0,0.0
3115.103,-3.992591,-12.0,10.0,4.88228,0.0,0.0
3115.137,-3.826238,-12.0,10.0,4.88228,0.0,0.0
3115.169,-3.659316,-12.0,10.0,4.88228,0.0,0.0
3115.203,-3.500451,-12.0,10.0,4.88228,0.0,0.0
3115.237,-3.33546,-12.0,10.0,4.88228,0.0,0.0
3115.269,-3.172885,-12.0,10.0,4.88228,0.0,0.0
3115.304,-3.011509,-12.0,10.0,4.88228,0.0,0.0
3115.337,-2.84633,-12.0,10.0,4.88228,0.0,0.0
3115.37,-2.682791,-12.0,10.0,4.88228,0.0,0.0
3115.404,-2.521048,-12.0,10.0,4.88228,0.0,0.0
3115.438,-2.35403,-12.0,10.0,4.88228,0.0,0.0
3115.47,-2.192609,-12.0,10.0,4.88228,0.0,0.0
3115.503,-2.032344,-12.0,10.0,4.88228,0.0,0.0
3115.538,-1.86727,-12.0,10.0,4.88228,0.0,0.0
3115.571,-1.701308,-12.0,10.0,4.88228,0.0,0.0
3115.605,-1.539036,-12.0,10.0,4.88228,0.0,0.0
3115.638,-1.372536,-12.0,10.0,4.88228,0.0,0.0
3115.672,-1.210178,-12.0,10.0,4.88228,0.0,0.0
3115.705,-1.049899,-12.0,10.0,4.88228,0.0,0.0
3115.739,-0.88562,-12.0,10.0,4.88228,0.0,0.0
3115.771,-0.723056,-12.0,10.0,4.88228,0.0,0.0
3115.806,-0.560048,-12.0,10.0,4.88228,0.0,0.0
3115.839,-0.393386,-12.0,10.0,4.88228,0.0,0.0
3115.872,-0.230285,-12.0,10.0,4.88228,0.0,0.0
3115.906,-0.070304,-12.0,10.0,4.88228,0.0,0.0
3115.94,0.094779,-12.0,10.0,4.88228,0.0,0.0
3115.972,0.259875,-12.0,10.0,4.88228,0.0,0.0
3116.006,0.418514,-12.0,10.0,4.88228,0.0,0.0
3116.039,0.583257,-12.0,10.0,4.88228,0.0,0.0
3116.072,0.748579,-12.0,10.0,4.88228,0.0,0.0
3116.106,0.90749,-12.0,10.0,4.88228,0.0,0.0
3116.14,1.073583,-12.0,10.0,4.88228,0.0,0.0
3116.172,1.235597,-12.0,10.0,4.88228,0.0,0.0
3116.207,1.397715,-12.0,10.0,4.88228,0.0,0.0
3116.24,1.565431,-12.0,10.0,4.88228,0.0,0.0
3116.273,1.726537,-12.0,10.0,4.88228,0.0,0.0
3116.307,1.89058,-12.0,10.0,4.88228,0.0,0.0
3116.341,2.056086,-12.0,10.0,4.88228,0.0,0.0
3116.374,2.219227,-12.0,10.0,4.88228,0.0,0.0
3116.407,2.38025,-12.0,10.0,4.88228,0.0,0.0
3116.441,2.542714,-12.0,10.0,4.88228,0.0,0.0
3116.476,2.708502,-12.0,10.0,4.88228,0.0,0.0
3116.509,2.876372,-12.0,10.0,4.88228,0.0,0.0
3116.542,3.035923,-12.0,10.0,4.88228,0.0,0.0
3116.575,3.201593,-12.0,10.0,4.88228,0.0,0.0
3116.609,3.36499,-12.0,10.0,4.88228,0.0,0.0
3116.642,3.524379,-12.0,10.0,4.88228,0.0,0.0
3116.677,3.689415,-12.0,10.0,4.88228,0.0,0.0
3116.709,3.854992,-12.0,10.0,4.88228,0.0,0.0
3116.743,4.016767,-12.0,10.0,4.88228,0.0,0.0
3116.777,4.181921,-12.0,10.0,4.88228,0.0,0.0
3116.81,4.348514,-12.0,10.0,4.88228,0.0,0.0
3116.844,4.50726,-12.0,10.0,4.88228,0.0,0.0
3116.878,4.676118,-12.0,10.0,4.88228,0.0,0.0
3116.911,4.837239,-12.0,10.0,4.88228,0.0,0.0
3116.945,5.002304,-12.0,10.0,4.88228,0.0,0.0
3116.978,5.16762,-12.0,10.0,4.88228,0.0,0.0
3117.012,5.330042,-12.0,10.0,4.88228,0.0,0.0
3117.049,5.492245,-12.0,10.0,4.88228,0.0,0.0
3117.082,5.677983,-12.0,10.0,4.88228,0.0,0.0
3117.116,5.837953,-12.0,10.0,4.88228,0.0,0.0
3117.148,5.999665,-12.0,10.0,4.88228,0.0,0.0
3117.182,6.161466,-12.0,10.0,4.88228,0.0,0.0
3117.215,6.329184,-12.0,10.0,4.88228,0.0,0.0
3117.248,6.494427,-12.0,10.0,4.88228,0.0,0.0
3117.283,6.650668,-12.0,10.0,4.88228,0.0,0.0
3117.316,6.815456,-12.0,10.0,4.88228,0.0,0.0
3117.349,6.982053,-12.0,10.0,4.88228,0.0,0.0
3117.384,7.141562,-12.0,10.0,4.88228,0.0,0.0
3117.417,7.311971,-12.0,10.0,4.88228,0.0,0.0
3117.45,7.473565,-12.0,10.0,4.88228,0.0,0.0
3117.486,7.6388,-12.0,10.0,4.88228,0.0,0.0
3117.519,7.806573,-12.0,10.0,4.88228,0.0,0.0
3117.552,7.971066,-12.0,10.0,4.88228,0.0,0.0
3117.586,8.132644,-12.0,10.0,4.88228,0.0,0.0
3117.62,8.29829,-12.0,10.0,4.88228,0.0,0.0
3117.653,8.464334,-12.0,10.0,4.88228,0.0,0.0
3117.688,8.626654,-12.0,10.0,4.88228,0.0,0.0
3117.721,8.792706,-12.0,10.0,4.88228,0.0,0.0
3117.754,8.958864,-12.0,10.0,4.88228,0.0,0.0
3117.788,9.122408,-12.0,10.0,4.88228,0.0,0.0
3117.823,9.281878,-12.0,10.0,4.88228,0.0,0.0
3117.855,9.453914,-12.0,10.0,4.88228,0.0,0.0
3117.888,9.609752,-12.0,10.0,4.88228,0.0,0.0
3117.922,9.769706,-12.0,10.0,4.88228,0.0,0.0
3117.955,9.937078,-12.0,10.0,4.88228,0.0,0.0
3117.987,10.09737,-12.0,10.0,4.88228,0.0,0.0
3118.022,10.10315,-12.0,10.0,-0.88228,0.0,0.0
3118.056,10.01886,-12.0,10.0,-2.64684,0.0,0.0
3118.088,9.89886,-12.0,10.0,-3.52912,0.0,0.0
3118.123,9.727044,-12.0,10.0,-4.88228,0.0,0.0
3118.157,9.560777,-12.0,10.0,-4.88228,0.0,0.0
3118.189,9.393289,-12.0,10.0,-4.88228,0.0,0.0
3118.224,9.233255,-12.0,10.0,-4.88228,0.0,0.0
3118.257,9.064395,-12.0,10.0,-4.88228,0.0,0.0
3118.29,8.902781,-12.0,10.0,-4.88228,0.0,0.0
3118.324,8.741145,-12.0,10.0,-4.88228,0.0,0.0
3118.358,8.576651,-12.0,10.0,-4.88228,0.0,0.0
3118.39,8.41184,-12.0,10.0,-4.88228,0.0,0.0
3118.425,8.250356,-12.0,10.0,-4.88228,0.0,0.0
3118.458,8.080791,-12.0,10.0,-4.88228,0.0,0.0
3118.49,7.923268,-12.0,10.0,-4.88228,0.0,0.0
3118.525,7.763288,-12.0,10.0,-4.88228,0.0,0.0
3118.558,7.597288,-12.0,10.0,-4.88228,0.0,0.0
3118.591,7.434079,-12.0,10.0,-4.88228,0.0,0.0
3118.625,7.275328,-12.0,10.0,-4.88228,0.0,0.0
3118.658,7.108396,-12.0,10.0,-4.88228,0.0,0.0
3118.69,6.947232,-12.0,10.0,-4.88228,0.0,0.0
3118.725,6.787038,-12.0,10.0,-4.88228,0.0,0.0
3118.759,6.618053,-12.0,10.0,-4.88228,0.0,0.0
3118.791,6.456935,-12.0,10.0,-4.88228,0.0,0.0
3118.826,6.293161,-12.0,10.0,-4.88228,0.0,0.0
3118.859,6.127517,-12.0,10.0,-4.88228,0.0,0.0
3118.892,5.961723,-12.0,10.0,-4.88228,0.0,0.0
3118.926,5.802612,-12.0,10.0,-4.88228,0.0,0.0
3118.959,5.636246,-12.0,10.0,-4.88228,0.0,0.0
3118.992,5.473228,-12.0,10.0,-4.88228,0.0,0.0
3119.026,5.313603,-12.0,10.0,-4.88228,0.0,0.0
3119.06,5.147601,-12.0,10.0,-4.88228,0.0,0.0
3119.094,4.985185,-12.0,10.0,-4.88228,0.0,0.0
3119.127,4.818289,-12.0,10.0,-4.88228,0.0,0.0
3119.161,4.653159,-12.0,10.0,-4.88228,0.0,0.0
3119.194,4.491164,-12.0,10.0,-4.88228,0.0,0.0
3119.227,4.325561,-12.0,10.0,-4.88228,0.0,0.0
3119.261,4.165601,-12.0,10.0,-4.88228,0.0,0.0
3119.294,4.000577,-12.0,10.0,-4.88228,0.0,0.0
3119.328,3.837998,-12.0,10.0,-4.88228,0.0,0.0
3119.361,3.677077,-12.0,10.0,-4.88228,0.0,0.0
3119.395,3.512029,-12.0,10.0,-4.88228,0.0,0.0
3119.428,3.345253,-12.0,10.0,-4.88228,0.0,0.0
3119.461,3.185173,-12.0,10.0,-4.88228,0.0,0.0
3119.495,3.018231,-12.0,10.0,-4.88228,0.0,0.0
3119.529,2.856581,-12.0,10.0,-4.88228,0.0,0.0
3119.563,2.693615,-12.0,10.0,-4.88228,0.0,0.0
3119.597,2.528319,-12.0,10.0,-4.88228,0.0,0.0
3119.629,2.364218,-12.0,10.0,-4.88228,0.0,0.0
3119.664,2.196894,-12.0,10.0,-4.88228,0.0,0.0
3119.699,2.0343,-12.0,10.0,-4.88228,0.0,0.0
3119.73,1.86363,-12.0,10.0,-4.88228,0.0,0.0
3119.765,1.710066,-12.0,10.0,-4.88228,0.0,0.0
3119.798,1.545009,-12.0,10.0,-4.88228,0.0,0.0
3119.83,1.38092,-12.0,10.0,-4.88228,0.0,0.0
3119.866,1.219063,-12.0,10.0,-4.88228,0.0,0.0
3119.899,1.051173,-12.0,10.0,-4.88228,0.0,0.0
3119.932,0.887334,-12.0,10.0,-4.88228,0.0,0.0
3119.966,0.728399,-12.0,10.0,-4.88228,0.0,0.0
3119.999,0.561797,-12.0,10.0,-4.88228,0.0,0.0
3120.032,0.400123,-12.0,10.0,-4.88228,0.0,0.0
3120.066,0.238554,-12.0,10.0,-4.88228,0.0,0.0
3120.099,0.071334,-12.0,10.0,-4.88228,0.0,0.0
3120.132,-0.092124,-12.0,10.0,-4.88228,0.0,0.0
3120.166,-0.249947,-12.0,10.0,-4.88228,0.0,0.0
3120.199,-0.41817,-12.0,10.0,-4.88228,0.0,0.0
3120.232,-0.579709,-12.0,10.0,-4.88228,0.0,0.0
3120.267,-0.741293,-12.0,10.0,-4.88228,0.0,0.0
3120.3,-0.906073,-12.0,10.0,-4.88228,0.0,0.0
3120.333,-1.07025,-12.0,10.0,-4.88228,0.0,0.0
3120.367,-1.232005,-12.0,10.0,-4.88228,0.0,0.0
3120.4,-1.396905,-12.0,10.0,-4.88228,0.0,0.0
3120.433,-1.559265,-12.0,10.0,-4.88228,0.0,0.0
3120.467,-1.719861,-12.0,10.0,-4.88228,0.0,0.0
3120.5,-1.886118,-12.0,10.0,-4.88228,0.0,0.0
3120.533,-2.048369,-12.0,10.0,-4.88228,0.0,0.0
3120.567,-2.209574,-12.0,10.0,-4.88228,0.0,0.0
3120.601,-2.377241,-12.0,10.0,-4.88228,0.0,0.0
3120.635,-2.539438,-12.0,10.0,-4.88228,0.0,0.0
3120.667,-2.703594,-12.0,10.0,-4.88228,0.0,0.0
3120.701,-2.864332,-12.0,10.0,-4.88228,0.0,0.0
3120.736,-3.028197,-12.0,10.0,-4.88228,0.0,0.0
3120.768,-3.196309,-12.0,10.0,-4.88228,0.0,0.0
3120.803,-3.357777,-12.0,10.0,-4.88228,0.0,0.0
3120.836,-3.525363,-12.0,10.0,-4.88228,0.0,0.0
3120.869,-3.688246,-12.0,10.0,-4.88228,0.0,0.0
3120.902,-3.853315,-12.0,10.0,-4.88228,0.0,0.0
3120.937,-4.012854,-12.0,10.0,-4.88228,0.0,0.0
3120.97,-4.17813,-12.0,10.0,-4.88228,0.0,0.0
3121.003,-4.339523,-12.0,10.0,-4.88228,0.0,0.0
3121.037,-4.50592,-12.0,10.0,-4.88228,0.0,0.0
3121.07,-4.670647,-12.0,10.0,-4.88228,0.0,0.0
3121.103,-4.828725,-12.0,10.0,-4.88228,0.0,0.0
3121.137,-4.994076,-12.0,10.0,-4.88228,0.0,0.0
3121.17,-5.157522,-12.0,10.0,-4.88228,0.0,0.0
3121.204,-5.149271,-12.0,10.0,0.88228,0.0,0.0
3121.238,-5.061122,-12.0,10.0,2.64684,0.0,0.0
3121.271,-4.93796,-12.0,10.0,3.52912,0.0,0.0
3121.306,-4.762318,-12.0,10.0,4.88228,0.0,0.0
3121.339,-4.591905,-12.0,10.0,4.88228,0.0,0.0
3121.371,-4.430973,-12.0,10.0,4.88228,0.0,0.0
3121.406,-4.270229,-12.0,10.0,4.88228,0.0,0.0
3121.44,-4.105339,-12.0,10.0,4.88228,0.0,0.0
3121.473,-3.939295,-12.0,10.0,4.88228,0.0,0.0
3121.508,-3.775987,-12.0,10.0,4.88228,0.0,0.0
3121.541,-3.610553,-12.0,10.0,4.88228,0.0,0.0
3121.574,-3.444831,-12.0,10.0,4.88228,0.0,0.0
3121.607,-3.284229,-12.0,10.0,4.88228,0.0,0.0
3121.642,-3.118812,-12.0,10.0,4.88228,0.0,0.0
3121.675,-2.953043,-12.0,10.0,4.88228,0.0,0.0
3121.708,-2.789695,-12.0,10.0,4.88228,0.0,0.0
3121.742,-2.626358,-12.0,10.0,4.88228,0.0,0.0
3121.777,-2.460031,-12.0,10.0,4.88228,0.0,0.0
3121.809,-2.294304,-12.0,10.0,4.88228,0.0,0.0
3121.843,-2.134768,-12.0,10.0,4.88228,0.0,0.0
3121.877,-1.969511,-12.0,10.0,4.88228,0.0,0.0
3121.909,-1.807788,-12.0,10.0,4.88228,0.0,0.0
3121.943,-1.646495,-12.0,10.0,4.88228,0.0,0.0
3121.977,-1.481358,-12.0,10.0,4.88228,0.0,0.0
3122.009,-1.318961,-12.0,10.0,4.88228,0.0,0.0
3122.045,-1.157477,-12.0,10.0,4.88228,0.0,0.0
3122.077,-0.98614,-12.0,10.0,4.88228,0.0,0.0
3122.111,-0.825746,-12.0,10.0,4.88228,0.0,0.0
3122.144,-0.663978,-12.0,10.0,4.88228,0.0,0.0
3122.178,-0.496164,-12.0,10.0,4.88228,0.0,0.0
3122.21,-0.333576,-12.0,10.0,4.88228,0.0,0.0
3122.244,-0.175915,-12.0,10.0,4.88228,0.0,0.0
3122.278,-0.009512,-12.0,10.0,4.88228,0.0,0.0
3122.311,0.153622,-12.0,10.0,4.88228,0.0,0.0
3122.345,0.313327,-12.0,10.0,4.88228,0.0,0.0
3122.378,0.477824,-12.0,10.0,4.88228,0.0,0.0
3122.41,0.640817,-12.0,10.0,4.88228,0.0,0.0
3122.445,0.801459,-12.0,10.0,4.88228,0.0,0.0
3122.477,0.966187,-12.0,10.0,4.88228,0.0,0.0
3122.51,1.129389,-12.0,10.0,4.88228,0.0,0.0
3122.545,1.289607,-12.0,10.0,4.88228,0.0,0.0
3122.578,1.454806,-12.0,10.0,4.88228,0.0,0.0
3122.611,1.618625,-12.0,10.0,4.88228,0.0,0.0
3122.645,1.777488,-12.0,10.0,4.88228,0.0,0.0
3122.679,1.946056,-12.0,10.0,4.88228,0.0,0.0
3122.712,2.110377,-12.0,10.0,4.88228,0.0,0.0
3122.745,2.270394,-12.0,10.0,4.88228,0.0,0.0
3122.779,2.439309,-12.0,10.0,4.88228,0.0,0.0
3122.811,2.600733,-12.0,10.0,4.88228,0.0,0.0
3122.845,2.760933,-12.0,10.0,4.88228,0.0,0.0
3122.879,2.924739,-12.0,10.0,4.88228,0.0,0.0
3122.912,3.08929,-12.0,10.0,4.88228,0.0,0.0
3122.945,3.248494,-12.0,10.0,4.88228,0.0,0.0
3122.979,3.414506,-12.0,10.0,4.88228,0.0,0.0
3123.011,3.577659,-12.0,10.0,4.88228,0.0,0.0
3123.046,3.738035,-12.0,10.0,4.88228,0.0,0.0
3123.079,3.904146,-12.0,10.0,4.88228,0.0,0.0
3123.112,4.067781,-12.0,10.0,4.88228,0.0,0.0
3123.146,4.226676,-12.0,10.0,4.88228,0.0,0.0
3123.18,4.39561,-12.0,10.0,4.88228,0.0,0.0
3123.212,4.556562,-12.0,10.0,4.88228,0.0,0.0
3123.246,4.71686,-12.0,10.0,4.88228,0.0,0.0
3123.28,4.882923,-12.0,10.0,4.88228,0.0,0.0
3123.312,5.046082,-12.0,10.0,4.88228,0.0,0.0
3123.347,5.204903,-12.0,10.0,4.88228,0.0,0.0
3123.38,5.370154,-12.0,10.0,4.88228,0.0,0.0
3123.414,5.538845,-12.0,10.0,4.88228,0.0,0.0
3123.446,5.700669,-12.0,10.0,4.88228,0.0,0.0
3123.481,5.860007,-12.0,10.0,4.88228,0.0,0.0
3123.515,6.026875,-12.0,10.0,4.88228,0.0,0.0
3123.547,6.189467,-12.0,10.0,4.88228,0.0,0.0
3123.581,6.353279,-12.0,10.0,4.88228,0.0,0.0
3123.615,6.518665,-12.0,10.0,4.88228,0.0,0.0
3123.647,6.682022,-12.0,10.0,4.88228,0.0,0.0
3123.682,6.843664,-12.0,10.0,4.88228,0.0,0.0
3123.716,7.009037,-12.0,10.0,4.88228,0.0,0.0
3123.749,7.175916,-12.0,10.0,4.88228,0.0,0.0
3123.783,7.336234,-12.0,10.0,4.88228,0.0,0.0
3123.816,7.502074,-12.0,10.0,4.88228,0.0,0.0
3123.849,7.666215,-12.0,10.0,4.88228,0.0,0.0
3123.883,7.82418,-12.0,10.0,4.88228,0.0,0.0
3123.917,7.989647,-12.0,10.0,4.88228,0.0,0.0
3123.95,8.15754,-12.0,10.0,4.88228,0.0,0.0
3123.984,8.317084,-12.0,10.0,4.88228,0.0,0.0
3124.017,8.484218,-12.0,10.0,4.88228,0.0,0.0
3124.051,8.646194,-12.0,10.0,4.88228,0.0,0.0
3124.084,8.806648,-12.0,10.0,4.88228,0.0,0.0
3124.118,8.972066,-12.0,10.0,4.88228,0.0,0.0
3124.15,9.134704,-12.0,10.0,4.88228,0.0,0.0
3124.183,9.29318,-12.0,10.0,4.88228,0.0,0.0
3124.217,9.458388,-12.0,10.0,4.88228,0.0,0.0
3124.25,9.62216,-12.0,10.0,4.88228,0.0,0.0
3124.285,9.781834,-12.0,10.0,4.88228,0.0,0.0
3124.318,9.948627,-12.0,10.0,4.88228,0.0,0.0
3124.35,10.11058,-12.0,10.0,4.88228,0.0,0.0
3124.384,10.10108,-12.0,10.0,-0.88228,0.0,0.0
3124.417,10.01264,-12.0,10.0,-2.64684,0.0,0.0
3124.45,9.891784,-12.0,10.0,-3.52912,0.0,0.0
3124.484,9.717787,-12.0,10.0,-4.88228,0.0,0.0
3124.518,9.552381,-12.0,10.0,-4.88228,0.0,0.0
3124.551,9.385068,-12.0,10.0,-4.88228,0.0,0.0
3124.585,9.226406,-12.0,10.0,-4.88228,0.0,0.0
3124.619,9.060068,-12.0,10.0,-4.88228,0.0,0.0
3124.651,8.896811,-12.0,10.0,-4.88228,0.0,0.0
3124.685,8.735471,-12.0,10.0,-4.88228,0.0,0.0
3124.719,8.565495,-12.0,10.0,-4.88228,0.0,0.0
3124.751,8.40691,-12.0,10.0,-4.88228,0.0,0.0
3124.786,8.246868,-12.0,10.0,-4.88228,0.0,0.0
3124.82,8.081353,-12.0,10.0,-4.88228,0.0,0.0
3124.852,7.913273,-12.0,10.0,-4.88228,0.0,0.0
3124.886,7.755218,-12.0,10.0,-4.88228,0.0,0.0
3124.92,7.588208,-12.0,10.0,-4.88228,0.0,0.0
3124.953,7.425937,-12.0,10.0,-4.88228,0.0,0.0
3124.988,7.260115,-12.0,10.0,-4.88228,0.0,0.0
3125.021,7.09344,-12.0,10.0,-4.88228,0.0,0.0
3125.055,6.930824,-12.0,10.0,-4.88228,0.0,0.0
3125.087,6.768527,-12.0,10.0,-4.88228,0.0,0.0
3125.121,6.608871,-12.0,10.0,-4.88228,0.0,0.0
3125.154,6.441939,-12.0,10.0,-4.88228,0.0,0.0
3125.187,6.279232,-12.0,10.0,-4.88228,0.0,0.0
3125.222,6.119083,-12.0,10.0,-4.88228,0.0,0.0
3125.256,5.952355,-12.0,10.0,-4.88228,0.0,0.0
3125.288,5.784786,-12.0,10.0,-4.88228,0.0,0.0
3125.322,5.625477,-12.0,10.0,-4.88228,0.0,0.0
3125.355,5.459338,-12.0,10.0,-4.88228,0.0,0.0
3125.388,5.297788,-12.0,10.0,-4.88228,0.0,0.0
3125.422,5.136996,-12.0,10.0,-4.88228,0.0,0.0
3125.456,4.97272,-12.0,10.0,-4.88228,0.0,0.0
3125.489,4.808986,-12.0,10.0,-4.88228,0.0,0.0
3125.522,4.647837,-12.0,10.0,-4.88228,0.0,0.0
3125.556,4.48195,-12.0,10.0,-4.88228,0.0,0.0
3125.589,4.320204,-12.0,10.0,-4.88228,0.0,0.0
3125.623,4.158535,-12.0,10.0,-4.88228,0.0,0.0
3125.657,3.992784,-12.0,10.0,-4.88228,0.0,0.0
3125.69,3.826985,-12.0,10.0,-4.88228,0.0,0.0
3125.723,3.667988,-12.0,10.0,-4.88228,0.0,0.0
3125.757,3.501808,-12.0,10.0,-4.88228,0.0,0.0
3125.79,3.336558,-12.0,10.0,-4.88228,0.0,0.0
3125.824,3.177248,-12.0,10.0,-4.88228,0.0,0.0
3125.858,3.009966,-12.0,10.0,-4.88228,0.0,0.0
3125.89,2.848251,-12.0,10.0,-4.88228,0.0,0.0
3125.923,2.689008,-12.0,10.0,-4.88228,0.0,0.0
3125.958,2.52299,-12.0,10.0,-4.88228,0.0,0.0
3125.991,2.356177,-12.0,10.0,-4.88228,0.0,0.0
3126.025,2.194348,-12.0,10.0,-4.88228,0.0,0.0
3126.059,2.027399,-12.0,10.0,-4.88228,0.0,0.0
3126.091,1.86357,-12.0,10.0,-4.88228,0.0,0.0
3126.125,1.705217,-12.0,10.0,-4.88228,0.0,0.0
3126.158,1.538695,-12.0,10.0,-4.88228,0.0,0.0
3126.192,1.376417,-12.0,10.0,-4.88228,0.0,0.0
3126.226,1.21327,-12.0,10.0,-4.88228,0.0,0.0
3126.26,1.048023,-12.0,10.0,-4.88228,0.0,0.0
3126.293,0.881615,-12.0,10.0,-4.88228,0.0,0.0
3126.327,0.720124,-12.0,10.0,-4.88228,0.0,0.0
3126.361,0.550405,-12.0,10.0,-4.88228,0.0,0.0
3126.395,0.388661,-12.0,10.0,-4.88228,0.0,0.0
3126.427,0.22583,-12.0,10.0,-4.88228,0.0,0.0
3126.461,0.066032,-12.0,10.0,-4.88228,0.0,0.0
3126.494,-0.098613,-12.0,10.0,-4.88228,0.0,0.0
3126.527,-0.262405,-12.0,10.0,-4.88228,0.0,0.0
3126.562,-0.424469,-12.0,10.0,-4.88228,0.0,0.0
3126.596,-0.589577,-12.0,10.0,-4.88228,0.0,0.0
3126.628,-0.756937,-12.0,10.0,-4.88228,0.0,0.0
3126.663,-0.916887,-12.0,10.0,-4.88228,0.0,0.0
3126.696,-1.084397,-12.0,10.0,-4.88228,0.0,0.0
3126.729,-1.246779,-12.0,10.0,-4.88228,0.0,0.0
3126.763,-1.406559,-12.0,10.0,-4.88228,0.0,0.0
3126.796,-1.571609,-12.0,10.0,-4.88228,0.0,0.0
3126.829,-1.735107,-12.0,10.0,-4.88228,0.0,0.0
3126.864,-1.898243,-12.0,10.0,-4.88228,0.0,0.0
3126.896,-2.063802,-12.0,10.0,-4.88228,0.0,0.0
3126.93,-2.225485,-12.0,10.0,-4.88228,0.0,0.0
3126.964,-2.387715,-12.0,10.0,-4.88228,0.0,0.0
3126.997,-2.553943,-12.0,10.0,-4.88228,0.0,0.0
3127.031,-2.715945,-12.0,10.0,-4.88228,0.0,0.0
3127.064,-2.879699,-12.0,10.0,-4.88228,0.0,0.0
3127.098,-3.044416,-12.0,10.0,-4.88228,0.0,0.0
3127.131,-3.207703,-12.0,10.0,-4.88228,0.0,0.0
3127.165,-3.368681,-12.0,10.0,-4.88228,0.0,0.0
3127.198,-3.533812,-12.0,10.0,-4.88228,0.0,0.0
3127.231,-3.69752,-12.0,10.0,-4.88228,0.0,0.0
3127.265,-3.861262,-12.0,10.0,-4.88228,0.0,0.0
3127.299,-4.027747,-12.0,10.0,-4.88228,0.0,0.0
3127.332,-4.189507,-12.0,10.0,-4.88228,0.0,0.0
3127.366,-4.352748,-12.0,10.0,-4.88228,0.0,0.0
3127.399,-4.518637,-12.0,10.0,-4.88228,0.0,0.0
3127.432,-4.682058,-12.0,10.0,-4.88228,0.0,0.0
3127.466,-4.841854,-12.0,10.0,-4.88228,0.0,0.0
3127.5,-5.007256,-12.0,10.0,-4.88228,0.0,0.0
3127.533,-5.171015,-12.0,10.0,-4.88228,0.0,0.0
3127.567,-5.146595,-12.0,10.0,0.88228,0.0,0.0
3127.601,-5.052907,-12.0,10.0,2.64684,0.0,0.0
3127.633,-4.929481,-12.0,10.0,3.52912,0.0,0.0
3127.667,-4.751165,-12.0,10.0,4.88228,0.0,0.0
3127.701,-4.585398,-12.0,10.0,4.88228,0.0,0.0
3127.736,-4.421267,-12.0,10.0,4.88228,0.0,0.0
3127.768,-4.253248,-12.0,10.0,4.88228,0.0,0.0
3127.803,-4.090419,-12.0,10.0,4.88228,0.0,0.0
3127.836,-3.926204,-12.0,10.0,4.88228,0.0,0.0
3127.869,-3.762432,-12.0,10.0,4.88228,0.0,0.0
3127.903,-3.599187,-12.0,10.0,4.88228,0.0,0.0
3127.937,-3.433342,-12.0,10.0,4.88228,0.0,0.0
3127.969,-3.270636,-12.0,10.0,4.88228,0.0,0.0
3128.003,-3.111908,-12.0,10.0,4.88228,0.0,0.0
3128.037,-2.945587,-12.0,10.0,4.88228,0.0,0.0
3128.07,-2.778219,-12.0,10.0,4.88228,0.0,0.0
3128.105,-2.61916,-12.0,10.0,4.88228,0.0,0.0
3128.138,-2.451743,-12.0,10.0,4.88228,0.0,0.0
3128.17,-2.289842,-12.0,10.0,4.88228,0.0,0.0
3128.205,-2.127269,-12.0,10.0,4.88228,0.0,0.0
3128.238,-1.961594,-12.0,10.0,4.88228,0.0,0.0
3128.271,-1.799558,-12.0,10.0,4.88228,0.0,0.0
3128.304,-1.639626,-12.0,10.0,4.88228,0.0,0.0
3128.338,-1.474057,-12.0,10.0,4.88228,0.0,0.0
3128.372,-1.312369,-12.0,10.0,4.88228,0.0,0.0
3128.406,-1.148566,-12.0,10.0,4.88228,0.0,0.0
3128.439,-0.98082,-12.0,10.0,4.88228,0.0,0.0
3128.472,-0.818577,-12.0,10.0,4.88228,0.0,0.0
3128.506,-0.656508,-12.0,10.0,4.88228,0.0,0.0
3128.54,-0.48975,-12.0,10.0,4.88228,0.0,0.0
3128.572,-0.325596,-12.0,10.0,4.88228,0.0,0.0
3128.606,-0.166636,-12.0,10.0,4.88228,0.0,0.0
3128.64,-0.000426,-12.0,10.0,4.88228,0.0,0.0
3128.673,0.161749,-12.0,10.0,4.88228,0.0,0.0
3128.707,0.325785,-12.0,10.0,4.88228,0.0,0.0
3128.741,0.490616,-12.0,10.0,4.88228,0.0,0.0
3128.774,0.655468,-12.0,10.0,4.88228,0.0,0.0
3128.807,0.817496,-12.0,10.0,4.88228,0.0,0.0
3128.841,0.978379,-12.0,10.0,4.88228,0.0,0.0
3128.873,1.143498,-12.0,10.0,4.88228,0.0,0.0
3128.907,1.305704,-12.0,10.0,4.88228,0.0,0.0
3128.941,1.466594,-12.0,10.0,4.88228,0.0,0.0
3128.975,1.631994,-12.0,10.0,4.88228,0.0,0.0
3129.007,1.797864,-12.0,10.0,4.88228,0.0,0.0
3129.041,1.957925,-12.0,10.0,4.88228,0.0,0.0
3129.077,2.123485,-12.0,10.0,4.88228,0.0,0.0
3129.11,2.296426,-12.0,10.0,4.88228,0.0,0.0
3129.144,2.45664,-12.0,10.0,4.88228,0.0,0.0
3129.178,2.626782,-12.0,10.0,4.88228,0.0,0.0
3129.211,2.790757,-12.0,10.0,4.88228,0.0,0.0
3129.244,2.947874,-12.0,10.0,4.88228,0.0,0.0
3129.277,3.113795,-12.0,10.0,4.88228,0.0,0.0
3129.31,3.276451,-12.0,10.0,4.88228,0.0,0.0
3129.345,3.435961,-12.0,10.0,4.88228,0.0,0.0
3129.377,3.603111,-12.0,10.0,4.88228,0.0,0.0
3129.41,3.765106,-12.0,10.0,4.88228,0.0,0.0
3129.445,3.923727,-12.0,10.0,4.88228,0.0,0.0
3129.477,4.090299,-12.0,10.0,4.88228,0.0,0.0
3129.51,4.253756,-12.0,10.0,4.88228,0.0,0.0
3129.545,4.413082,-12.0,10.0,4.88228,0.0,0.0
3129.577,4.580345,-12.0,10.0,4.88228,0.0,0.0
3129.61,4.740998,-12.0,10.0,4.88228,0.0,0.0
3129.644,4.901045,-12.0,10.0,4.88228,0.0,0.0
3129.678,5.066877,-12.0,10.0,4.88228,0.0,0.0
3129.71,5.229658,-12.0,10.0,4.88228,0.0,0.0
3129.745,5.389167,-12.0,10.0,4.88228,0.0,0.0
3129.777,5.553912,-12.0,10.0,4.88228,0.0,0.0
3129.81,5.71716,-12.0,10.0,4.88228,0.0,0.0
3129.845,5.876762,-12.0,10.0,4.88228,0.0,0.0
3129.878,6.042902,-12.0,10.0,4.88228,0.0,0.0
3129.91,6.206243,-12.0,10.0,4.88228,0.0,0.0
3129.944,6.367049,-12.0,10.0,4.88228,0.0,0.0
3129.978,6.531484,-12.0,10.0,4.88228,0.0,0.0
3130.011,6.699113,-12.0,10.0,4.88228,0.0,0.0
3130.045,6.858398,-12.0,10.0,4.88228,0.0,0.0
3130.079,7.025607,-12.0,10.0,4.88228,0.0,0.0
3130.111,7.187014,-12.0,10.0,4.88228,0.0,0.0
3130.145,7.346562,-12.0,10.0,4.88228,0.0,0.0
3130.179,7.512921,-12.0,10.0,4.88228,0.0,0.0
3130.211,7.676013,-12.0,10.0,4.88228,0.0,0.0
3130.245,7.839952,-12.0,10.0,4.88228,0.0,0.0
3130.278,8.001218,-12.0,10.0,4.88228,0.0,0.0
3130.311,8.163188,-12.0,10.0,4.88228,0.0,0.0
3130.346,8.325532,-12.0,10.0,4.88228,0.0,0.0
3130.379,8.490917,-12.0,10.0,4.88228,0.0,0.0
3130.413,8.65322,-12.0,10.0,4.88228,0.0,0.0
3130.446,8.81753,-12.0,10.0,4.88228,0.0,0.0
3130.48,8.981787,-12.0,10.0,4.88228,0.0,0.0
3130.513,9.146804,-12.0,10.0,4.88228,0.0,0.0
3130.547,9.308187,-12.0,10.0,4.88228,0.0,0.0
3130.581,9.474055,-12.0,10.0,4.88228,0.0,0.0
3130.613,9.637486,-12.0,10.0,4.88228,0.0,0.0
3130.647,9.798642,-12.0,10.0,4.88228,0.0,0.0
3130.681,9.964791,-12.0,10.0,4.88228,0.0,0.0
3130.713,10.12603,-12.0,10.0,4.88228,0.0,0.0
3130.748,10.09808,-12.0,10.0,-0.88228,0.0,0.0
3130.781,10.00297,-12.0,10.0,-2.64684,0.0,0.0
3130.815,9.859913,-12.0,10.0,-4.4114,0.0,0.0
3130.847,9.697092,-12.0,10.0,-4.88228,0.0,0.0
3130.882,9.53587,-12.0,10.0,-4.88228,0.0,0.0
3130.915,9.369816,-12.0,10.0,-4.88228,0.0,0.0
3130.948,9.20592,-12.0,10.0,-4.88228,0.0,0.0
3130.981,9.047566,-12.0,10.0,-4.88228,0.0,0.0
3131.016,8.88073,-12.0,10.0,-4.88228,0.0,0.0
3131.048,8.716802,-12.0,10.0,-4.88228,0.0,0.0
3131.081,8.555008,-12.0,10.0,-4.88228,0.0,0.0
3131.116,8.390362,-12.0,10.0,-4.88228,0.0,0.0
3131.148,8.225491,-12.0,10.0,-4.88228,0.0,0.0
3131.183,8.065358,-12.0,10.0,-4.88228,0.0,0.0
3131.217,7.899911,-12.0,10.0,-4.88228,0.0,0.0
3131.25,7.733886,-12.0,10.0,-4.88228,0.0,0.0
3131.283,7.572376,-12.0,10.0,-4.88228,0.0,0.0
3131.317,7.406266,-12.0,10.0,-4.88228,0.0,0.0
3131.35,7.244099,-12.0,10.0,-4.88228,0.0,0.0
3131.385,7.080851,-12.0,10.0,-4.88228,0.0,0.0
3131.418,6.915726,-12.0,10.0,-4.88228,0.0,0.0
3131.45,6.751964,-12.0,10.0,-4.88228,0.0,0.0
3131.485,6.593462,-12.0,10.0,-4.88228,0.0,0.0
3131.518,6.428216,-12.0,10.0,-4.88228,0.0,0.0
3131.552,6.262323,-12.0,10.0,-4.88228,0.0,0.0
3131.585,6.099441,-12.0,10.0,-4.88228,0.0,0.0
3131.619,5.934335,-12.0,10.0,-4.88228,0.0,0.0
3131.651,5.77162,-12.0,10.0,-4.88228,0.0,0.0
3131.686,5.610326,-12.0,10.0,-4.88228,0.0,0.0
3131.719,5.440269,-12.0,10.0,-4.88228,0.0,0.0
3131.752,5.281109,-12.0,10.0,-4.88228,0.0,0.0
3131.786,5.118803,-12.0,10.0,-4.88228,0.0,0.0
3131.82,4.952942,-12.0,10.0,-4.88228,0.0,0.0
3131.853,4.788354,-12.0,10.0,-4.88228,0.0,0.0
3131.888,4.624703,-12.0,10.0,-4.88228,0.0,0.0
3131.922,4.459321,-12.0,10.0,-4.88228,0.0,0.0
3131.955,4.293733,-12.0,10.0,-4.88228,0.0,0.0
3131.987,4.130667,-12.0,10.0,-4.88228,0.0,0.0
3132.021,3.970044,-12.0,10.0,-4.88228,0.0,0.0
3132.056,3.805243,-12.0,10.0,-4.88228,0.0,0.0
3132.088,3.639087,-12.0,10.0,-4.88228,0.0,0.0
3132.121,3.477433,-12.0,10.0,-4.88228,0.0,0.0
3132.156,3.311547,-12.0,10.0,-4.88228,0.0,0.0
3132.189,3.149562,-12.0,10.0,-4.88228,0.0,0.0
3132.223,2.985154,-12.0,10.0,-4.88228,0.0,0.0
3132.257,2.820886,-12.0,10.0,-4.88228,0.0,0.0
3132.29,2.656926,-12.0,10.0,-4.88228,0.0,0.0
3132.325,2.492782,-12.0,10.0,-4.88228,0.0,0.0
3132.358,2.32686,-12.0,10.0,-4.88228,0.0,0.0
3132.391,2.161476,-12.0,10.0,-4.88228,0.0,0.0
3132.426,1.997595,-12.0,10.0,-4.88228,0.0,0.0
3132.459,1.83225,-12.0,10.0,-4.88228,0.0,0.0
3132.492,1.669402,-12.0,10.0,-4.88228,0.0,0.0
3132.526,1.506494,-12.0,10.0,-4.88228,0.0,0.0
3132.56,1.341148,-12.0,10.0,-4.88228,0.0,0.0
3132.593,1.174468,-12.0,10.0,-4.88228,0.0,0.0
3132.627,1.015208,-12.0,10.0,-4.88228,0.0,0.0
3132.66,0.848496,-12.0,10.0,-4.88228,0.0,0.0
3132.693,0.687358,-12.0,10.0,-4.88228,0.0,0.0
3132.727,0.52284,-12.0,10.0,-4.88228,0.0,0.0
3132.761,0.357198,-12.0,10.0,-4.88228,0.0,0.0
3132.795,0.194821,-12.0,10.0,-4.88228,0.0,0.0
3132.827,0.031588,-12.0,10.0,-4.88228,0.0,0.0
3132.861,-0.128475,-12.0,10.0,-4.88228,0.0,0.0
3132.895,-0.295179,-12.0,10.0,-4.88228,0.0,0.0
3132.928,-0.458001,-12.0,10.0,-4.88228,0.0,0.0
3132.962,-0.618122,-12.0,10.0,-4.88228,0.0,0.0
3132.995,-0.785131,-12.0,10.0,-4.88228,0.0,0.0
3133.028,-0.949579,-12.0,10.0,-4.88228,0.0,0.0
3133.062,-1.110709,-12.0,10.0,-4.88228,0.0,0.0
3133.095,-1.276269,-12.0,10.0,-4.88228,0.0,0.0
3133.128,-1.440197,-12.0,10.0,-4.88228,0.0,0.0
3133.162,-1.599393,-12.0,10.0,-4.88228,0.0,0.0
3133.196,-1.764487,-12.0,10.0,-4.88228,0.0,0.0
3133.229,-1.931665,-12.0,10.0,-4.88228,0.0,0.0
3133.263,-2.090667,-12.0,10.0,-4.88228,0.0,0.0
3133.296,-2.256518,-12.0,10.0,-4.88228,0.0,0.0
3133.329,-2.419407,-12.0,10.0,-4.88228,0.0,0.0
3133.363,-2.578675,-12.0,10.0,-4.88228,0.0,0.0
3133.396,-2.744113,-12.0,10.0,-4.88228,0.0,0.0
3133.429,-2.906724,-12.0,10.0,-4.88228,0.0,0.0
3133.463,-3.070543,-12.0,10.0,-4.88228,0.0,0.0
3133.497,-3.235459,-12.0,10.0,-4.88228,0.0,0.0
3133.53,-3.399741,-12.0,10.0,-4.88228,0.0,0.0
3133.565,-3.563188,-12.0,10.0,-4.88228,0.0,0.0
3133.598,-3.728012,-12.0,10.0,-4.88228,0.0,0.0
3133.631,-3.892412,-12.0,10.0,-4.88228,0.0,0.0
3133.666,-4.057358,-12.0,10.0,-4.88228,0.0,0.0
3133.7,-4.223262,-12.0,10.0,-4.88228,0.0,0.0
3133.732,-4.386507,-12.0,10.0,-4.88228,0.0,0.0
3133.766,-4.547901,-12.0,10.0,-4.88228,0.0,0.0
3133.8,-4.71243,-12.0,10.0,-4.88228,0.0,0.0
3133.833,-4.878341,-12.0,10.0,-4.88228,0.0,0.0
3133.867,-5.039637,-12.0,10.0,-4.88228,0.0,0.0
3133.901,-5.2065,-12.0,10.0,-4.88228,0.0,0.0
3133.933,-5.140484,-12.0,10.0,0.88228,0.0,0.0
3133.967,-5.036017,-12.0,10.0,2.64684,0.0,0.0
3134.001,-4.882322,-12.0,10.0,4.4114,0.0,0.0
3134.035,-4.713614,-12.0,10.0,4.88228,0.0,0.0
3134.068,-4.548966,-12.0,10.0,4.88228,0.0,0.0
3134.102,-4.385295,-12.0,10.0,4.88228,0.0,0.0
3134.136,-4.218094,-12.0,10.0,4.88228,0.0,0.0
3134.169,-4.054777,-12.0,10.0,4.88228,0.0,0.0
3134.203,-3.896058,-12.0,10.0,4.88228,0.0,0.0
3134.237,-3.730556,-12.0,10.0,4.88228,0.0,0.0
3134.269,-3.563868,-12.0,10.0,4.88228,0.0,0.0
3134.304,-3.404518,-12.0,10.0,4.88228,0.0,0.0
3134.337,-3.233402,-12.0,10.0,4.88228,0.0,0.0
3134.37,-3.07065,-12.0,10.0,4.88228,0.0,0.0
3134.404,-2.91176,-12.0,10.0,4.88228,0.0,0.0
3134.437,-2.74595,-12.0,10.0,4.88228,0.0,0.0
3134.471,-2.583243,-12.0,10.0,4.88228,0.0,0.0
3134.504,-2.423466,-12.0,10.0,4.88228,0.0,0.0
3134.538,-2.257705,-12.0,10.0,4.88228,0.0,0.0
3134.571,-2.09327,-12.0,10.0,4.88228,0.0,0.0
3134.605,-1.930062,-12.0,10.0,4.88228,0.0,0.0
3134.639,-1.76407,-12.0,10.0,4.88228,0.0,0.0
3134.672,-1.597958,-12.0,10.0,4.88228,0.0,0.0
3134.705,-1.437528,-12.0,10.0,4.88228,0.0,0.0
3134.74,-1.271548,-12.0,10.0,4.88228,0.0,0.0
3134.772,-1.10596,-12.0,10.0,4.88228,0.0,0.0
3134.807,-0.946725,-12.0,10.0,4.88228,0.0,0.0
3134.84,-0.778361,-12.0,10.0,4.88228,0.0,0.0
3134.873,-0.615749,-12.0,10.0,4.88228,0.0,0.0
3134.907,-0.45424,-12.0,10.0,4.88228,0.0,0.0
3134.941,-0.290313,-12.0,10.0,4.88228,0.0,0.0
3134.975,-0.121141,-12.0,10.0,4.88228,0.0,0.0
3135.007,0.044501,-12.0,10.0,4.88228,0.0,0.0
3135.042,0.201908,-12.0,10.0,4.88228,0.0,0.0
3135.075,0.365813,-12.0,10.0,4.88228,0.0,0.0
3135.108,0.531511,-12.0,10.0,4.88228,0.0,0.0
3135.142,0.692464,-12.0,10.0,4.88228,0.0,0.0
3135.175,0.856048,-12.0,10.0,4.88228,0.0,0.0
3135.209,1.019052,-12.0,10.0,4.88228,0.0,0.0
3135.244,1.184126,-12.0,10.0,4.88228,0.0,0.0
3135.277,1.354826,-12.0,10.0,4.88228,0.0,0.0
3135.311,1.518422,-12.0,10.0,4.88228,0.0,0.0
3135.344,1.679944,-12.0,10.0,4.88228,0.0,0.0
3135.378,1.844203,-12.0,10.0,4.88228,0.0,0.0
3135.41,2.008159,-12.0,10.0,4.88228,0.0,0.0
3135.444,2.167479,-12.0,10.0,4.88228,0.0,0.0
3135.478,2.332281,-12.0,10.0,4.88228,0.0,0.0
3135.51,2.497706,-12.0,10.0,4.88228,0.0,0.0
3135.546,2.658207,-12.0,10.0,4.88228,0.0,0.0
3135.579,2.827381,-12.0,10.0,4.88228,0.0,0.0
3135.612,2.9903,-12.0,10.0,4.88228,0.0,0.0
3135.646,3.151886,-12.0,10.0,4.88228,0.0,0.0
3135.68,3.319403,-12.0,10.0,4.88228,0.0,0.0
3135.712,3.48257,-12.0,10.0,4.88228,0.0,0.0
3135.747,3.642058,-12.0,10.0,4.88228,0.0,0.0
3135.78,3.809544,-12.0,10.0,4.88228,0.0,0.0
3135.813,3.970865,-12.0,10.0,4.88228,0.0,0.0
3135.847,4.135159,-12.0,10.0,4.88228,0.0,0.0
3135.881,4.299888,-12.0,10.0,4.88228,0.0,0.0
3135.915,4.465666,-12.0,10.0,4.88228,0.0,0.0
3135.947,4.627174,-12.0,10.0,4.88228,0.0,0.0
3135.981,4.790113,-12.0,10.0,4.88228,0.0,0.0
3136.014,4.955086,-12.0,10.0,4.88228,0.0,0.0
3136.048,5.117888,-12.0,10.0,4.88228,0.0,0.0
3136.082,5.279456,-12.0,10.0,4.88228,0.0,0.0
3136.116,5.44425,-12.0,10.0,4.88228,0.0,0.0
3136.148,5.609766,-12.0,10.0,4.88228,0.0,0.0
3136.182,5.770679,-12.0,10.0,4.88228,0.0,0.0
3136.216,5.93681,-12.0,10.0,4.88228,0.0,0.0
3136.249,6.100885,-12.0,10.0,4.88228,0.0,0.0
3136.283,6.260893,-12.0,10.0,4.88228,0.0,0.0
3136.316,6.429678,-12.0,10.0,4.88228,0.0,0.0
3136.349,6.589518,-12.0,10.0,4.88228,0.0,0.0
3136.383,6.751914,-12.0,10.0,4.88228,0.0,0.0
3136.416,6.917348,-12.0,10.0,4.88228,0.0,0.0
3136.449,7.078785,-12.0,10.0,4.88228,0.0,0.0
3136.483,7.242455,-12.0,10.0,4.88228,0.0,0.0
3136.517,7.409846,-12.0,10.0,4.88228,0.0,0.0
3136.55,7.5719,-12.0,10.0,4.88228,0.0,0.0
3136.585,7.733188,-12.0,10.0,4.88228,0.0,0.0
3136.618,7.898885,-12.0,10.0,4.88228,0.0,0.0
3136.65,8.062032,-12.0,10.0,4.88228,0.0,0.0
3136.685,8.220706,-12.0,10.0,4.88228,0.0,0.0
3136.718,8.386665,-12.0,10.0,4.88228,0.0,0.0
3136.75,8.550263,-12.0,10.0,4.88228,0.0,0.0
3136.785,8.709876,-12.0,10.0,4.88228,0.0,0.0
3136.818,8.875418,-12.0,10.0,4.88228,0.0,0.0
3136.85,9.036805,-12.0,10.0,4.88228,0.0,0.0
3136.885,9.19792,-12.0,10.0,4.88228,0.0,0.0
3136.919,9.364498,-12.0,10.0,4.88228,0.0,0.0
3136.951,9.529826,-12.0,10.0,4.88228,0.0,0.0
3136.985,9.690591,-12.0,10.0,4.88228,0.0,0.0
3137.02,9.856287,-12.0,10.0,4.88228,0.0,0.0
3137.052,10.02263,-12.0,10.0,4.88228,0.0,0.0
3137.087,10.18348,-12.0,10.0,4.88228,0.0,0.0
3137.12,10.06394,-12.0,10.0,-1.76456,0.0,0.0
3137.153,9.970171,-12.0,10.0,-2.64684,0.0,0.0
3137.187,9.805871,-12.0,10.0,-4.4114,0.0,0.0
3137.22,9.635123,-12.0,10.0,-4.88228,0.0,0.0
3137.253,9.473676,-12.0,10.0,-4.88228,0.0,0.0
3137.288,9.312806,-12.0,10.0,-4.88228,0.0,0.0
3137.321,9.145229,-12.0,10.0,-4.88228,0.0,0.0
3137.356,8.982984,-12.0,10.0,-4.88228,0.0,0.0
3137.388,8.815116,-12.0,10.0,-4.88228,0.0,0.0
3137.422,8.654531,-12.0,10.0,-4.88228,0.0,0.0
3137.456,8.488902,-12.0,10.0,-4.88228,0.0,0.0
3137.489,8.321984,-12.0,10.0,-4.88228,0.0,0.0
3137.524,8.161759,-12.0,10.0,-4.88228,0.0,0.0
3137.558,7.992519,-12.0,10.0,-4.88228,0.0,0.0
3137.59,7.826865,-12.0,10.0,-4.88228,0.0,0.0
3137.625,7.66455,-12.0,10.0,-4.88228,0.0,0.0
3137.658,7.498718,-12.0,10.0,-4.88228,0.0,0.0
3137.691,7.337129,-12.0,10.0,-4.88228,0.0,0.0
3137.725,7.175459,-12.0,10.0,-4.88228,0.0,0.0
3137.759,7.00824,-12.0,10.0,-4.88228,0.0,0.0
3137.792,6.845705,-12.0,10.0,-4.88228,0.0,0.0
3137.825,6.685519,-12.0,10.0,-4.88228,0.0,0.0
3137.859,6.518807,-12.0,10.0,-4.88228,0.0,0.0
3137.892,6.356437,-12.0,10.0,-4.88228,0.0,0.0
3137.925,6.192824,-12.0,10.0,-4.88228,0.0,0.0
3137.959,6.031892,-12.0,10.0,-4.88228,0.0,0.0
3137.991,5.867837,-12.0,10.0,-4.88228,0.0,0.0
3138.025,5.709355,-12.0,10.0,-4.88228,0.0,0.0
3138.058,5.543737,-12.0,10.0,-4.88228,0.0,0.0
3138.096,5.37978,-12.0,10.0,-4.88228,0.0,0.0
3138.13,5.199177,-12.0,10.0,-4.88228,0.0,0.0
3138.163,5.036084,-12.0,10.0,-4.88228,0.0,0.0
3138.196,4.873194,-12.0,10.0,-4.88228,0.0,0.0
3138.228,4.710485,-12.0,10.0,-4.88228,0.0,0.0
3138.262,4.55127,-12.0,10.0,-4.88228,0.0,0.0
3138.296,4.384036,-12.0,10.0,-4.88228,0.0,0.0
3138.329,4.221075,-12.0,10.0,-4.88228,0.0,0.0
3138.363,4.061627,-12.0,10.0,-4.88228,0.0,0.0
3138.396,3.895875,-12.0,10.0,-4.88228,0.0,0.0
3138.429,3.73307,-12.0,10.0,-4.88228,0.0,0.0
3138.463,3.573465,-12.0,10.0,-4.88228,0.0,0.0
3138.495,3.407714,-12.0,10.0,-4.88228,0.0,0.0
3138.529,3.246132,-12.0,10.0,-4.88228,0.0,0.0
3138.563,3.084236,-12.0,10.0,-4.88228,0.0,0.0
3138.596,2.917835,-12.0,10.0,-4.88228,0.0,0.0
3138.629,2.755393,-12.0,10.0,-4.88228,0.0,0.0
3138.663,2.595445,-12.0,10.0,-4.88228,0.0,0.0
3138.697,2.429241,-12.0,10.0,-4.88228,0.0,0.0
3138.729,2.263024,-12.0,10.0,-4.88228,0.0,0.0
3138.765,2.104972,-12.0,10.0,-4.88228,0.0,0.0
3138.797,1.935287,-12.0,10.0,-4.88228,0.0,0.0
3138.83,1.773248,-12.0,10.0,-4.88228,0.0,0.0
3138.864,1.612485,-12.0,10.0,-4.88228,0.0,0.0
3138.898,1.447684,-12.0,10.0,-4.88228,0.0,0.0
3138.93,1.283682,-12.0,10.0,-4.88228,0.0,0.0
3138.965,1.123408,-12.0,10.0,-4.88228,0.0,0.0
3138.998,0.957069,-12.0,10.0,-4.88228,0.0,0.0
3139.03,0.794937,-12.0,10.0,-4.88228,0.0,0.0
3139.065,0.634903,-12.0,10.0,-4.88228,0.0,0.0
3139.097,0.468091,-12.0,10.0,-4.88228,0.0,0.0
3139.131,0.305943,-12.0,10.0,-4.88228,0.0,0.0
3139.165,0.146911,-12.0,10.0,-4.88228,0.0,0.0
3139.198,-0.021013,-12.0,10.0,-4.88228,0.0,0.0
3139.231,-0.184517,-12.0,10.0,-4.88228,0.0,0.0
3139.265,-0.342987,-12.0,10.0,-4.88228,0.0,0.0
3139.298,-0.508862,-12.0,10.0,-4.88228,0.0,0.0
3139.331,-0.672208,-12.0,10.0,-4.88228,0.0,0.0
3139.366,-0.831074,-12.0,10.0,-4.88228,0.0,0.0
3139.399,-1.001441,-12.0,10.0,-4.88228,0.0,0.0
3139.431,-1.16331,-12.0,10.0,-4.88228,0.0,0.0
3139.466,-1.32426,-12.0,10.0,-4.88228,0.0,0.0
3139.499,-1.493684,-12.0,10.0,-4.88228,0.0,0.0
3139.532,-1.654123,-12.0,10.0,-4.88228,0.0,0.0
3139.567,-1.814269,-12.0,10.0,-4.88228,0.0,0.0
3139.6,-1.984413,-12.0,10.0,-4.88228,0.0,0.0
3139.633,-2.144565,-12.0,10.0,-4.88228,0.0,0.0
3139.667,-2.306844,-12.0,10.0,-4.88228,0.0,0.0
3139.701,-2.471958,-12.0,10.0,-4.88228,0.0,0.0
3139.733,-2.634238,-12.0,10.0,-4.88228,0.0,0.0
3139.767,-2.795271,-12.0,10.0,-4.88228,0.0,0.0
3139.801,-2.960779,-12.0,10.0,-4.88228,0.0,0.0
3139.834,-3.124271,-12.0,10.0,-4.88228,0.0,0.0
3139.868,-3.288983,-12.0,10.0,-4.88228,0.0,0.0
3139.903,-3.454526,-12.0,10.0,-4.88228,0.0,0.0
3139.936,-3.621624,-12.0,10.0,-4.88228,0.0,0.0
3139.968,-3.785297,-12.0,10.0,-4.88228,0.0,0.0
3140.002,-3.943529,-12.0,10.0,-4.88228,0.0,0.0
3140.036,-4.109747,-12.0,10.0,-4.88228,0.0,0.0
3140.068,-4.271118,-12.0,10.0,-4.88228,0.0,0.0
3140.103,-4.432291,-12.0,10.0,-4.88228,0.0,0.0
3140.135,-4.599066,-12.0,10.0,-4.88228,0.0,0.0
3140.169,-4.759957,-12.0,10.0,-4.88228,0.0,0.0
3140.203,-4.921899,-12.0,10.0,-4.88228,0.0,0.0
3140.236,-5.086801,-12.0,10.0,-4.88228,0.0,0.0
3140.269,-5.250192,-12.0,10.0,-4.88228,0.0,0.0
3140.304,-5.107048,-12.0,10.0,1.76456,0.0,0.0
3140.337,-4.988627,-12.0,10.0,3.52912,0.0,0.0
3140.371,-4.838176,-12.0,10.0,4.4114,0.0,0.0
3140.404,-4.670047,-12.0,10.0,4.88228,0.0,0.0
3140.438,-4.50433,-12.0,10.0,4.88228,0.0,0.0
3140.471,-4.337244,-12.0,10.0,4.88228,0.0,0.0
3140.505,-4.17727,-12.0,10.0,4.88228,0.0,0.0
3140.539,-4.010569,-12.0,10.0,4.88228,0.0,0.0
3140.571,-3.844791,-12.0,10.0,4.88228,0.0,0.0
3140.606,-3.685849,-12.0,10.0,4.88228,0.0,0.0
3140.639,-3.5185,-12.0,10.0,4.88228,0.0,0.0
3140.672,-3.354173,-12.0,10.0,4.88228,0.0,0.0
3140.706,-3.195908,-12.0,10.0,4.88228,0.0,0.0
3140.74,-3.030193,-12.0,10.0,4.88228,0.0,0.0
3140.772,-2.86728,-12.0,10.0,4.88228,0.0,0.0
3140.806,-2.706949,-12.0,10.0,4.88228,0.0,0.0
3140.84,-2.541414,-12.0,10.0,4.88228,0.0,0.0
3140.873,-2.376229,-12.0,10.0,4.88228,0.0,0.0
3140.908,-2.213153,-12.0,10.0,4.88228,0.0,0.0
3140.94,-2.045238,-12.0,10.0,4.88228,0.0,0.0
3140.975,-1.883439,-12.0,10.0,4.88228,0.0,0.0
3141.007,-1.719769,-12.0,10.0,4.88228,0.0,0.0
3141.041,-1.559672,-12.0,10.0,4.88228,0.0,0.0
3141.075,-1.392877,-12.0,10.0,4.88228,0.0,0.0
3141.107,-1.230688,-12.0,10.0,4.88228,0.0,0.0
3141.141,-1.06852,-12.0,10.0,4.88228,0.0,0.0
3141.175,-0.902987,-12.0,10.0,4.88228,0.0,0.0
3141.208,-0.740292,-12.0,10.0,4.88228,0.0,0.0
3141.242,-0.578032,-12.0,10.0,4.88228,0.0,0.0
3141.275,-0.412485,-12.0,10.0,4.88228,0.0,0.0
3141.308,-0.249619,-12.0,10.0,4.88228,0.0,0.0
3141.341,-0.090023,-12.0,10.0,4.88228,0.0,0.0
3141.376,0.07672,-12.0,10.0,4.88228,0.0,0.0
3141.408,0.239656,-12.0,10.0,4.88228,0.0,0.0
3141.442,0.400097,-12.0,10.0,4.88228,0.0,0.0
3141.476,0.563618,-12.0,10.0,4.88228,0.0,0.0
3141.509,0.73028,-12.0,10.0,4.88228,0.0,0.0
3141.542,0.888612,-12.0,10.0,4.88228,0.0,0.0
3141.576,1.055971,-12.0,10.0,4.88228,0.0,0.0
3141.609,1.216761,-12.0,10.0,4.88228,0.0,0.0
3141.643,1.380965,-12.0,10.0,4.88228,0.0,0.0
3141.676,1.546658,-12.0,10.0,4.88228,0.0,0.0
3141.709,1.708282,-12.0,10.0,4.88228,0.0,0.0
3141.743,1.870824,-12.0,10.0,4.88228,0.0,0.0
3141.777,2.036005,-12.0,10.0,4.88228,0.0,0.0
3141.81,2.20068,-12.0,10.0,4.88228,0.0,0.0
3141.843,2.360431,-12.0,10.0,4.88228,0.0,0.0
3141.877,2.526036,-12.0,10.0,4.88228,0.0,0.0
3141.91,2.689344,-12.0,10.0,4.88228,0.0,0.0
3141.944,2.849529,-12.0,10.0,4.88228,0.0,0.0
3141.977,3.014517,-12.0,10.0,4.88228,0.0,0.0
3142.01,3.17739,-12.0,10.0,4.88228,0.0,0.0
3142.044,3.338747,-12.0,10.0,4.88228,0.0,0.0
3142.077,3.503688,-12.0,10.0,4.88228,0.0,0.0
3142.111,3.665176,-12.0,10.0,4.88228,0.0,0.0
3142.146,3.830558,-12.0,10.0,4.88228,0.0,0.0
3142.179,3.999258,-12.0,10.0,4.88228,0.0,0.0
3142.212,4.16205,-12.0,10.0,4.88228,0.0,0.0
3142.246,4.323835,-12.0,10.0,4.88228,0.0,0.0
3142.28,4.489321,-12.0,10.0,4.88228,0.0,0.0
3142.313,4.654433,-12.0,10.0,4.88228,0.0,0.0
3142.347,4.817233,-12.0,10.0,4.88228,0.0,0.0
3142.381,4.981624,-12.0,10.0,4.88228,0.0,0.0
3142.413,5.144777,-12.0,10.0,4.88228,0.0,0.0
3142.448,5.307397,-12.0,10.0,4.88228,0.0,0.0
3142.481,5.474618,-12.0,10.0,4.88228,0.0,0.0
3142.515,5.635866,-12.0,10.0,4.88228,0.0,0.0
3142.548,5.800679,-12.0,10.0,4.88228,0.0,0.0
3142.582,5.963466,-12.0,10.0,4.88228,0.0,0.0
3142.616,6.12817,-12.0,10.0,4.88228,0.0,0.0
3142.649,6.294267,-12.0,10.0,4.88228,0.0,0.0
3142.684,6.457167,-12.0,10.0,4.88228,0.0,0.0
3142.717,6.626769,-12.0,10.0,4.88228,0.0,0.0
3142.75,6.789137,-12.0,10.0,4.88228,0.0,0.0
3142.784,6.952609,-12.0,10.0,4.88228,0.0,0.0
3142.818,7.117709,-12.0,10.0,4.88228,0.0,0.0
3142.85,7.281483,-12.0,10.0,4.88228,0.0,0.0
3142.884,7.445201,-12.0,10.0,4.88228,0.0,0.0
3142.918,7.606505,-12.0,10.0,4.88228,0.0,0.0
3142.951,7.772537,-12.0,10.0,4.88228,0.0,0.0
3142.985,7.931802,-12.0,10.0,4.88228,0.0,0.0
3143.018,8.097645,-12.0,10.0,4.88228,0.0,0.0
3143.052,8.259315,-12.0,10.0,4.88228,0.0,0.0
3143.086,8.423413,-12.0,10.0,4.88228,0.0,0.0
3143.12,8.588223,-12.0,10.0,4.88228,0.0,0.0
3143.153,8.755714,-12.0,10.0,4.88228,0.0,0.0
3143.187,8.917912,-12.0,10.0,4.88228,0.0,0.0
3143.22,9.084656,-12.0,10.0,4.88228,0.0,0.0
3143.253,9.245791,-12.0,10.0,4.88228,0.0,0.0
3143.287,9.406069,-12.0,10.0,4.88228,0.0,0.0
3143.32,9.570868,-12.0,10.0,4.88228,0.0,0.0
3143.353,9.734733,-12.0,10.0,4.88228,0.0,0.0
3143.387,9.894074,-12.0,10.0,4.88228,0.0,0.0
3143.42,10.05945,-12.0,10.0,4.88228,0.0,0.0
3143.454,10.22175,-12.0,10.0,4.88228,0.0,0.0
3143.488,10.05191,-12.0,10.0,-1.76456,0.0,0.0
3143.521,9.927688,-12.0,10.0,-3.52912,0.0,0.0
3143.553,9.774334,-12.0,10.0,-4.4114,0.0,0.0
3143.587,9.603857,-12.0,10.0,-4.88228,0.0,0.0
3143.621,9.43768,-12.0,10.0,-4.88228,0.0,0.0
3143.655,9.275989,-12.0,10.0,-4.88228,0.0,0.0
3143.688,9.11126,-12.0,10.0,-4.88228,0.0,0.0
3143.722,8.948778,-12.0,10.0,-4.88228,0.0,0.0
3143.755,8.782229,-12.0,10.0,-4.88228,0.0,0.0
3143.788,8.620789,-12.0,10.0,-4.88228,0.0,0.0
3143.821,8.456963,-12.0,10.0,-4.88228,0.0,0.0
3143.856,8.29248,-12.0,10.0,-4.88228,0.0,0.0
3143.889,8.128954,-12.0,10.0,-4.88228,0.0,0.0
3143.923,7.96736,-12.0,10.0,-4.88228,0.0,0.0
3143.956,7.801535,-12.0,10.0,-4.88228,0.0,0.0
3143.989,7.640084,-12.0,10.0,-4.88228,0.0,0.0
3144.023,7.479127,-12.0,10.0,-4.88228,0.0,0.0
3144.057,7.313107,-12.0,10.0,-4.88228,0.0,0.0
3144.089,7.148272,-12.0,10.0,-4.88228,0.0,0.0
3144.124,6.986202,-12.0,10.0,-4.88228,0.0,0.0
3144.157,6.819905,-12.0,10.0,-4.88228,0.0,0.0
3144.19,6.655665,-12.0,10.0,-4.88228,0.0,0.0
3144.224,6.496187,-12.0,10.0,-4.88228,0.0,0.0
3144.258,6.330763,-12.0,10.0,-4.88228,0.0,0.0
3144.29,6.165611,-12.0,10.0,-4.88228,0.0,0.0
3144.324,6.005384,-12.0,10.0,-4.88228,0.0,0.0
3144.358,5.840534,-12.0,10.0,-4.88228,0.0,0.0
3144.391,5.676542,-12.0,10.0,-4.88228,0.0,0.0
3144.425,5.513655,-12.0,10.0,-4.88228,0.0,0.0
3144.459,5.347528,-12.0,10.0,-4.88228,0.0,0.0
3144.492,5.184498,-12.0,10.0,-4.88228,0.0,0.0
3144.525,5.024725,-12.0,10.0,-4.88228,0.0,0.0
3144.559,4.859791,-12.0,10.0,-4.88228,0.0,0.0
3144.591,4.691833,-12.0,10.0,-4.88228,0.0,0.0
3144.626,4.534489,-12.0,10.0,-4.88228,0.0,0.0
3144.659,4.369656,-12.0,10.0,-4.88228,0.0,0.0
3144.693,4.206478,-12.0,10.0,-4.88228,0.0,0.0
3144.727,4.040129,-12.0,10.0,-4.88228,0.0,0.0
3144.76,3.871985,-12.0,10.0,-4.88228,0.0,0.0
3144.793,3.710946,-12.0,10.0,-4.88228,0.0,0.0
3144.828,3.550472,-12.0,10.0,-4.88228,0.0,0.0
3144.861,3.385171,-12.0,10.0,-4.88228,0.0,0.0
3144.895,3.220701,-12.0,10.0,-4.88228,0.0,0.0
3144.929,3.054899,-12.0,10.0,-4.88228,0.0,0.0
3144.962,2.89224,-12.0,10.0,-4.88228,0.0,0.0
3144.995,2.727173,-12.0,10.0,-4.88228,0.0,0.0
3145.029,2.56433,-12.0,10.0,-4.88228,0.0,0.0
3145.062,2.404653,-12.0,10.0,-4.88228,0.0,0.0
3145.096,2.239217,-12.0,10.0,-4.88228,0.0,0.0
3145.129,2.074379,-12.0,10.0,-4.88228,0.0,0.0
3145.163,1.912431,-12.0,10.0,-4.88228,0.0,0.0
3145.198,1.742487,-12.0,10.0,-4.88228,0.0,0.0
3145.231,1.574685,-12.0,10.0,-4.88228,0.0,0.0
3145.265,1.414724,-12.0,10.0,-4.88228,0.0,0.0
3145.299,1.249113,-12.0,10.0,-4.88228,0.0,0.0
3145.332,1.084109,-12.0,10.0,-4.88228,0.0,0.0
3145.367,0.922272,-12.0,10.0,-4.88228,0.0,0.0
3145.4,0.752316,-12.0,10.0,-4.88228,0.0,0.0
3145.433,0.591421,-12.0,10.0,-4.88228,0.0,0.0
3145.469,0.424129,-12.0,10.0,-4.88228,0.0,0.0
3145.501,0.25276,-12.0,10.0,-4.88228,0.0,0.0
3145.535,0.092737,-12.0,10.0,-4.88228,0.0,0.0
3145.568,-0.066259,-12.0,10.0,-4.88228,0.0,0.0
3145.601,-0.228718,-12.0,10.0,-4.88228,0.0,0.0
3145.636,-0.39116,-12.0,10.0,-4.88228,0.0,0.0
3145.668,-0.561289,-12.0,10.0,-4.88228,0.0,0.0
3145.701,-0.716195,-12.0,10.0,-4.88228,0.0,0.0
3145.734,-0.881211,-12.0,10.0,-4.88228,0.0,0.0
3145.768,-1.043835,-12.0,10.0,-4.88228,0.0,0.0
3145.801,-1.203552,-12.0,10.0,-4.88228,0.0,0.0
3145.835,-1.368999,-12.0,10.0,-4.88228,0.0,0.0
3145.867,-1.531747,-12.0,10.0,-4.88228,0.0,0.0
3145.901,-1.692686,-12.0,10.0,-4.88228,0.0,0.0
3145.935,-1.85888,-12.0,10.0,-4.88228,0.0,0.0
3145.969,-2.023506,-12.0,10.0,-4.88228,0.0,0.0
3146.003,-2.187781,-12.0,10.0,-4.88228,0.0,0.0
3146.036,-2.353035,-12.0,10.0,-4.88228,0.0,0.0
3146.069,-2.515166,-12.0,10.0,-4.88228,0.0,0.0
3146.103,-2.677102,-12.0,10.0,-4.88228,0.0,0.0
3146.137,-2.842477,-12.0,10.0,-4.88228,0.0,0.0
3146.17,-3.008266,-12.0,10.0,-4.88228,0.0,0.0
3146.204,-3.169457,-12.0,10.0,-4.88228,0.0,0.0
3146.237,-3.335293,-12.0,10.0,-4.88228,0.0,0.0
3146.27,-3.498317,-12.0,10.0,-4.88228,0.0,0.0
3146.304,-3.6582,-12.0,10.0,-4.88228,0.0,0.0
3146.337,-3.822092,-12.0,10.0,-4.88228,0.0,0.0
3146.37,-3.98573,-12.0,10.0,-4.88228,0.0,0.0
3146.405,-4.149018,-12.0,10.0,-4.88228,0.0,0.0
3146.439,-4.317744,-12.0,10.0,-4.88228,0.0,0.0
3146.471,-4.480572,-12.0,10.0,-4.88228,0.0,0.0
3146.505,-4.641756,-12.0,10.0,-4.88228,0.0,0.0
3146.539,-4.806671,-12.0,10.0,-4.88228,0.0,0.0
3146.573,-4.971719,-12.0,10.0,-4.88228,0.0,0.0
3146.606,-5.137979,-12.0,10.0,-4.88228,0.0,0.0
3146.64,-5.152763,-12.0,10.0,0.88228,0.0,0.0
3146.672,-5.089306,-12.0,10.0,1.76456,0.0,0.0
3146.706,-4.95797,-12.0,10.0,3.52912,0.0,0.0
3146.74,-4.785226,-12.0,10.0,4.88228,0.0,0.0
3146.773,-4.624329,-12.0,10.0,4.88228,0.0,0.0
3146.808,-4.459557,-12.0,10.0,4.88228,0.0,0.0
3146.84,-4.29278,-12.0,10.0,4.88228,0.0,0.0
3146.873,-4.130346,-12.0,10.0,4.88228,0.0,0.0
3146.907,-3.96906,-12.0,10.0,4.88228,0.0,0.0
3146.945,-3.804607,-12.0,10.0,4.88228,0.0,0.0
3146.975,-3.625332,-12.0,10.0,4.88228,0.0,0.0
3147.025,-3.476958,-12.0,10.0,4.88228,0.0,0.0
3147.042,-3.233152,-12.0,10.0,4.88228,0.0,0.0
3147.08,-3.146818,-12.0,10.0,4.88228,0.0,0.0
3147.111,-2.965865,-12.0,10.0,4.88228,0.0,0.0
3147.143,-2.815829,-12.0,10.0,4.88228,0.0,0.0
3147.179,-2.656998,-12.0,10.0,4.88228,0.0,0.0
3147.21,-2.479681,-12.0,10.0,4.88228,0.0,0.0
3147.243,-2.328982,-12.0,10.0,4.88228,0.0,0.0
3147.276,-2.166558,-12.0,10.0,4.88228,0.0,0.0
3147.311,-2.004503,-12.0,10.0,4.88228,0.0,0.0
3147.343,-1.837504,-12.0,10.0,4.88228,0.0,0.0
3147.376,-1.678375,-12.0,10.0,4.88228,0.0,0.0
3147.41,-1.515829,-12.0,10.0,4.88228,0.0,0.0
