2553.513056,2553.4960,00.000000,-12.000000,10.000000
2553.532391,2553.5310,00.000000,-12.000000,10.000000
2553.581623,2553.5800,00.034900,-12.000000,10.000000
2553.6059,2553.6050,00.198524,-12.000000,10.000000
2553.638951,2553.6370,00.204140,-12.000000,10.000000
2553.672703,2553.6710,00.326270,-12.000000,10.000000
2553.706269,2553.7050,00.472273,-12.000000,10.000000
2553.739276,2553.7390,00.647480,-12.000000,10.000000
2553.773581,2553.7720,00.811288,-12.000000,10.000000
2553.807577,2553.8060,00.970862,-12.000000,10.000000
2553.841389,2553.8400,01.134082,-12.000000,10.000000
2553.873684,2553.8730,01.295794,-12.000000,10.000000
2553.908592,2553.9070,01.455977,-12.000000,10.000000
2553.941772,2553.9400,01.618468,-12.000000,10.000000
2553.974375,2553.9740,01.779786,-12.000000,10.000000
2554.008487,2554.0080,01.939172,-12.000000,10.000000
2554.042564,2554.0410,02.104104,-12.000000,10.000000
2554.07661,2554.0750,02.262355,-12.000000,10.000000
2554.108828,2554.1080,02.424954,-12.000000,10.000000
2554.142728,2554.1410,02.582768,-12.000000,10.000000
2554.178352,2554.1770,02.744232,-12.000000,10.000000
2554.209619,2554.2090,02.914691,-12.000000,10.000000
2554.243579,2554.2420,03.067914,-12.000000,10.000000
2554.277417,2554.2760,03.230696,-12.000000,10.000000
2554.310466,2554.3090,03.391868,-12.000000,10.000000
2554.344582,2554.3430,03.549758,-12.000000,10.000000
2554.378511,2554.3770,03.714135,-12.000000,10.000000
2554.412127,2554.4120,03.876400,-12.000000,10.000000
2554.444637,2554.4440,04.043373,-12.000000,10.000000
2554.47858,2554.4770,04.197759,-12.000000,10.000000
2554.511955,2554.5100,04.357462,-12.000000,10.000000
2554.545896,2554.5440,04.517657,-12.000000,10.000000
2554.57992,2554.5780,04.679277,-12.000000,10.000000
2554.612502,2554.6110,04.843445,-12.000000,10.000000
2554.64613,2554.6450,05.000229,-12.000000,10.000000
2554.679683,2554.6780,05.161437,-12.000000,10.000000
2554.7124,2554.7120,05.321755,-12.000000,10.000000
2554.746546,2554.7460,05.483578,-12.000000,10.000000
2554.780683,2554.7790,05.645999,-12.000000,10.000000
2554.814375,2554.8130,05.807147,-12.000000,10.000000
2554.847954,2554.8470,05.969365,-12.000000,10.000000
2554.882143,2554.8810,06.132969,-12.000000,10.000000
2554.916006,2554.9150,06.295983,-12.000000,10.000000
2554.948242,2554.9480,06.457784,-12.000000,10.000000
2554.983065,2554.9820,06.617042,-12.000000,10.000000
2555.015606,2555.0150,06.782763,-12.000000,10.000000
2555.050044,2555.0490,06.940249,-12.000000,10.000000
2555.082049,2555.0820,07.101716,-12.000000,10.000000
2555.116827,2555.1150,07.261634,-12.000000,10.000000
2555.149119,2555.1490,07.422067,-12.000000,10.000000
2555.183263,2555.1830,07.581783,-12.000000,10.000000
2555.217499,2555.2160,07.745287,-12.000000,10.000000
2555.250816,2555.2490,07.905316,-12.000000,10.000000
2555.283338,2555.2830,08.065578,-12.000000,10.000000
2555.318057,2555.3170,08.225928,-12.000000,10.000000
2555.351134,2555.3500,08.388414,-12.000000,10.000000
2555.384425,2555.3830,08.548931,-12.000000,10.000000
2555.416977,2555.4160,08.709273,-12.000000,10.000000
2555.451408,2555.4500,08.869095,-12.000000,10.000000
2555.484578,2555.4830,09.029594,-12.000000,10.000000
2555.516886,2555.5160,09.190249,-12.000000,10.000000
2555.552506,2555.5500,09.350287,-12.000000,10.000000
2555.584837,2555.5830,09.517192,-12.000000,10.000000
2555.617695,2555.6170,09.670676,-12.000000,10.000000
2555.651481,2555.6500,09.831573,-12.000000,10.000000
2555.68455,2555.6840,09.991977,-12.000000,10.000000
2555.718429,2555.7170,10.153480,-12.000000,10.000000
2555.753106,2555.7520,10.314340,-12.000000,10.000000
2555.785753,2555.7850,10.117470,-12.000000,10.000000
2555.819417,2555.8180,10.039530,-12.000000,10.000000
2555.852871,2555.8510,09.934411,-12.000000,10.000000
2555.886253,2555.8850,09.802913,-12.000000,10.000000
2555.918795,2555.9180,09.644025,-12.000000,10.000000
2555.952277,2555.9520,09.459786,-12.000000,10.000000
2555.98585,2555.9850,09.298828,-12.000000,10.000000
2556.019632,2556.0180,09.137080,-12.000000,10.000000
2556.052907,2556.0520,08.977146,-12.000000,10.000000
2556.086516,2556.0850,08.817049,-12.000000,10.000000
2556.120621,2556.1190,08.654860,-12.000000,10.000000
2556.153002,2556.1530,08.493320,-12.000000,10.000000
2556.18658,2556.1860,08.333708,-12.000000,10.000000
2556.220297,2556.2200,08.172729,-12.000000,10.000000
2556.254598,2556.2530,08.010070,-12.000000,10.000000
2556.288155,2556.2870,07.844838,-12.000000,10.000000
2556.321174,2556.3200,07.686012,-12.000000,10.000000
2556.354427,2556.3530,07.529944,-12.000000,10.000000
2556.388024,2556.3870,07.370705,-12.000000,10.000000
2556.420997,2556.4190,07.209202,-12.000000,10.000000
2556.453978,2556.4530,07.049172,-12.000000,10.000000
2556.488067,2556.4870,06.887832,-12.000000,10.000000
2556.521703,2556.5200,06.725984,-12.000000,10.000000
2556.554712,2556.5540,06.567563,-12.000000,10.000000
2556.589032,2556.5880,06.404284,-12.000000,10.000000
2556.621797,2556.6210,06.243124,-12.000000,10.000000
2556.656127,2556.6550,06.081994,-12.000000,10.000000
2556.688917,2556.6880,05.921640,-12.000000,10.000000
2556.722403,2556.7220,05.758959,-12.000000,10.000000
2556.756134,2556.7560,05.597410,-12.000000,10.000000
2556.789216,2556.7890,05.436729,-12.000000,10.000000
2556.823058,2556.8230,05.274843,-12.000000,10.000000
2556.856579,2556.8560,05.114567,-12.000000,10.000000
2556.890082,2556.8900,04.953637,-12.000000,10.000000
2556.923577,2556.9230,04.789884,-12.000000,10.000000
2556.958074,2556.9570,04.632998,-12.000000,10.000000
2556.991408,2556.9890,04.467539,-12.000000,10.000000
2557.024564,2557.0230,04.310987,-12.000000,10.000000
2557.058398,2557.0570,04.149776,-12.000000,10.000000
2557.092082,2557.0910,03.988615,-12.000000,10.000000
2557.125331,2557.1240,03.824942,-12.000000,10.000000
2557.158961,2557.1570,03.666991,-12.000000,10.000000
2557.192329,2557.1910,03.505520,-12.000000,10.000000
2557.226111,2557.2250,03.344389,-12.000000,10.000000
2557.260052,2557.2590,03.182771,-12.000000,10.000000
2557.293187,2557.2920,03.019856,-12.000000,10.000000
2557.326011,2557.3260,02.860416,-12.000000,10.000000
2557.35972,2557.3590,02.699172,-12.000000,10.000000
2557.393759,2557.3920,02.537157,-12.000000,10.000000
2557.427027,2557.4270,02.374906,-12.000000,10.000000
2557.460972,2557.4590,02.213714,-12.000000,10.000000
2557.494525,2557.4930,02.053194,-12.000000,10.000000
2557.52724,2557.5270,01.893592,-12.000000,10.000000
2557.561241,2557.5600,01.732172,-12.000000,10.000000
2557.595234,2557.5940,01.572397,-12.000000,10.000000
2557.628948,2557.6270,01.410127,-12.000000,10.000000
2557.661865,2557.6600,01.248509,-12.000000,10.000000
2557.694574,2557.6940,01.087110,-12.000000,10.000000
2557.728534,2557.7270,00.928672,-12.000000,10.000000
2557.761829,2557.7610,00.767701,-12.000000,10.000000
2557.796038,2557.7950,00.605786,-12.000000,10.000000
2557.829191,2557.8290,00.444058,-12.000000,10.000000
2557.862818,2557.8620,00.282138,-12.000000,10.000000
2557.896725,2557.8950,00.120673,-12.000000,10.000000
2557.930275,2557.9290,-00.039252,-12.000000,10.000000
2557.963546,2557.9620,-00.199282,-12.000000,10.000000
2557.996481,2557.9960,-00.360448,-12.000000,10.000000
2558.030361,2558.0290,-00.521386,-12.000000,10.000000
2558.063718,2558.0620,-00.681650,-12.000000,10.000000
2558.097338,2558.0960,-00.841881,-12.000000,10.000000
2558.130216,2558.1300,-01.003627,-12.000000,10.000000
2558.163814,2558.1630,-01.163524,-12.000000,10.000000
2558.197424,2558.1970,-01.325344,-12.000000,10.000000
2558.231031,2558.2310,-01.486490,-12.000000,10.000000
2558.26493,2558.2630,-01.648088,-12.000000,10.000000
2558.298231,2558.2970,-01.808633,-12.000000,10.000000
2558.330793,2558.3300,-01.968650,-12.000000,10.000000
2558.365821,2558.3640,-02.129083,-12.000000,10.000000
2558.399427,2558.3980,-02.292116,-12.000000,10.000000
2558.432696,2558.4310,-02.453077,-12.000000,10.000000
2558.464788,2558.4640,-02.613307,-12.000000,10.000000
2558.499753,2558.4980,-02.773266,-12.000000,10.000000
2558.533511,2558.5320,-02.934656,-12.000000,10.000000
2558.566009,2558.5660,-03.097046,-12.000000,10.000000
2558.600168,2558.5990,-03.257245,-12.000000,10.000000
2558.633125,2558.6320,-03.417039,-12.000000,10.000000
2558.666745,2558.6650,-03.578125,-12.000000,10.000000
2558.699884,2558.6980,-03.737555,-12.000000,10.000000
2558.732809,2558.7320,-03.897682,-12.000000,10.000000
2558.766454,2558.7660,-04.058351,-12.000000,10.000000
2558.800666,2558.7990,-04.220151,-12.000000,10.000000
2558.834337,2558.8330,-04.380049,-12.000000,10.000000
2558.867119,2558.8670,-04.541977,-12.000000,10.000000
2558.902229,2558.9010,-04.703451,-12.000000,10.000000
2558.934779,2558.9340,-04.868604,-12.000000,10.000000
2558.968923,2558.9670,-05.028846,-12.000000,10.000000
2559.002063,2559.0010,-05.189120,-12.000000,10.000000
2559.035771,2559.0340,-05.349268,-12.000000,10.000000
2559.068211,2559.0680,-05.246414,-12.000000,10.000000
2559.102746,2559.1010,-05.181201,-12.000000,10.000000
2559.134918,2559.1340,-05.089869,-12.000000,10.000000
2559.16887,2559.1680,-04.971809,-12.000000,10.000000
2559.202161,2559.2020,-04.826897,-12.000000,10.000000
2559.235389,2559.2350,-04.655337,-12.000000,10.000000
2559.269018,2559.2690,-04.493241,-12.000000,10.000000
2559.303618,2559.3020,-04.332587,-12.000000,10.000000
2559.336566,2559.3350,-04.170961,-12.000000,10.000000
2559.370183,2559.3690,-04.010725,-12.000000,10.000000
2559.402683,2559.4020,-03.849909,-12.000000,10.000000
2559.436372,2559.4360,-03.690934,-12.000000,10.000000
2559.469395,2559.4690,-03.530129,-12.000000,10.000000
2559.503998,2559.5020,-03.370390,-12.000000,10.000000
2559.537081,2559.5360,-03.207904,-12.000000,10.000000
2559.569828,2559.5690,-03.047726,-12.000000,10.000000
2559.603669,2559.6020,-02.887379,-12.000000,10.000000
2559.637294,2559.6360,-02.726997,-12.000000,10.000000
2559.669867,2559.6690,-02.566229,-12.000000,10.000000
2559.703803,2559.7020,-02.406835,-12.000000,10.000000
2559.737831,2559.7360,-02.247030,-12.000000,10.000000
2559.771202,2559.7700,-02.084476,-12.000000,10.000000
2559.803913,2559.8030,-01.925043,-12.000000,10.000000
2559.836915,2559.8360,-01.764601,-12.000000,10.000000
2559.871433,2559.8700,-01.604107,-12.000000,10.000000
2559.90524,2559.9040,-01.443213,-12.000000,10.000000
2559.937667,2559.9370,-01.280567,-12.000000,10.000000
2559.972342,2559.9710,-01.119889,-12.000000,10.000000
2560.005924,2560.0040,-00.958714,-12.000000,10.000000
2560.03911,2560.0380,-00.796425,-12.000000,10.000000
2560.072335,2560.0710,-00.636600,-12.000000,10.000000
2560.105878,2560.1040,-00.477190,-12.000000,10.000000
2560.138803,2560.1370,-00.317139,-12.000000,10.000000
2560.172106,2560.1710,-00.156844,-12.000000,10.000000
2560.2055,2560.2040,00.003446,-12.000000,10.000000
2560.239203,2560.2380,00.163181,-12.000000,10.000000
2560.271645,2560.2710,00.323706,-12.000000,10.000000
2560.305325,2560.3050,00.484603,-12.000000,10.000000
2560.340025,2560.3390,00.646830,-12.000000,10.000000
2560.373573,2560.3720,00.808915,-12.000000,10.000000
2560.406004,2560.4060,00.969022,-12.000000,10.000000
2560.440577,2560.4390,01.129204,-12.000000,10.000000
2560.474431,2560.4730,01.291282,-12.000000,10.000000
2560.508517,2560.5070,01.454061,-12.000000,10.000000
2560.542329,2560.5410,01.617942,-12.000000,10.000000
2560.576308,2560.5750,01.781309,-12.000000,10.000000
2560.608699,2560.6080,01.943976,-12.000000,10.000000
2560.642214,2560.6420,02.103515,-12.000000,10.000000
2560.676308,2560.6750,02.263882,-12.000000,10.000000
2560.709583,2560.7080,02.424297,-12.000000,10.000000
2560.742578,2560.7420,02.585040,-12.000000,10.000000
2560.776903,2560.7750,02.746581,-12.000000,10.000000
2560.809443,2560.8090,02.907783,-12.000000,10.000000
2560.842624,2560.8420,03.067585,-12.000000,10.000000
2560.876437,2560.8760,03.227325,-12.000000,10.000000
2560.910069,2560.9100,03.389656,-12.000000,10.000000
2560.94413,2560.9430,03.551890,-12.000000,10.000000
2560.976768,2560.9760,03.711725,-12.000000,10.000000
2561.010633,2561.0090,03.871367,-12.000000,10.000000
2561.043739,2561.0430,04.031363,-12.000000,10.000000
2561.07769,2561.0760,04.192641,-12.000000,10.000000
2561.111122,2561.1100,04.353078,-12.000000,10.000000
2561.144476,2561.1430,04.513277,-12.000000,10.000000
2561.176992,2561.1760,04.673649,-12.000000,10.000000
2561.210952,2561.2090,04.834036,-12.000000,10.000000
2561.243868,2561.2430,04.993768,-12.000000,10.000000
2561.276839,2561.2760,05.154444,-12.000000,10.000000
2561.310981,2561.3100,05.314758,-12.000000,10.000000
2561.34513,2561.3440,05.476505,-12.000000,10.000000
2561.378324,2561.3770,05.636593,-12.000000,10.000000
2561.411549,2561.4110,05.797532,-12.000000,10.000000
2561.445679,2561.4440,05.960542,-12.000000,10.000000
2561.478721,2561.4780,06.121560,-12.000000,10.000000
2561.513167,2561.5120,06.282524,-12.000000,10.000000
2561.547001,2561.5460,06.444283,-12.000000,10.000000
2561.580061,2561.5790,06.606513,-12.000000,10.000000
2561.613597,2561.6120,06.767244,-12.000000,10.000000
2561.647036,2561.6460,06.926282,-12.000000,10.000000
2561.680895,2561.6790,07.087298,-12.000000,10.000000
2561.71364,2561.7130,07.249331,-12.000000,10.000000
2561.747389,2561.7460,07.409832,-12.000000,10.000000
2561.780985,2561.7790,07.569629,-12.000000,10.000000
2561.81366,2561.8130,07.730511,-12.000000,10.000000
2561.847913,2561.8470,07.891718,-12.000000,10.000000
2561.880786,2561.8800,08.055666,-12.000000,10.000000
2561.914681,2561.9130,08.214298,-12.000000,10.000000
2561.947441,2561.9470,08.374338,-12.000000,10.000000
2561.981126,2561.9810,08.533877,-12.000000,10.000000
2562.014703,2562.0140,08.695717,-12.000000,10.000000
2562.0489,2562.0470,08.856598,-12.000000,10.000000
2562.08136,2562.0810,09.017165,-12.000000,10.000000
2562.115652,2562.1140,09.178054,-12.000000,10.000000
2562.14816,2562.1480,09.337725,-12.000000,10.000000
2562.181844,2562.1810,09.498645,-12.000000,10.000000
2562.215888,2562.2140,09.660011,-12.000000,10.000000
2562.248618,2562.2480,09.820257,-12.000000,10.000000
2562.282795,2562.2810,09.981215,-12.000000,10.000000
2562.315352,2562.3150,10.140950,-12.000000,10.000000
2562.34966,2562.3480,10.301320,-12.000000,10.000000
2562.382389,2562.3820,10.120830,-12.000000,10.000000
2562.41627,2562.4160,10.044920,-12.000000,10.000000
2562.449603,2562.4490,09.940429,-12.000000,10.000000
2562.483427,2562.4820,09.810506,-12.000000,10.000000
2562.517085,2562.5160,09.653996,-12.000000,10.000000
2562.549508,2562.5490,09.470918,-12.000000,10.000000
2562.583772,2562.5820,09.310880,-12.000000,10.000000
2562.617443,2562.6160,09.150510,-12.000000,10.000000
2562.649911,2562.6490,08.989941,-12.000000,10.000000
2562.684314,2562.6830,08.824838,-12.000000,10.000000
2562.717932,2562.7160,08.668818,-12.000000,10.000000
2562.750446,2562.7500,08.507479,-12.000000,10.000000
2562.784514,2562.7830,08.346430,-12.000000,10.000000
2562.817268,2562.8170,08.186348,-12.000000,10.000000
2562.851384,2562.8500,08.025302,-12.000000,10.000000
2562.883788,2562.8830,07.864303,-12.000000,10.000000
2562.918115,2562.9170,07.705180,-12.000000,10.000000
2562.951149,2562.9500,07.544936,-12.000000,10.000000
2562.984363,2562.9840,07.384698,-12.000000,10.000000
2563.018965,2563.0170,07.222205,-12.000000,10.000000
2563.051516,2563.0510,07.060706,-12.000000,10.000000
2563.085912,2563.0840,06.899997,-12.000000,10.000000
2563.119122,2563.1170,06.739218,-12.000000,10.000000
2563.151734,2563.1510,06.579174,-12.000000,10.000000
2563.186401,2563.1850,06.418715,-12.000000,10.000000
2563.218704,2563.2180,06.257141,-12.000000,10.000000
2563.253623,2563.2520,06.095988,-12.000000,10.000000
2563.286717,2563.2850,05.934098,-12.000000,10.000000
2563.319137,2563.3190,05.773558,-12.000000,10.000000
2563.35361,2563.3520,05.613229,-12.000000,10.000000
2563.386314,2563.3860,05.453490,-12.000000,10.000000
2563.420297,2563.4190,05.291957,-12.000000,10.000000
2563.453691,2563.4520,05.131756,-12.000000,10.000000
2563.486514,2563.4860,04.971406,-12.000000,10.000000
2563.52108,2563.5200,04.810070,-12.000000,10.000000
2563.554261,2563.5530,04.648245,-12.000000,10.000000
2563.586922,2563.5860,04.488697,-12.000000,10.000000
2563.620792,2563.6190,04.328137,-12.000000,10.000000
2563.654398,2563.6530,04.167449,-12.000000,10.000000
2563.687481,2563.6860,04.003778,-12.000000,10.000000
2563.721552,2563.7200,03.847269,-12.000000,10.000000
2563.754455,2563.7530,03.686074,-12.000000,10.000000
2563.787966,2563.7870,03.526240,-12.000000,10.000000
2563.821345,2563.8200,03.364496,-12.000000,10.000000
2563.854151,2563.8540,03.205025,-12.000000,10.000000
2563.888089,2563.8870,03.044546,-12.000000,10.000000
2563.920847,2563.9200,02.884026,-12.000000,10.000000
2563.95543,2563.9540,02.723603,-12.000000,10.000000
2563.98776,2563.9870,02.562602,-12.000000,10.000000
2564.021293,2564.0210,02.401959,-12.000000,10.000000
2564.055,2564.0550,02.241951,-12.000000,10.000000
2564.089303,2564.0880,02.081364,-12.000000,10.000000
2564.122004,2564.1220,01.918857,-12.000000,10.000000
2564.156056,2564.1550,01.757551,-12.000000,10.000000
2564.189563,2564.1880,01.597503,-12.000000,10.000000
2564.223119,2564.2220,01.438046,-12.000000,10.000000
2564.256367,2564.2550,01.276021,-12.000000,10.000000
2564.288918,2564.2880,01.116407,-12.000000,10.000000
2564.32309,2564.3220,00.954976,-12.000000,10.000000
2564.355148,2564.3550,00.795081,-12.000000,10.000000
2564.389527,2564.3890,00.635967,-12.000000,10.000000
2564.424171,2564.4230,00.472101,-12.000000,10.000000
2564.457407,2564.4560,00.310011,-12.000000,10.000000
2564.49048,2564.4890,00.150362,-12.000000,10.000000
2564.523941,2564.5220,-00.009808,-12.000000,10.000000
2564.557851,2564.5560,-00.169954,-12.000000,10.000000
2564.590565,2564.5900,-00.331616,-12.000000,10.000000
2564.624654,2564.6230,-00.493377,-12.000000,10.000000
2564.658602,2564.6570,-00.654237,-12.000000,10.000000
2564.6917,2564.6900,-00.817920,-12.000000,10.000000
2564.725222,2564.7240,-00.976457,-12.000000,10.000000
2564.758154,2564.7570,-01.135905,-12.000000,10.000000
2564.791682,2564.7900,-01.296517,-12.000000,10.000000
2564.824194,2564.8240,-01.457130,-12.000000,10.000000
2564.858301,2564.8570,-01.616638,-12.000000,10.000000
2564.891983,2564.8900,-01.776401,-12.000000,10.000000
2564.925789,2564.9240,-01.936672,-12.000000,10.000000
2564.95873,2564.9570,-02.099405,-12.000000,10.000000
2564.992331,2564.9910,-02.259570,-12.000000,10.000000
2565.025278,2565.0250,-02.419294,-12.000000,10.000000
2565.059549,2565.0580,-02.579896,-12.000000,10.000000
2565.092443,2565.0910,-02.741456,-12.000000,10.000000
2565.125658,2565.1250,-02.901520,-12.000000,10.000000
2565.159094,2565.1580,-03.061940,-12.000000,10.000000
2565.193124,2565.1920,-03.221489,-12.000000,10.000000
2565.226468,2565.2250,-03.383436,-12.000000,10.000000
2565.259634,2565.2580,-03.546787,-12.000000,10.000000
2565.292676,2565.2920,-03.703456,-12.000000,10.000000
2565.326503,2565.3250,-03.863991,-12.000000,10.000000
2565.359608,2565.3580,-04.023966,-12.000000,10.000000
2565.392874,2565.3910,-04.183894,-12.000000,10.000000
2565.425877,2565.4250,-04.343609,-12.000000,10.000000
2565.459171,2565.4590,-04.504474,-12.000000,10.000000
2565.492587,2565.4920,-04.665779,-12.000000,10.000000
2565.527389,2565.5260,-04.825882,-12.000000,10.000000
2565.561595,2565.5600,-04.988597,-12.000000,10.000000
2565.59411,2565.5940,-05.152638,-12.000000,10.000000
2565.627139,2565.6270,-05.314016,-12.000000,10.000000
2565.660729,2565.6600,-05.252439,-12.000000,10.000000
2565.695483,2565.6940,-05.194028,-12.000000,10.000000
2565.728312,2565.7260,-05.106676,-12.000000,10.000000
2565.761398,2565.7610,-04.996263,-12.000000,10.000000
2565.79522,2565.7940,-04.857076,-12.000000,10.000000
2565.8284,2565.8270,-04.691425,-12.000000,10.000000
2565.86097,2565.8600,-04.531662,-12.000000,10.000000
2565.895905,2565.8940,-04.369565,-12.000000,10.000000
2565.929348,2565.9280,-04.208169,-12.000000,10.000000
2565.96276,2565.9610,-04.046329,-12.000000,10.000000
2565.995634,2565.9940,-03.886378,-12.000000,10.000000
2566.029593,2566.0280,-03.727274,-12.000000,10.000000
2566.063202,2566.0620,-03.566071,-12.000000,10.000000
2566.095816,2566.0950,-03.404532,-12.000000,10.000000
2566.129191,2566.1290,-03.242652,-12.000000,10.000000
2566.163351,2566.1620,-03.082678,-12.000000,10.000000
2566.196247,2566.1960,-02.921366,-12.000000,10.000000
2566.230416,2566.2290,-02.760704,-12.000000,10.000000
2566.26376,2566.2620,-02.600669,-12.000000,10.000000
2566.296856,2566.2950,-02.439700,-12.000000,10.000000
2566.330711,2566.3290,-02.279945,-12.000000,10.000000
2566.363569,2566.3620,-02.119320,-12.000000,10.000000
2566.396978,2566.3950,-01.958874,-12.000000,10.000000
2566.431021,2566.4300,-01.799433,-12.000000,10.000000
2566.463575,2566.4630,-01.636582,-12.000000,10.000000
2566.498244,2566.4970,-01.476570,-12.000000,10.000000
2566.530601,2566.5300,-01.313345,-12.000000,10.000000
2566.564884,2566.5630,-01.153730,-12.000000,10.000000
2566.597775,2566.5960,-00.994316,-12.000000,10.000000
2566.63129,2566.6300,-00.833785,-12.000000,10.000000
2566.663578,2566.6630,-00.673201,-12.000000,10.000000
2566.698028,2566.6970,-00.514114,-12.000000,10.000000
2566.731601,2566.7300,-00.353944,-12.000000,10.000000
2566.765178,2566.7640,-00.193607,-12.000000,10.000000
2566.798032,2566.7970,-00.029549,-12.000000,10.000000
2566.83133,2566.8300,00.127740,-12.000000,10.000000
2566.86501,2566.8640,00.287327,-12.000000,10.000000
2566.89714,2566.8970,00.447919,-12.000000,10.000000
2566.931317,2566.9300,00.608148,-12.000000,10.000000
2566.965176,2566.9640,00.768713,-12.000000,10.000000
2566.998236,2566.9970,00.928673,-12.000000,10.000000
2567.032234,2567.0310,01.089533,-12.000000,10.000000
2567.065459,2567.0640,01.250625,-12.000000,10.000000
2567.098234,2567.0980,01.410596,-12.000000,10.000000
2567.132448,2567.1310,01.572304,-12.000000,10.000000
2567.165595,2567.1640,01.732635,-12.000000,10.000000
2567.198575,2567.1980,01.893840,-12.000000,10.000000
2567.232204,2567.2320,02.054461,-12.000000,10.000000
2567.266727,2567.2650,02.215638,-12.000000,10.000000
2567.300172,2567.2990,02.378484,-12.000000,10.000000
2567.33326,2567.3320,02.538466,-12.000000,10.000000
2567.366555,2567.3650,02.697812,-12.000000,10.000000
2567.40051,2567.3990,02.858648,-12.000000,10.000000
2567.433078,2567.4330,03.021500,-12.000000,10.000000
2567.467956,2567.4660,03.181882,-12.000000,10.000000
2567.500264,2567.5000,03.345152,-12.000000,10.000000
2567.534222,2567.5330,03.503974,-12.000000,10.000000
2567.566824,2567.5660,03.664936,-12.000000,10.000000
2567.600866,2567.5990,03.823977,-12.000000,10.000000
2567.633718,2567.6330,03.984967,-12.000000,10.000000
2567.667608,2567.6660,04.145189,-12.000000,10.000000
2567.701745,2567.7000,04.305535,-12.000000,10.000000
2567.734692,2567.7330,04.467213,-12.000000,10.000000
2567.768229,2567.7670,04.627948,-12.000000,10.000000
2567.80133,2567.8000,04.787621,-12.000000,10.000000
2567.834267,2567.8340,04.947619,-12.000000,10.000000
2567.868913,2567.8670,05.108179,-12.000000,10.000000
2567.903021,2567.9010,05.269967,-12.000000,10.000000
2567.93617,2567.9350,05.434172,-12.000000,10.000000
2567.970052,2567.9690,05.594346,-12.000000,10.000000
2568.002702,2568.0020,05.756251,-12.000000,10.000000
2568.036784,2568.0350,05.917860,-12.000000,10.000000
2568.070502,2568.0690,06.077906,-12.000000,10.000000
2568.103962,2568.1020,06.238865,-12.000000,10.000000
2568.137125,2568.1350,06.399066,-12.000000,10.000000
2568.170281,2568.1690,06.559792,-12.000000,10.000000
2568.203928,2568.2020,06.719368,-12.000000,10.000000
2568.236331,2568.2360,06.879284,-12.000000,10.000000
2568.269795,2568.2690,07.039749,-12.000000,10.000000
2568.304382,2568.3030,07.200650,-12.000000,10.000000
2568.337216,2568.3370,07.362343,-12.000000,10.000000
2568.371228,2568.3700,07.524429,-12.000000,10.000000
2568.405039,2568.4040,07.686056,-12.000000,10.000000
2568.438339,2568.4370,07.845235,-12.000000,10.000000
2568.470738,2568.4700,08.005492,-12.000000,10.000000
2568.504098,2568.5040,08.165491,-12.000000,10.000000
2568.537931,2568.5370,08.326117,-12.000000,10.000000
2568.57104,2568.5710,08.486030,-12.000000,10.000000
2568.605054,2568.6040,08.647900,-12.000000,10.000000
2568.638126,2568.6380,08.807611,-12.000000,10.000000
2568.671757,2568.6700,08.967916,-12.000000,10.000000
2568.704595,2568.7040,09.127769,-12.000000,10.000000
2568.73863,2568.7370,09.289144,-12.000000,10.000000
2568.77162,2568.7710,09.449918,-12.000000,10.000000
2568.804622,2568.8040,09.611192,-12.000000,10.000000
2568.839754,2568.8380,09.771021,-12.000000,10.000000
2568.872702,2568.8710,09.933164,-12.000000,10.000000
2568.906001,2568.9050,10.094080,-12.000000,10.000000
2568.938806,2568.9380,10.253570,-12.000000,10.000000
2568.973025,2568.9720,10.128810,-12.000000,10.000000
2569.005471,2569.0050,10.061250,-12.000000,10.000000
2569.039967,2569.0380,09.966808,-12.000000,10.000000
2569.072383,2569.0720,09.844294,-12.000000,10.000000
2569.106328,2569.1050,09.696475,-12.000000,10.000000
2569.139327,2569.1390,09.522355,-12.000000,10.000000
2569.17326,2569.1720,09.360971,-12.000000,10.000000
2569.206819,2569.2050,09.199975,-12.000000,10.000000
2569.240249,2569.2390,09.040100,-12.000000,10.000000
2569.273335,2569.2720,08.879720,-12.000000,10.000000
2569.307115,2569.3060,08.720307,-12.000000,10.000000
2569.339699,2569.3390,08.558231,-12.000000,10.000000
2569.374093,2569.3730,08.398603,-12.000000,10.000000
2569.406484,2569.4060,08.235413,-12.000000,10.000000
2569.439855,2569.4390,08.076677,-12.000000,10.000000
2569.474014,2569.4730,07.916432,-12.000000,10.000000
2569.506985,2569.5060,07.757028,-12.000000,10.000000
2569.540981,2569.5390,07.593731,-12.000000,10.000000
2569.575285,2569.5740,07.433128,-12.000000,10.000000
2569.608588,2569.6070,07.269354,-12.000000,10.000000
2569.642109,2569.6410,07.109983,-12.000000,10.000000
2569.67596,2569.6740,06.949262,-12.000000,10.000000
2569.708605,2569.7080,06.786639,-12.000000,10.000000
2569.743477,2569.7420,06.625701,-12.000000,10.000000
2569.776582,2569.7750,06.462831,-12.000000,10.000000
2569.810135,2569.8090,06.302538,-12.000000,10.000000
2569.843414,2569.8420,06.141870,-12.000000,10.000000
2569.876073,2569.8760,05.981625,-12.000000,10.000000
2569.91018,2569.9090,05.821462,-12.000000,10.000000
2569.942989,2569.9420,05.660266,-12.000000,10.000000
2569.977586,2569.9760,05.499287,-12.000000,10.000000
2570.010738,2570.0090,05.337866,-12.000000,10.000000
2570.044357,2570.0430,05.178256,-12.000000,10.000000
2570.07682,2570.0760,05.017276,-12.000000,10.000000
2570.111448,2570.1100,04.856941,-12.000000,10.000000
2570.144281,2570.1430,04.691910,-12.000000,10.000000
2570.178035,2570.1770,04.535085,-12.000000,10.000000
2570.211532,2570.2100,04.373123,-12.000000,10.000000
2570.24538,2570.2440,04.213453,-12.000000,10.000000
2570.277424,2570.2770,04.051261,-12.000000,10.000000
2570.31198,2570.3100,03.891304,-12.000000,10.000000
2570.345395,2570.3440,03.730356,-12.000000,10.000000
2570.378688,2570.3770,03.571371,-12.000000,10.000000
2570.41116,2570.4110,03.410173,-12.000000,10.000000
2570.444794,2570.4440,03.251166,-12.000000,10.000000
2570.478213,2570.4780,03.089424,-12.000000,10.000000
2570.511824,2570.5110,02.928468,-12.000000,10.000000
2570.546467,2570.5450,02.767785,-12.000000,10.000000
2570.578954,2570.5780,02.605018,-12.000000,10.000000
2570.612383,2570.6120,02.445105,-12.000000,10.000000
2570.645914,2570.6450,02.283494,-12.000000,10.000000
2570.679958,2570.6780,02.123311,-12.000000,10.000000
2570.713029,2570.7120,01.963168,-12.000000,10.000000
2570.747586,2570.7460,01.803032,-12.000000,10.000000
2570.780674,2570.7790,01.637112,-12.000000,10.000000
2570.814732,2570.8130,01.478462,-12.000000,10.000000
2570.848092,2570.8480,01.316540,-12.000000,10.000000
2570.882131,2570.8810,01.152058,-12.000000,10.000000
2570.915668,2570.9140,00.991654,-12.000000,10.000000
2570.948393,2570.9480,00.831778,-12.000000,10.000000
2570.981962,2570.9810,00.670275,-12.000000,10.000000
2571.016158,2571.0150,00.508570,-12.000000,10.000000
2571.049682,2571.0480,00.348313,-12.000000,10.000000
2571.083554,2571.0820,00.186921,-12.000000,10.000000
2571.116681,2571.1150,00.024985,-12.000000,10.000000
2571.150141,2571.1490,-00.134833,-12.000000,10.000000
2571.183253,2571.1830,-00.294844,-12.000000,10.000000
2571.217963,2571.2160,-00.458484,-12.000000,10.000000
2571.250406,2571.2500,-00.620654,-12.000000,10.000000
2571.28407,2571.2840,-00.780982,-12.000000,10.000000
2571.31783,2571.3170,-00.943009,-12.000000,10.000000
2571.351769,2571.3500,-01.104801,-12.000000,10.000000
2571.384642,2571.3840,-01.264789,-12.000000,10.000000
2571.418771,2571.4170,-01.425771,-12.000000,10.000000
2571.451845,2571.4500,-01.585852,-12.000000,10.000000
2571.485779,2571.4840,-01.745855,-12.000000,10.000000
2571.519494,2571.5180,-01.907000,-12.000000,10.000000
2571.553202,2571.5520,-02.068438,-12.000000,10.000000
2571.586831,2571.5850,-02.230911,-12.000000,10.000000
2571.620084,2571.6190,-02.392070,-12.000000,10.000000
2571.653292,2571.6520,-02.552719,-12.000000,10.000000
2571.686574,2571.6850,-02.712700,-12.000000,10.000000
2571.719584,2571.7190,-02.872692,-12.000000,10.000000
2571.753852,2571.7520,-03.034301,-12.000000,10.000000
2571.786854,2571.7850,-03.194757,-12.000000,10.000000
2571.820186,2571.8190,-03.354795,-12.000000,10.000000
2571.85307,2571.8530,-03.514967,-12.000000,10.000000
2571.887083,2571.8860,-03.675961,-12.000000,10.000000
2571.920613,2571.9190,-03.835276,-12.000000,10.000000
2571.953574,2571.9520,-03.995786,-12.000000,10.000000
2571.986884,2571.9850,-04.155620,-12.000000,10.000000
2572.020575,2572.0190,-04.315841,-12.000000,10.000000
2572.052983,2572.0520,-04.476410,-12.000000,10.000000
2572.087454,2572.0860,-04.636325,-12.000000,10.000000
2572.120393,2572.1190,-04.796658,-12.000000,10.000000
2572.154025,2572.1530,-04.956452,-12.000000,10.000000
2572.186575,2572.1860,-05.116664,-12.000000,10.000000
2572.220495,2572.2190,-05.277291,-12.000000,10.000000
2572.25446,2572.2530,-05.437521,-12.000000,10.000000
2572.287623,2572.2860,-05.231212,-12.000000,10.000000
2572.319574,2572.3190,-05.152023,-12.000000,10.000000
2572.35354,2572.3530,-05.046034,-12.000000,10.000000
2572.387669,2572.3860,-04.912584,-12.000000,10.000000
2572.420218,2572.4200,-04.752705,-12.000000,10.000000
2572.45443,2572.4530,-04.567400,-12.000000,10.000000
2572.487073,2572.4870,-04.406686,-12.000000,10.000000
2572.520459,2572.5200,-04.247108,-12.000000,10.000000
2572.55454,2572.5530,-04.085505,-12.000000,10.000000
2572.587471,2572.5870,-03.924694,-12.000000,10.000000
2572.620914,2572.6200,-03.763304,-12.000000,10.000000
2572.654347,2572.6540,-03.603200,-12.000000,10.000000
2572.68914,2572.6880,-03.441774,-12.000000,10.000000
2572.722575,2572.7210,-03.280084,-12.000000,10.000000
2572.755857,2572.7540,-03.117897,-12.000000,10.000000
2572.78863,2572.7880,-02.957700,-12.000000,10.000000
2572.822216,2572.8220,-02.796906,-12.000000,10.000000
2572.856284,2572.8550,-02.635932,-12.000000,10.000000
2572.888447,2572.8880,-02.475828,-12.000000,10.000000
2572.922637,2572.9220,-02.315529,-12.000000,10.000000
2572.956379,2572.9550,-02.154849,-12.000000,10.000000
2572.989715,2572.9880,-01.995265,-12.000000,10.000000
2573.023372,2573.0210,-01.834219,-12.000000,10.000000
2573.056481,2573.0550,-01.673160,-12.000000,10.000000
2573.090069,2573.0890,-01.514482,-12.000000,10.000000
2573.123653,2573.1220,-01.352177,-12.000000,10.000000
2573.156581,2573.1560,-01.190550,-12.000000,10.000000
2573.191098,2573.1900,-01.029269,-12.000000,10.000000
2573.223546,2573.2230,-00.867429,-12.000000,10.000000
2573.257757,2573.2560,-00.707615,-12.000000,10.000000
2573.2904,2573.2900,-00.545535,-12.000000,10.000000
2573.324981,2573.3230,-00.386351,-12.000000,10.000000
2573.358198,2573.3570,-00.224496,-12.000000,10.000000
2573.391405,2573.3900,-00.064407,-12.000000,10.000000
2573.425215,2573.4240,00.096352,-12.000000,10.000000
2573.459753,2573.4580,00.258041,-12.000000,10.000000
2573.492938,2573.4910,00.422394,-12.000000,10.000000
2573.526406,2573.5250,00.581609,-12.000000,10.000000
2573.558778,2573.5580,00.742607,-12.000000,10.000000
2573.59192,2573.5910,00.903408,-12.000000,10.000000
2573.626033,2573.6250,01.062891,-12.000000,10.000000
2573.659543,2573.6580,01.223355,-12.000000,10.000000
2573.692643,2573.6920,01.383544,-12.000000,10.000000
2573.726932,2573.7250,01.546281,-12.000000,10.000000
2573.759898,2573.7580,01.705684,-12.000000,10.000000
2573.792719,2573.7920,01.866751,-12.000000,10.000000
2573.82714,2573.8260,02.026078,-12.000000,10.000000
2573.859439,2573.8590,02.187557,-12.000000,10.000000
2573.893378,2573.8920,02.346646,-12.000000,10.000000
2573.925954,2573.9250,02.506761,-12.000000,10.000000
2573.960248,2573.9590,02.666888,-12.000000,10.000000
2573.993184,2573.9930,02.828050,-12.000000,10.000000
2574.027571,2574.0260,02.989441,-12.000000,10.000000
2574.061798,2574.0600,03.151988,-12.000000,10.000000
2574.095011,2574.0930,03.317729,-12.000000,10.000000
2574.12792,2574.1270,03.476362,-12.000000,10.000000
2574.162115,2574.1610,03.636604,-12.000000,10.000000
2574.195226,2574.1940,03.796677,-12.000000,10.000000
2574.228768,2574.2270,03.957039,-12.000000,10.000000
2574.261605,2574.2610,04.117041,-12.000000,10.000000
2574.296119,2574.2950,04.279070,-12.000000,10.000000
2574.328934,2574.3280,04.440786,-12.000000,10.000000
2574.363182,2574.3630,04.602969,-12.000000,10.000000
2574.397813,2574.3960,04.767028,-12.000000,10.000000
2574.430382,2574.4300,04.930368,-12.000000,10.000000
2574.464961,2574.4640,05.089677,-12.000000,10.000000
2574.498751,2574.4970,05.253535,-12.000000,10.000000
2574.531223,2574.5310,05.414019,-12.000000,10.000000
2574.564829,2574.5640,05.574288,-12.000000,10.000000
2574.599572,2574.5980,05.735593,-12.000000,10.000000
2574.633176,2574.6320,05.899143,-12.000000,10.000000
2574.666114,2574.6650,06.059343,-12.000000,10.000000
2574.698914,2574.6980,06.219364,-12.000000,10.000000
2574.732549,2574.7320,06.380599,-12.000000,10.000000
2574.766914,2574.7650,06.541389,-12.000000,10.000000
2574.800076,2574.8000,06.703326,-12.000000,10.000000
2574.834595,2574.8330,06.866964,-12.000000,10.000000
2574.867643,2574.8660,07.027958,-12.000000,10.000000
2574.90128,2574.9000,07.187061,-12.000000,10.000000
2574.935305,2574.9340,07.348640,-12.000000,10.000000
2574.968533,2574.9670,07.510413,-12.000000,10.000000
2575.001457,2575.0010,07.672787,-12.000000,10.000000
2575.036784,2575.0350,07.834234,-12.000000,10.000000
2575.069429,2575.0690,08.000893,-12.000000,10.000000
2575.103038,2575.1020,08.158231,-12.000000,10.000000
2575.136336,2575.1360,08.317997,-12.000000,10.000000
2575.169925,2575.1690,08.480961,-12.000000,10.000000
2575.203869,2575.2020,08.642815,-12.000000,10.000000
2575.236507,2575.2360,08.801834,-12.000000,10.000000
2575.27052,2575.2690,08.962790,-12.000000,10.000000
2575.303891,2575.3020,09.121933,-12.000000,10.000000
2575.337186,2575.3360,09.282148,-12.000000,10.000000
2575.370941,2575.3690,09.442788,-12.000000,10.000000
2575.404475,2575.4030,09.602789,-12.000000,10.000000
2575.438178,2575.4370,09.764758,-12.000000,10.000000
2575.471554,2575.4700,09.925777,-12.000000,10.000000
2575.504574,2575.5030,10.086830,-12.000000,10.000000
2575.537841,2575.5360,10.247290,-12.000000,10.000000
2575.570602,2575.5700,10.129780,-12.000000,10.000000
2575.605378,2575.6040,10.063210,-12.000000,10.000000
2575.63892,2575.6370,09.968620,-12.000000,10.000000
2575.671479,2575.6710,09.847459,-12.000000,10.000000
2575.705541,2575.7040,09.700179,-12.000000,10.000000
2575.739121,2575.7380,09.526701,-12.000000,10.000000
2575.771778,2575.7710,09.366290,-12.000000,10.000000
2575.805486,2575.8050,09.205066,-12.000000,10.000000
2575.839129,2575.8390,09.043260,-12.000000,10.000000
2575.873003,2575.8720,08.882302,-12.000000,10.000000
2575.906306,2575.9050,08.721333,-12.000000,10.000000
2575.938867,2575.9380,08.562469,-12.000000,10.000000
2575.972981,2575.9710,08.402028,-12.000000,10.000000
2576.006558,2576.0050,08.241386,-12.000000,10.000000
2576.040153,2576.0390,08.080658,-12.000000,10.000000
2576.075905,2576.0740,07.919691,-12.000000,10.000000
2576.108723,2576.1070,07.748166,-12.000000,10.000000
2576.142412,2576.1410,07.588581,-12.000000,10.000000
2576.175602,2576.1740,07.426289,-12.000000,10.000000
2576.208849,2576.2070,07.268328,-12.000000,10.000000
2576.242429,2576.2410,07.108840,-12.000000,10.000000
2576.27578,2576.2740,06.948172,-12.000000,10.000000
2576.309858,2576.3080,06.786070,-12.000000,10.000000
2576.343164,2576.3420,06.623801,-12.000000,10.000000
2576.376942,2576.3750,06.463943,-12.000000,10.000000
2576.410323,2576.4090,06.301858,-12.000000,10.000000
2576.442896,2576.4420,06.142165,-12.000000,10.000000
2576.476498,2576.4760,05.980612,-12.000000,10.000000
2576.510459,2576.5090,05.820723,-12.000000,10.000000
2576.543115,2576.5430,05.659942,-12.000000,10.000000
2576.576326,2576.5760,05.499003,-12.000000,10.000000
2576.610713,2576.6090,05.338185,-12.000000,10.000000
2576.644556,2576.6430,05.178720,-12.000000,10.000000
2576.677249,2576.6770,05.016554,-12.000000,10.000000
2576.712398,2576.7110,04.854632,-12.000000,10.000000
2576.745041,2576.7450,04.689890,-12.000000,10.000000
2576.778509,2576.7780,04.529008,-12.000000,10.000000
2576.812549,2576.8110,04.368413,-12.000000,10.000000
2576.845098,2576.8450,04.207487,-12.000000,10.000000
2576.879522,2576.8780,04.048274,-12.000000,10.000000
2576.912658,2576.9120,03.887458,-12.000000,10.000000
2576.946161,2576.9460,03.723615,-12.000000,10.000000
2576.980195,2576.9790,03.563141,-12.000000,10.000000
2577.013284,2577.0130,03.403325,-12.000000,10.000000
2577.047466,2577.0460,03.240574,-12.000000,10.000000
2577.080414,2577.0790,03.081519,-12.000000,10.000000
2577.113104,2577.1130,02.919671,-12.000000,10.000000
2577.146442,2577.1460,02.760479,-12.000000,10.000000
2577.181139,2577.1800,02.599230,-12.000000,10.000000
2577.213804,2577.2130,02.439001,-12.000000,10.000000
2577.247935,2577.2460,02.277327,-12.000000,10.000000
2577.281487,2577.2800,02.117685,-12.000000,10.000000
2577.314134,2577.3140,01.955644,-12.000000,10.000000
2577.347767,2577.3470,01.795502,-12.000000,10.000000
2577.381274,2577.3810,01.633114,-12.000000,10.000000
2577.414834,2577.4140,01.472684,-12.000000,10.000000
2577.448452,2577.4480,01.311903,-12.000000,10.000000
2577.481811,2577.4810,01.149395,-12.000000,10.000000
2577.516859,2577.5150,00.987761,-12.000000,10.000000
2577.550454,2577.5490,00.825665,-12.000000,10.000000
2577.58422,2577.5830,00.664734,-12.000000,10.000000
2577.617116,2577.6160,00.500189,-12.000000,10.000000
2577.650596,2577.6490,00.342981,-12.000000,10.000000
2577.683372,2577.6830,00.181612,-12.000000,10.000000
2577.717552,2577.7160,00.020809,-12.000000,10.000000
2577.751157,2577.7500,-00.138738,-12.000000,10.000000
2577.783761,2577.7830,-00.299661,-12.000000,10.000000
2577.817039,2577.8170,-00.460486,-12.000000,10.000000
2577.851033,2577.8500,-00.621266,-12.000000,10.000000
2577.884568,2577.8830,-00.780982,-12.000000,10.000000
2577.916868,2577.9160,-00.941137,-12.000000,10.000000
2577.950837,2577.9500,-01.100849,-12.000000,10.000000
2577.984949,2577.9830,-01.263498,-12.000000,10.000000
2578.018527,2578.0170,-01.423782,-12.000000,10.000000
2578.050671,2578.0500,-01.585320,-12.000000,10.000000
2578.084183,2578.0840,-01.744197,-12.000000,10.000000
2578.118819,2578.1170,-01.904731,-12.000000,10.000000
2578.151188,2578.1510,-02.065607,-12.000000,10.000000
2578.185035,2578.1840,-02.226045,-12.000000,10.000000
2578.218666,2578.2170,-02.385835,-12.000000,10.000000
2578.252585,2578.2510,-02.546999,-12.000000,10.000000
2578.284946,2578.2840,-02.708588,-12.000000,10.000000
2578.319034,2578.3180,-02.869196,-12.000000,10.000000
2578.352442,2578.3510,-03.028244,-12.000000,10.000000
2578.385788,2578.3840,-03.188852,-12.000000,10.000000
2578.41916,2578.4180,-03.348846,-12.000000,10.000000
2578.452024,2578.4520,-03.509781,-12.000000,10.000000
2578.486485,2578.4850,-03.670791,-12.000000,10.000000
2578.519135,2578.5190,-03.833064,-12.000000,10.000000
2578.553378,2578.5520,-03.993108,-12.000000,10.000000
2578.58684,2578.5850,-04.155619,-12.000000,10.000000
2578.619481,2578.6190,-04.314031,-12.000000,10.000000
2578.653647,2578.6520,-04.476277,-12.000000,10.000000
2578.686778,2578.6850,-04.635578,-12.000000,10.000000
2578.720239,2578.7190,-04.795956,-12.000000,10.000000
2578.75387,2578.7520,-04.954765,-12.000000,10.000000
2578.786928,2578.7850,-05.117154,-12.000000,10.000000
2578.81988,2578.8190,-05.275105,-12.000000,10.000000
2578.853181,2578.8530,-05.435866,-12.000000,10.000000
2578.887306,2578.8860,-05.231816,-12.000000,10.000000
2578.920526,2578.9190,-05.152662,-12.000000,10.000000
2578.953135,2578.9530,-05.046521,-12.000000,10.000000
2578.987092,2578.9860,-04.913187,-12.000000,10.000000
2579.021198,2579.0200,-04.754021,-12.000000,10.000000
2579.05462,2579.0530,-04.567260,-12.000000,10.000000
2579.087624,2579.0860,-04.406266,-12.000000,10.000000
2579.121281,2579.1200,-04.246581,-12.000000,10.000000
2579.154563,2579.1530,-04.084926,-12.000000,10.000000
2579.18721,2579.1870,-03.925820,-12.000000,10.000000
2579.221796,2579.2200,-03.764657,-12.000000,10.000000
2579.255093,2579.2540,-03.602256,-12.000000,10.000000
2579.287795,2579.2870,-03.442465,-12.000000,10.000000
2579.321943,2579.3200,-03.281343,-12.000000,10.000000
2579.354748,2579.3540,-03.121177,-12.000000,10.000000
2579.388553,2579.3880,-02.959721,-12.000000,10.000000
2579.422149,2579.4210,-02.798422,-12.000000,10.000000
2579.456182,2579.4550,-02.639278,-12.000000,10.000000
2579.489266,2579.4890,-02.475644,-12.000000,10.000000
2579.523728,2579.5220,-02.312704,-12.000000,10.000000
2579.557234,2579.5560,-02.151217,-12.000000,10.000000
2579.5906,2579.5890,-01.991011,-12.000000,10.000000
2579.623266,2579.6230,-01.829469,-12.000000,10.000000
2579.657782,2579.6560,-01.669504,-12.000000,10.000000
2579.690626,2579.6890,-01.509111,-12.000000,10.000000
2579.724028,2579.7230,-01.348677,-12.000000,10.000000
2579.757493,2579.7570,-01.188133,-12.000000,10.000000
2579.791568,2579.7910,-01.023435,-12.000000,10.000000
2579.82626,2579.8250,-00.860903,-12.000000,10.000000
2579.858769,2579.8580,-00.698421,-12.000000,10.000000
2579.892926,2579.8910,-00.538111,-12.000000,10.000000
2579.925683,2579.9250,-00.377982,-12.000000,10.000000
2579.959605,2579.9590,-00.215557,-12.000000,10.000000
2579.993563,2579.9930,-00.052828,-12.000000,10.000000
2580.02748,2580.0260,00.108699,-12.000000,10.000000
2580.06116,2580.0600,00.268993,-12.000000,10.000000
2580.094362,2580.0930,00.429290,-12.000000,10.000000
2580.127367,2580.1260,00.588559,-12.000000,10.000000
2580.161152,2580.1600,00.749184,-12.000000,10.000000
2580.194242,2580.1930,00.909967,-12.000000,10.000000
2580.226967,2580.2260,01.070135,-12.000000,10.000000
2580.260798,2580.2590,01.229848,-12.000000,10.000000
2580.293957,2580.2930,01.390182,-12.000000,10.000000
2580.32808,2580.3270,01.552461,-12.000000,10.000000
2580.360899,2580.3600,01.714337,-12.000000,10.000000
2580.394589,2580.3940,01.874099,-12.000000,10.000000
2580.427897,2580.4270,02.036149,-12.000000,10.000000
2580.461282,2580.4610,02.195247,-12.000000,10.000000
2580.495064,2580.4950,02.356312,-12.000000,10.000000
2580.528481,2580.5280,02.517916,-12.000000,10.000000
2580.562362,2580.5610,02.678812,-12.000000,10.000000
2580.595736,2580.5950,02.839222,-12.000000,10.000000
2580.62946,2580.6280,03.001467,-12.000000,10.000000
2580.662322,2580.6620,03.159725,-12.000000,10.000000
2580.696399,2580.6950,03.322078,-12.000000,10.000000
2580.729586,2580.7280,03.482154,-12.000000,10.000000
2580.762861,2580.7610,03.641746,-12.000000,10.000000
2580.796353,2580.7950,03.802062,-12.000000,10.000000
2580.829441,2580.8290,03.962443,-12.000000,10.000000
2580.863744,2580.8620,04.124699,-12.000000,10.000000
2580.897307,2580.8960,04.285009,-12.000000,10.000000
2580.93047,2580.9290,04.446157,-12.000000,10.000000
2580.964135,2580.9630,04.605910,-12.000000,10.000000
2580.996883,2580.9960,04.767524,-12.000000,10.000000
2581.030293,2581.0300,04.929244,-12.000000,10.000000
2581.064956,2581.0630,05.089756,-12.000000,10.000000
2581.096957,2581.0960,05.251989,-12.000000,10.000000
2581.130932,2581.1300,05.411237,-12.000000,10.000000
2581.165472,2581.1640,05.573947,-12.000000,10.000000
2581.198836,2581.1970,05.734093,-12.000000,10.000000
2581.231801,2581.2300,05.896687,-12.000000,10.000000
2581.265171,2581.2640,06.054676,-12.000000,10.000000
2581.29928,2581.2980,06.214769,-12.000000,10.000000
2581.332923,2581.3310,06.377040,-12.000000,10.000000
2581.366545,2581.3650,06.539188,-12.000000,10.000000
2581.399717,2581.3980,06.701298,-12.000000,10.000000
2581.433561,2581.4320,06.860846,-12.000000,10.000000
2581.466742,2581.4650,07.022316,-12.000000,10.000000
2581.500552,2581.4990,07.182137,-12.000000,10.000000
2581.534105,2581.5330,07.343971,-12.000000,10.000000
2581.566687,2581.5660,07.506136,-12.000000,10.000000
2581.601253,2581.6000,07.666180,-12.000000,10.000000
2581.633702,2581.6330,07.827763,-12.000000,10.000000
2581.667362,2581.6670,07.988111,-12.000000,10.000000
2581.701467,2581.7000,08.149415,-12.000000,10.000000
2581.734542,2581.7330,08.309583,-12.000000,10.000000
2581.76716,2581.7670,08.469799,-12.000000,10.000000
2581.800795,2581.8000,08.629974,-12.000000,10.000000
2581.835477,2581.8340,08.790425,-12.000000,10.000000
2581.868476,2581.8670,08.952353,-12.000000,10.000000
2581.90108,2581.9010,09.112419,-12.000000,10.000000
2581.93522,2581.9340,09.272411,-12.000000,10.000000
2581.968386,2581.9670,09.432938,-12.000000,10.000000
2582.00153,2582.0010,09.592673,-12.000000,10.000000
2582.034493,2582.0340,09.753236,-12.000000,10.000000
2582.068627,2582.0670,09.913293,-12.000000,10.000000
2582.101955,2582.1000,10.072900,-12.000000,10.000000
2582.135249,2582.1340,10.233480,-12.000000,10.000000
2582.168594,2582.1670,10.131980,-12.000000,10.000000
2582.202123,2582.2010,10.067780,-12.000000,10.000000
2582.235235,2582.2340,09.976320,-12.000000,10.000000
2582.269314,2582.2680,09.858632,-12.000000,10.000000
2582.302084,2582.3020,09.711333,-12.000000,10.000000
2582.33593,2582.3340,09.539394,-12.000000,10.000000
2582.369148,2582.3690,09.379753,-12.000000,10.000000
2582.402912,2582.4010,09.218540,-12.000000,10.000000
2582.435483,2582.4350,09.059223,-12.000000,10.000000
2582.469611,2582.4680,08.897993,-12.000000,10.000000
2582.502626,2582.5010,08.738146,-12.000000,10.000000
2582.535448,2582.5350,08.578406,-12.000000,10.000000
2582.569201,2582.5690,08.418493,-12.000000,10.000000
2582.602006,2582.6020,08.258203,-12.000000,10.000000
2582.636345,2582.6350,08.097085,-12.000000,10.000000
2582.668949,2582.6680,07.936409,-12.000000,10.000000
2582.703227,2582.7020,07.776698,-12.000000,10.000000
2582.737005,2582.7360,07.616008,-12.000000,10.000000
2582.770514,2582.7690,07.453170,-12.000000,10.000000
2582.803739,2582.8020,07.293349,-12.000000,10.000000
2582.837949,2582.8360,07.132640,-12.000000,10.000000
2582.870305,2582.8700,06.969453,-12.000000,10.000000
2582.904611,2582.9030,06.809002,-12.000000,10.000000
2582.937818,2582.9360,06.648960,-12.000000,10.000000
2582.971018,2582.9710,06.487809,-12.000000,10.000000
2583.005132,2583.0040,06.325781,-12.000000,10.000000
2583.038706,2583.0370,06.165809,-12.000000,10.000000
2583.071224,2583.0710,06.004152,-12.000000,10.000000
2583.104489,2583.1040,05.844743,-12.000000,10.000000
2583.138808,2583.1370,05.684676,-12.000000,10.000000
2583.170893,2583.1700,05.523564,-12.000000,10.000000
2583.204987,2583.2040,05.363938,-12.000000,10.000000
2583.239573,2583.2380,05.201567,-12.000000,10.000000
2583.272368,2583.2720,05.040195,-12.000000,10.000000
2583.306386,2583.3050,04.877346,-12.000000,10.000000
2583.339783,2583.3380,04.718664,-12.000000,10.000000
2583.37223,2583.3720,04.557954,-12.000000,10.000000
2583.40649,2583.4050,04.397728,-12.000000,10.000000
2583.43977,2583.4380,04.237494,-12.000000,10.000000
2583.472359,2583.4720,04.076335,-12.000000,10.000000
2583.505732,2583.5050,03.917051,-12.000000,10.000000
2583.539904,2583.5380,03.756491,-12.000000,10.000000
2583.573365,2583.5720,03.596299,-12.000000,10.000000
2583.605965,2583.6050,03.436269,-12.000000,10.000000
2583.640465,2583.6390,03.275271,-12.000000,10.000000
2583.673671,2583.6720,03.113097,-12.000000,10.000000
2583.706358,2583.7060,02.951270,-12.000000,10.000000
2583.739988,2583.7390,02.793442,-12.000000,10.000000
2583.773607,2583.7720,02.629472,-12.000000,10.000000
2583.806769,2583.8050,02.473509,-12.000000,10.000000
2583.840274,2583.8390,02.312512,-12.000000,10.000000
2583.874266,2583.8730,02.152786,-12.000000,10.000000
2583.907406,2583.9060,01.990443,-12.000000,10.000000
2583.941401,2583.9400,01.830957,-12.000000,10.000000
2583.974661,2583.9730,01.666594,-12.000000,10.000000
2584.008062,2584.0070,01.507677,-12.000000,10.000000
2584.04157,2584.0400,01.347381,-12.000000,10.000000
2584.076226,2584.0750,01.186568,-12.000000,10.000000
2584.109496,2584.1080,01.018255,-12.000000,10.000000
2584.142573,2584.1410,00.858385,-12.000000,10.000000
2584.177468,2584.1760,00.699115,-12.000000,10.000000
2584.210054,2584.2100,00.530536,-12.000000,10.000000
2584.244369,2584.2430,00.374015,-12.000000,10.000000
2584.278018,2584.2780,00.211690,-12.000000,10.000000
2584.312712,2584.3110,00.045259,-12.000000,10.000000
2584.345745,2584.3440,-00.117204,-12.000000,10.000000
2584.379322,2584.3790,-00.275027,-12.000000,10.000000
2584.413575,2584.4120,-00.439366,-12.000000,10.000000
2584.447512,2584.4460,-00.600974,-12.000000,10.000000
2584.480885,2584.4800,-00.763246,-12.000000,10.000000
2584.5151,2584.5140,-00.928055,-12.000000,10.000000
2584.548159,2584.5480,-01.089598,-12.000000,10.000000
2584.582808,2584.5810,-01.250533,-12.000000,10.000000
2584.616612,2584.6150,-01.413801,-12.000000,10.000000
2584.649631,2584.6480,-01.575546,-12.000000,10.000000
2584.682574,2584.6820,-01.736101,-12.000000,10.000000
2584.717005,2584.7150,-01.896009,-12.000000,10.000000
2584.750537,2584.7490,-02.058426,-12.000000,10.000000
2584.784025,2584.7830,-02.218442,-12.000000,10.000000
2584.817101,2584.8170,-02.380084,-12.000000,10.000000
2584.850801,2584.8500,-02.544277,-12.000000,10.000000
2584.889801,2584.8880,-02.703700,-12.000000,10.000000
2584.921523,2584.9200,-02.905977,-12.000000,10.000000
2584.955093,2584.9540,-03.045263,-12.000000,10.000000
2584.98794,2584.9870,-03.201430,-12.000000,10.000000
2585.021858,2585.0200,-03.361970,-12.000000,10.000000
2585.055268,2585.0540,-03.522628,-12.000000,10.000000
2585.088365,2585.0880,-03.682708,-12.000000,10.000000
2585.122078,2585.1210,-03.843076,-12.000000,10.000000
2585.15491,2585.1540,-04.004403,-12.000000,10.000000
2585.189067,2585.1880,-04.164568,-12.000000,10.000000
2585.221665,2585.2210,-04.326189,-12.000000,10.000000
2585.255826,2585.2540,-04.485616,-12.000000,10.000000
2585.288678,2585.2880,-04.645407,-12.000000,10.000000
2585.322479,2585.3210,-04.805350,-12.000000,10.000000
2585.35557,2585.3540,-04.965482,-12.000000,10.000000
2585.388386,2585.3880,-05.125176,-12.000000,10.000000
2585.421988,2585.4210,-05.285744,-12.000000,10.000000
2585.454896,2585.4540,-05.257132,-12.000000,10.000000
2585.489571,2585.4880,-05.202763,-12.000000,10.000000
2585.522075,2585.5220,-05.121165,-12.000000,10.000000
2585.555671,2585.5550,-05.013449,-12.000000,10.000000
2585.590838,2585.5890,-04.877863,-12.000000,10.000000
2585.625075,2585.6240,-04.710296,-12.000000,10.000000
2585.657776,2585.6570,-04.546834,-12.000000,10.000000
2585.692155,2585.6910,-04.386038,-12.000000,10.000000
2585.725301,2585.7240,-04.225706,-12.000000,10.000000
2585.758387,2585.7570,-04.066158,-12.000000,10.000000
2585.79156,2585.7910,-03.905336,-12.000000,10.000000
2585.825629,2585.8240,-03.744095,-12.000000,10.000000
2585.858804,2585.8580,-03.582741,-12.000000,10.000000
2585.891824,2585.8910,-03.420420,-12.000000,10.000000
2585.926337,2585.9250,-03.260109,-12.000000,10.000000
2585.959882,2585.9580,-03.100999,-12.000000,10.000000
2585.993347,2585.9920,-02.938534,-12.000000,10.000000
2586.025632,2586.0250,-02.778922,-12.000000,10.000000
2586.059517,2586.0590,-02.618449,-12.000000,10.000000
2586.093399,2586.0920,-02.456788,-12.000000,10.000000
2586.126784,2586.1260,-02.296185,-12.000000,10.000000
2586.160126,2586.1600,-02.132906,-12.000000,10.000000
2586.194217,2586.1930,-01.973010,-12.000000,10.000000
2586.227541,2586.2260,-01.811683,-12.000000,10.000000
2586.261358,2586.2600,-01.651992,-12.000000,10.000000
2586.294355,2586.2930,-01.491678,-12.000000,10.000000
2586.327069,2586.3270,-01.331938,-12.000000,10.000000
2586.360573,2586.3600,-01.170914,-12.000000,10.000000
2586.395216,2586.3940,-01.009972,-12.000000,10.000000
2586.428953,2586.4270,-00.847229,-12.000000,10.000000
2586.462234,2586.4620,-00.684534,-12.000000,10.000000
2586.495858,2586.4950,-00.521964,-12.000000,10.000000
2586.530801,2586.5290,-00.360337,-12.000000,10.000000
2586.563806,2586.5620,-00.193724,-12.000000,10.000000
2586.597316,2586.5960,-00.037590,-12.000000,10.000000
2586.630915,2586.6290,00.125320,-12.000000,10.000000
2586.663113,2586.6630,00.285729,-12.000000,10.000000
2586.696525,2586.6960,00.444183,-12.000000,10.000000
2586.730311,2586.7290,00.603429,-12.000000,10.000000
2586.764099,2586.7630,00.763102,-12.000000,10.000000
2586.797481,2586.7960,00.924628,-12.000000,10.000000
2586.8306,2586.8290,01.084364,-12.000000,10.000000
2586.863281,2586.8630,01.243680,-12.000000,10.000000
2586.897306,2586.8960,01.404583,-12.000000,10.000000
2586.93015,2586.9300,01.564792,-12.000000,10.000000
2586.96373,2586.9630,01.725460,-12.000000,10.000000
2586.997464,2586.9970,01.887319,-12.000000,10.000000
2587.031112,2587.0310,02.048851,-12.000000,10.000000
2587.065312,2587.0640,02.211486,-12.000000,10.000000
2587.098409,2587.0970,02.371004,-12.000000,10.000000
2587.130775,2587.1300,02.531852,-12.000000,10.000000
2587.165038,2587.1640,02.691294,-12.000000,10.000000
2587.199183,2587.1980,02.851746,-12.000000,10.000000
2587.232746,2587.2310,03.014438,-12.000000,10.000000
2587.265991,2587.2640,03.174698,-12.000000,10.000000
2587.298631,2587.2980,03.334816,-12.000000,10.000000
2587.332111,2587.3320,03.496002,-12.000000,10.000000
2587.365996,2587.3650,03.657344,-12.000000,10.000000
2587.400094,2587.3990,03.819744,-12.000000,10.000000
2587.433412,2587.4320,03.980422,-12.000000,10.000000
2587.466571,2587.4650,04.140078,-12.000000,10.000000
2587.500221,2587.4990,04.300328,-12.000000,10.000000
2587.53334,2587.5320,04.460582,-12.000000,10.000000
2587.566113,2587.5660,04.621023,-12.000000,10.000000
2587.59994,2587.5980,04.780929,-12.000000,10.000000
2587.633416,2587.6320,04.942021,-12.000000,10.000000
2587.666573,2587.6660,05.101973,-12.000000,10.000000
2587.700149,2587.7000,05.263556,-12.000000,10.000000
2587.734291,2587.7330,05.424518,-12.000000,10.000000
2587.767511,2587.7660,05.584946,-12.000000,10.000000
2587.800164,2587.8000,05.745108,-12.000000,10.000000
2587.833419,2587.8330,05.905218,-12.000000,10.000000
2587.867957,2587.8660,06.065852,-12.000000,10.000000
2587.900703,2587.9000,06.226898,-12.000000,10.000000
2587.934166,2587.9340,06.388070,-12.000000,10.000000
2587.968144,2587.9670,06.549268,-12.000000,10.000000
2588.001268,2588.0010,06.709580,-12.000000,10.000000
2588.035725,2588.0340,06.871375,-12.000000,10.000000
2588.067932,2588.0670,07.034774,-12.000000,10.000000
2588.10224,2588.1010,07.192265,-12.000000,10.000000
2588.13531,2588.1340,07.352338,-12.000000,10.000000
2588.16886,2588.1670,07.513104,-12.000000,10.000000
2588.202109,2588.2010,07.672224,-12.000000,10.000000
2588.235764,2588.2340,07.832568,-12.000000,10.000000
2588.268606,2588.2680,07.993491,-12.000000,10.000000
2588.302233,2588.3020,08.154924,-12.000000,10.000000
2588.336029,2588.3360,08.316218,-12.000000,10.000000
2588.369703,2588.3680,08.477629,-12.000000,10.000000
2588.402358,2588.4020,08.636985,-12.000000,10.000000
2588.436498,2588.4350,08.797813,-12.000000,10.000000
2588.469885,2588.4680,08.957681,-12.000000,10.000000
2588.502867,2588.5010,09.117848,-12.000000,10.000000
2588.535766,2588.5350,09.277969,-12.000000,10.000000
2588.569841,2588.5680,09.438451,-12.000000,10.000000
2588.60268,2588.6020,09.600135,-12.000000,10.000000
2588.63624,2588.6360,09.759661,-12.000000,10.000000
2588.670117,2588.6690,09.921908,-12.000000,10.000000
2588.702847,2588.7020,10.081200,-12.000000,10.000000
2588.736602,2588.7360,10.241440,-12.000000,10.000000
2588.770091,2588.7700,10.130620,-12.000000,10.000000
2588.804254,2588.8030,10.064120,-12.000000,10.000000
2588.837553,2588.8360,09.970802,-12.000000,10.000000
2588.870893,2588.8690,09.851495,-12.000000,10.000000
2588.904167,2588.9030,09.705288,-12.000000,10.000000
2588.937124,2588.9370,09.533249,-12.000000,10.000000
2588.970031,2588.9700,09.373572,-12.000000,10.000000
2589.004038,2589.0020,09.213542,-12.000000,10.000000
2589.037638,2589.0360,09.053688,-12.000000,10.000000
2589.070387,2589.0700,08.892364,-12.000000,10.000000
2589.104501,2589.1030,08.730723,-12.000000,10.000000
2589.137466,2589.1370,08.570995,-12.000000,10.000000
2589.171036,2589.1700,08.411239,-12.000000,10.000000
2589.204808,2589.2040,08.248764,-12.000000,10.000000
2589.238701,2589.2370,08.085705,-12.000000,10.000000
2589.271544,2589.2710,07.925863,-12.000000,10.000000
2589.305116,2589.3050,07.764697,-12.000000,10.000000
2589.339266,2589.3370,07.603883,-12.000000,10.000000
2589.372426,2589.3710,07.443594,-12.000000,10.000000
2589.405895,2589.4040,07.283325,-12.000000,10.000000
2589.439337,2589.4380,07.123083,-12.000000,10.000000
2589.471945,2589.4710,06.961318,-12.000000,10.000000
2589.505998,2589.5040,06.801970,-12.000000,10.000000
2589.539183,2589.5380,06.639143,-12.000000,10.000000
2589.572642,2589.5710,06.480527,-12.000000,10.000000
2589.60585,2589.6040,06.320818,-12.000000,10.000000
2589.639454,2589.6380,06.161376,-12.000000,10.000000
2589.67192,2589.6710,06.001026,-12.000000,10.000000
2589.705575,2589.7050,05.841728,-12.000000,10.000000
2589.739571,2589.7380,05.681126,-12.000000,10.000000
2589.772131,2589.7720,05.517058,-12.000000,10.000000
2589.806566,2589.8050,05.359684,-12.000000,10.000000
2589.840294,2589.8390,05.198807,-12.000000,10.000000
2589.873848,2589.8720,05.034835,-12.000000,10.000000
2589.906686,2589.9060,04.874770,-12.000000,10.000000
2589.940767,2589.9390,04.713388,-12.000000,10.000000
2589.973995,2589.9720,04.552787,-12.000000,10.000000
2590.008315,2590.0070,04.393304,-12.000000,10.000000
2590.041256,2590.0400,04.229449,-12.000000,10.000000
2590.074416,2590.0740,04.068797,-12.000000,10.000000
2590.108045,2590.1080,03.907727,-12.000000,10.000000
2590.14184,2590.1400,03.746885,-12.000000,10.000000
2590.174847,2590.1740,03.585987,-12.000000,10.000000
2590.208849,2590.2070,03.425240,-12.000000,10.000000
2590.241852,2590.2410,03.264989,-12.000000,10.000000
2590.276121,2590.2760,03.103099,-12.000000,10.000000
2590.310057,2590.3090,02.938806,-12.000000,10.000000
2590.342707,2590.3420,02.778947,-12.000000,10.000000
2590.376603,2590.3760,02.617924,-12.000000,10.000000
2590.410401,2590.4090,02.458178,-12.000000,10.000000
2590.443078,2590.4430,02.298146,-12.000000,10.000000
2590.47641,2590.4760,02.136714,-12.000000,10.000000
2590.510437,2590.5090,01.976351,-12.000000,10.000000
2590.544086,2590.5430,01.815732,-12.000000,10.000000
2590.576366,2590.5760,01.656379,-12.000000,10.000000
2590.610081,2590.6100,01.495430,-12.000000,10.000000
2590.644638,2590.6430,01.333870,-12.000000,10.000000
2590.677693,2590.6760,01.172966,-12.000000,10.000000
2590.710931,2590.7090,01.013028,-12.000000,10.000000
2590.744292,2590.7430,00.852038,-12.000000,10.000000
2590.776833,2590.7760,00.692390,-12.000000,10.000000
2590.811149,2590.8100,00.532049,-12.000000,10.000000
2590.844883,2590.8430,00.371589,-12.000000,10.000000
2590.878791,2590.8770,00.209177,-12.000000,10.000000
2590.911695,2590.9100,00.044623,-12.000000,10.000000
2590.945582,2590.9440,-00.116022,-12.000000,10.000000
2590.978953,2590.9770,-00.274196,-12.000000,10.000000
2591.012115,2591.0110,-00.433482,-12.000000,10.000000
2591.045855,2591.0440,-00.593145,-12.000000,10.000000
2591.079389,2591.0780,-00.755029,-12.000000,10.000000
2591.113031,2591.1120,-00.916453,-12.000000,10.000000
2591.146134,2591.1450,-01.077449,-12.000000,10.000000
2591.180131,2591.1790,-01.237372,-12.000000,10.000000
2591.213713,2591.2120,-01.400002,-12.000000,10.000000
2591.247,2591.2450,-01.564610,-12.000000,10.000000
2591.279716,2591.2790,-01.722354,-12.000000,10.000000
2591.313218,2591.3130,-01.882096,-12.000000,10.000000
2591.346788,2591.3460,-02.042507,-12.000000,10.000000
2591.380644,2591.3800,-02.205809,-12.000000,10.000000
2591.414658,2591.4130,-02.366963,-12.000000,10.000000
2591.44754,2591.4470,-02.526787,-12.000000,10.000000
2591.481674,2591.4800,-02.692305,-12.000000,10.000000
2591.514713,2591.5130,-02.847816,-12.000000,10.000000
2591.548308,2591.5470,-03.008114,-12.000000,10.000000
2591.580374,2591.5800,-03.168331,-12.000000,10.000000
2591.614555,2591.6140,-03.329939,-12.000000,10.000000
2591.648367,2591.6480,-03.490049,-12.000000,10.000000
2591.682059,2591.6810,-03.650774,-12.000000,10.000000
2591.715168,2591.7140,-03.810637,-12.000000,10.000000
2591.74785,2591.7470,-03.970603,-12.000000,10.000000
2591.781457,2591.7810,-04.130643,-12.000000,10.000000
2591.81554,2591.8150,-04.291890,-12.000000,10.000000
2591.849547,2591.8480,-04.456032,-12.000000,10.000000
2591.882631,2591.8810,-04.615273,-12.000000,10.000000
2591.916333,2591.9150,-04.776041,-12.000000,10.000000
2591.94972,2591.9480,-04.935799,-12.000000,10.000000
2591.982329,2591.9820,-05.096517,-12.000000,10.000000
2592.015756,2592.0150,-05.256496,-12.000000,10.000000
2592.050322,2592.0490,-05.417262,-12.000000,10.000000
2592.084017,2592.0830,-05.234577,-12.000000,10.000000
2592.118648,2592.1170,-05.157749,-12.000000,10.000000
2592.151055,2592.1510,-05.051308,-12.000000,10.000000
2592.183707,2592.1830,-04.921310,-12.000000,10.000000
2592.218157,2592.2180,-04.764982,-12.000000,10.000000
2592.251141,2592.2510,-04.576986,-12.000000,10.000000
2592.283713,2592.2830,-04.419353,-12.000000,10.000000
2592.317446,2592.3170,-04.262025,-12.000000,10.000000
2592.350981,2592.3490,-04.101626,-12.000000,10.000000
2592.384707,2592.3830,-03.941695,-12.000000,10.000000
2592.417349,2592.4170,-03.779460,-12.000000,10.000000
2592.451752,2592.4500,-03.619000,-12.000000,10.000000
2592.48482,2592.4830,-03.458395,-12.000000,10.000000
2592.518882,2592.5180,-03.298232,-12.000000,10.000000
2592.552468,2592.5510,-03.134127,-12.000000,10.000000
2592.58485,2592.5840,-02.973640,-12.000000,10.000000
2592.618331,2592.6170,-02.816426,-12.000000,10.000000
2592.651968,2592.6500,-02.656887,-12.000000,10.000000
2592.685093,2592.6850,-02.497129,-12.000000,10.000000
2592.717978,2592.7170,-02.333755,-12.000000,10.000000
2592.751887,2592.7500,-02.177005,-12.000000,10.000000
2592.784725,2592.7840,-02.016631,-12.000000,10.000000
2592.8215,2592.8210,-01.855844,-12.000000,10.000000
2592.852071,2592.8520,-01.677491,-12.000000,10.000000
2592.8853,2592.8840,-01.531086,-12.000000,10.000000
2592.918121,2592.9180,-01.375485,-12.000000,10.000000
2592.952383,2592.9510,-01.214684,-12.000000,10.000000
2592.985407,2592.9850,-01.054406,-12.000000,10.000000
2593.019615,2593.0180,-00.891927,-12.000000,10.000000
2593.052192,2593.0520,-00.730441,-12.000000,10.000000
2593.086046,2593.0860,-00.571013,-12.000000,10.000000
2593.119582,2593.1180,-00.409156,-12.000000,10.000000
2593.153128,2593.1520,-00.249480,-12.000000,10.000000
2593.186336,2593.1850,-00.089214,-12.000000,10.000000
2593.219038,2593.2190,00.069818,-12.000000,10.000000
2593.253225,2593.2530,00.230982,-12.000000,10.000000
2593.287073,2593.2870,00.393191,-12.000000,10.000000
2593.320478,2593.3190,00.556448,-12.000000,10.000000
2593.353031,2593.3530,00.717006,-12.000000,10.000000
2593.387572,2593.3860,00.875137,-12.000000,10.000000
2593.420705,2593.4200,01.038351,-12.000000,10.000000
2593.454588,2593.4530,01.199795,-12.000000,10.000000
2593.487618,2593.4870,01.360122,-12.000000,10.000000
2593.521406,2593.5200,01.521234,-12.000000,10.000000
2593.555211,2593.5530,01.681108,-12.000000,10.000000
2593.588365,2593.5870,01.842695,-12.000000,10.000000
2593.622117,2593.6210,02.002030,-12.000000,10.000000
2593.655775,2593.6540,02.163806,-12.000000,10.000000
2593.68857,2593.6870,02.324582,-12.000000,10.000000
2593.722571,2593.7210,02.483068,-12.000000,10.000000
2593.756073,2593.7540,02.647203,-12.000000,10.000000
2593.789379,2593.7880,02.808497,-12.000000,10.000000
2593.821824,2593.8210,02.968922,-12.000000,10.000000
2593.855824,2593.8550,03.127192,-12.000000,10.000000
2593.888124,2593.8880,03.289987,-12.000000,10.000000
2593.922632,2593.9210,03.449041,-12.000000,10.000000
2593.956441,2593.9550,03.609210,-12.000000,10.000000
2593.989545,2593.9890,03.772205,-12.000000,10.000000
2594.023022,2594.0230,03.932276,-12.000000,10.000000
2594.055905,2594.0550,04.092723,-12.000000,10.000000
2594.088961,2594.0880,04.251414,-12.000000,10.000000
2594.122229,2594.1220,04.409401,-12.000000,10.000000
2594.156132,2594.1550,04.569569,-12.000000,10.000000
2594.189385,2594.1880,04.729512,-12.000000,10.000000
2594.222038,2594.2220,04.889526,-12.000000,10.000000
2594.256907,2594.2550,05.050894,-12.000000,10.000000
2594.29007,2594.2890,05.213622,-12.000000,10.000000
2594.323997,2594.3220,05.374504,-12.000000,10.000000
2594.357252,2594.3560,05.535467,-12.000000,10.000000
2594.391115,2594.3900,05.695646,-12.000000,10.000000
2594.424706,2594.4230,05.857526,-12.000000,10.000000
2594.456989,2594.4560,06.019345,-12.000000,10.000000
2594.491235,2594.4900,06.179069,-12.000000,10.000000
2594.524923,2594.5230,06.340055,-12.000000,10.000000
2594.557286,2594.5570,06.501061,-12.000000,10.000000
2594.591063,2594.5910,06.660370,-12.000000,10.000000
2594.625471,2594.6240,06.822390,-12.000000,10.000000
2594.6592,2594.6580,06.983938,-12.000000,10.000000
2594.692088,2594.6920,07.145465,-12.000000,10.000000
2594.726432,2594.7260,07.308059,-12.000000,10.000000
2594.759622,2594.7580,07.471984,-12.000000,10.000000
2594.792167,2594.7920,07.628819,-12.000000,10.000000
2594.82638,2594.8260,07.790068,-12.000000,10.000000
2594.860044,2594.8590,07.950768,-12.000000,10.000000
2594.894188,2594.8930,08.111733,-12.000000,10.000000
2594.926958,2594.9250,08.274758,-12.000000,10.000000
2594.959949,2594.9580,08.432137,-12.000000,10.000000
2594.993866,2594.9920,08.592403,-12.000000,10.000000
2595.025906,2595.0250,08.755648,-12.000000,10.000000
2595.060361,2595.0590,08.913195,-12.000000,10.000000
2595.093821,2595.0920,09.073602,-12.000000,10.000000
2595.126196,2595.1260,09.232669,-12.000000,10.000000
2595.160435,2595.1590,09.392695,-12.000000,10.000000
2595.194006,2595.1930,09.552908,-12.000000,10.000000
2595.227583,2595.2260,09.714130,-12.000000,10.000000
2595.26059,2595.2590,09.875932,-12.000000,10.000000
2595.293712,2595.2930,10.035560,-12.000000,10.000000
2595.327511,2595.3260,10.196060,-12.000000,10.000000
2595.36132,2595.3600,10.138470,-12.000000,10.000000
2595.394414,2595.3940,10.079120,-12.000000,10.000000
2595.428917,2595.4270,09.993266,-12.000000,10.000000
2595.461738,2595.4600,09.879370,-12.000000,10.000000
2595.493771,2595.4930,09.742745,-12.000000,10.000000
2595.528096,2595.5270,09.577597,-12.000000,10.000000
2595.562255,2595.5610,09.416679,-12.000000,10.000000
2595.595596,2595.5950,09.254162,-12.000000,10.000000
2595.628657,2595.6280,09.090892,-12.000000,10.000000
2595.662601,2595.6610,08.931990,-12.000000,10.000000
2595.69557,2595.6950,08.772298,-12.000000,10.000000
2595.73057,2595.7290,08.610148,-12.000000,10.000000
2595.76313,2595.7630,08.445832,-12.000000,10.000000
2595.796646,2595.7950,08.286301,-12.000000,10.000000
2595.829676,2595.8280,08.128281,-12.000000,10.000000
2595.863696,2595.8620,07.968869,-12.000000,10.000000
2595.896718,2595.8960,07.806934,-12.000000,10.000000
2595.930061,2595.9290,07.644105,-12.000000,10.000000
2595.963828,2595.9620,07.487283,-12.000000,10.000000
2595.996774,2595.9950,07.325767,-12.000000,10.000000
2596.029856,2596.0290,07.165313,-12.000000,10.000000
2596.063288,2596.0630,07.002418,-12.000000,10.000000
2596.097536,2596.0960,06.843359,-12.000000,10.000000
2596.131092,2596.1300,06.682572,-12.000000,10.000000
2596.16384,2596.1630,06.522146,-12.000000,10.000000
2596.197219,2596.1970,06.360070,-12.000000,10.000000
2596.231153,2596.2310,06.200208,-12.000000,10.000000
2596.263755,2596.2630,06.038712,-12.000000,10.000000
2596.297921,2596.2960,05.878782,-12.000000,10.000000
2596.33149,2596.3300,05.719151,-12.000000,10.000000
2596.364406,2596.3630,05.559509,-12.000000,10.000000
2596.397103,2596.3970,05.399051,-12.000000,10.000000
2596.431349,2596.4300,05.239135,-12.000000,10.000000
2596.464572,2596.4630,05.078177,-12.000000,10.000000
2596.497669,2596.4970,04.918221,-12.000000,10.000000
2596.532631,2596.5310,04.756870,-12.000000,10.000000
2596.5651,2596.5650,04.592803,-12.000000,10.000000
2596.598535,2596.5980,04.432869,-12.000000,10.000000
2596.632566,2596.6320,04.272022,-12.000000,10.000000
2596.666629,2596.6650,04.108493,-12.000000,10.000000
2596.710577,2596.7100,03.947598,-12.000000,10.000000
2596.732776,2596.7320,03.735043,-12.000000,10.000000
2596.767493,2596.7670,03.627443,-12.000000,10.000000
2596.800621,2596.8000,03.464049,-12.000000,10.000000
2596.83576,2596.8340,03.304097,-12.000000,10.000000
2596.86832,2596.8670,03.136838,-12.000000,10.000000
2596.90062,2596.8990,02.980436,-12.000000,10.000000
2596.934924,2596.9330,02.825513,-12.000000,10.000000
2596.966238,2596.9660,02.661556,-12.000000,10.000000
2597.001154,2597.0000,02.505990,-12.000000,10.000000
2597.03485,2597.0340,02.342500,-12.000000,10.000000
