43.784,0.02003,-12.0,10.0
43.801,0.292155,-12.0,10.0
43.817,0.292155,-12.0,10.0
43.834,0.292155,-12.0,10.0
43.851,0.292155,-12.0,10.0
43.867,0.292155,-12.0,10.0
43.884,0.292155,-12.0,10.0
43.901,0.774976,-12.0,10.0
43.917,0.774976,-12.0,10.0
43.934,0.774976,-12.0,10.0
43.95,0.774976,-12.0,10.0
43.967,0.774976,-12.0,10.0
43.984,0.774976,-12.0,10.0
44.001,0.774976,-12.0,10.0
44.017,1.263021,-12.0,10.0
44.034,1.263021,-12.0,10.0
44.05,1.263021,-12.0,10.0
44.067,1.263021,-12.0,10.0
44.084,1.263021,-12.0,10.0
44.101,1.75125,-12.0,10.0
44.118,1.75125,-12.0,10.0
44.134,1.75125,-12.0,10.0
44.159,1.75125,-12.0,10.0
44.168,1.75125,-12.0,10.0
44.184,1.75125,-12.0,10.0
44.201,2.238748,-12.0,10.0
44.218,2.238748,-12.0,10.0
44.234,2.238748,-12.0,10.0
44.251,2.238748,-12.0,10.0
44.267,2.238748,-12.0,10.0
44.284,2.238748,-12.0,10.0
44.301,2.72739,-12.0,10.0
44.317,2.72739,-12.0,10.0
44.334,2.72739,-12.0,10.0
44.351,2.72739,-12.0,10.0
44.367,2.72739,-12.0,10.0
44.384,2.72739,-12.0,10.0
44.401,2.72739,-12.0,10.0
44.417,3.215816,-12.0,10.0
44.434,3.215816,-12.0,10.0
44.451,3.215816,-12.0,10.0
44.467,3.215816,-12.0,10.0
44.484,3.215816,-12.0,10.0
44.501,3.703733,-12.0,10.0
44.517,3.703733,-12.0,10.0
44.534,3.703733,-12.0,10.0
44.551,3.703733,-12.0,10.0
44.567,3.703733,-12.0,10.0
44.584,3.703733,-12.0,10.0
44.601,4.192883,-12.0,10.0
44.617,4.192883,-12.0,10.0
44.634,4.192883,-12.0,10.0
44.651,4.192883,-12.0,10.0
44.668,4.192883,-12.0,10.0
44.684,4.192883,-12.0,10.0
44.701,4.680661,-12.0,10.0
44.717,4.680661,-12.0,10.0
44.734,4.680661,-12.0,10.0
44.75,4.680661,-12.0,10.0
44.767,4.680661,-12.0,10.0
44.784,4.680661,-12.0,10.0
44.801,4.680661,-12.0,10.0
44.817,5.16884,-12.0,10.0
44.834,5.16884,-12.0,10.0
44.85,5.16884,-12.0,10.0
44.867,5.16884,-12.0,10.0
44.885,5.657348,-12.0,10.0
44.901,5.657348,-12.0,10.0
44.917,5.657348,-12.0,10.0
44.934,5.657348,-12.0,10.0
44.951,5.657348,-12.0,10.0
44.967,5.657348,-12.0,10.0
44.984,5.657348,-12.0,10.0
45.001,6.146538,-12.0,10.0
45.017,6.146538,-12.0,10.0
45.034,6.146538,-12.0,10.0
45.051,6.146538,-12.0,10.0
45.068,6.146538,-12.0,10.0
45.084,6.146538,-12.0,10.0
45.101,6.63364,-12.0,10.0
45.117,6.63364,-12.0,10.0
45.134,6.63364,-12.0,10.0
45.151,6.63364,-12.0,10.0
45.167,6.63364,-12.0,10.0
45.184,6.63364,-12.0,10.0
45.201,6.63364,-12.0,10.0
45.217,7.122033,-12.0,10.0
45.234,7.122033,-12.0,10.0
45.251,7.122033,-12.0,10.0
45.268,7.122033,-12.0,10.0
45.284,7.122033,-12.0,10.0
45.301,7.61024,-12.0,10.0
45.317,7.61024,-12.0,10.0
45.334,7.61024,-12.0,10.0
45.351,7.61024,-12.0,10.0
45.368,7.61024,-12.0,10.0
45.384,7.61024,-12.0,10.0
45.401,8.098589,-12.0,10.0
45.417,8.098589,-12.0,10.0
45.434,8.098589,-12.0,10.0
45.451,8.098589,-12.0,10.0
45.467,8.098589,-12.0,10.0
45.484,8.098589,-12.0,10.0
45.501,8.098589,-12.0,10.0
45.517,8.586527,-12.0,10.0
45.534,8.586527,-12.0,10.0
45.551,8.586527,-12.0,10.0
45.568,8.586527,-12.0,10.0
45.584,8.586527,-12.0,10.0
45.601,8.586527,-12.0,10.0
45.617,9.074348,-12.0,10.0
45.634,9.074348,-12.0,10.0
45.651,9.074348,-12.0,10.0
45.668,9.074348,-12.0,10.0
45.684,9.563381,-12.0,10.0
45.701,9.563381,-12.0,10.0
45.717,9.563381,-12.0,10.0
45.734,9.563381,-12.0,10.0
45.751,9.563381,-12.0,10.0
45.767,9.563381,-12.0,10.0
45.784,9.563381,-12.0,10.0
45.801,10.05142,-12.0,10.0
45.817,10.05142,-12.0,10.0
45.834,10.05142,-12.0,10.0
45.851,10.05142,-12.0,10.0
45.868,10.05142,-12.0,10.0
45.884,10.05142,-12.0,10.0
45.901,10.05142,-12.0,10.0
45.917,9.93415,-12.0,10.0
45.934,9.93415,-12.0,10.0
45.951,9.93415,-12.0,10.0
45.968,9.93415,-12.0,10.0
45.984,9.93415,-12.0,10.0
46.001,9.448284,-12.0,10.0
46.018,9.448284,-12.0,10.0
46.034,9.448284,-12.0,10.0
46.051,9.448284,-12.0,10.0
46.067,9.448284,-12.0,10.0
46.084,9.448284,-12.0,10.0
46.101,8.960264,-12.0,10.0
46.118,8.960264,-12.0,10.0
46.134,8.960264,-12.0,10.0
46.151,8.960264,-12.0,10.0
46.168,8.960264,-12.0,10.0
46.184,8.960264,-12.0,10.0
46.201,8.472569,-12.0,10.0
46.218,8.472569,-12.0,10.0
46.234,8.472569,-12.0,10.0
46.251,8.472569,-12.0,10.0
46.267,8.472569,-12.0,10.0
46.284,8.472569,-12.0,10.0
46.301,8.472569,-12.0,10.0
46.317,7.984599,-12.0,10.0
46.334,7.984599,-12.0,10.0
46.351,7.984599,-12.0,10.0
46.368,7.984599,-12.0,10.0
46.384,7.984599,-12.0,10.0
46.401,7.496176,-12.0,10.0
46.417,7.496176,-12.0,10.0
46.434,7.496176,-12.0,10.0
46.451,7.496176,-12.0,10.0
46.467,7.496176,-12.0,10.0
46.484,7.007463,-12.0,10.0
46.501,7.007463,-12.0,10.0
46.518,7.007463,-12.0,10.0
46.534,7.007463,-12.0,10.0
46.551,7.007463,-12.0,10.0
46.567,7.007463,-12.0,10.0
46.584,7.007463,-12.0,10.0
46.601,6.519584,-12.0,10.0
46.618,6.519584,-12.0,10.0
46.634,6.519584,-12.0,10.0
46.651,6.519584,-12.0,10.0
46.668,6.519584,-12.0,10.0
46.684,6.519584,-12.0,10.0
46.701,6.519584,-12.0,10.0
46.718,6.031266,-12.0,10.0
46.734,6.031266,-12.0,10.0
46.751,6.031266,-12.0,10.0
46.768,6.031266,-12.0,10.0
46.784,6.031266,-12.0,10.0
46.801,5.543726,-12.0,10.0
46.818,5.543726,-12.0,10.0
46.834,5.543726,-12.0,10.0
46.851,5.543726,-12.0,10.0
46.868,5.543726,-12.0,10.0
46.884,5.543726,-12.0,10.0
46.901,5.054855,-12.0,10.0
46.918,5.054855,-12.0,10.0
46.934,5.054855,-12.0,10.0
46.951,5.054855,-12.0,10.0
46.968,5.054855,-12.0,10.0
46.984,5.054855,-12.0,10.0
47.001,4.566454,-12.0,10.0
47.017,4.566454,-12.0,10.0
47.034,4.566454,-12.0,10.0
47.051,4.566454,-12.0,10.0
47.068,4.566454,-12.0,10.0
47.084,4.566454,-12.0,10.0
47.101,4.078078,-12.0,10.0
47.118,4.078078,-12.0,10.0
47.134,4.078078,-12.0,10.0
47.151,4.078078,-12.0,10.0
47.168,4.078078,-12.0,10.0
47.184,4.078078,-12.0,10.0
47.201,3.58968,-12.0,10.0
47.218,3.58968,-12.0,10.0
47.234,3.58968,-12.0,10.0
47.251,3.58968,-12.0,10.0
47.267,3.58968,-12.0,10.0
47.284,3.102121,-12.0,10.0
47.301,3.102121,-12.0,10.0
47.317,3.102121,-12.0,10.0
47.334,3.102121,-12.0,10.0
47.351,3.102121,-12.0,10.0
47.367,3.102121,-12.0,10.0
47.384,3.102121,-12.0,10.0
47.401,3.102121,-12.0,10.0
47.418,2.613743,-12.0,10.0
47.434,2.613743,-12.0,10.0
47.451,2.613743,-12.0,10.0
47.468,2.613743,-12.0,10.0
47.484,2.613743,-12.0,10.0
47.501,2.125053,-12.0,10.0
47.518,2.125053,-12.0,10.0
47.534,2.125053,-12.0,10.0
47.551,2.125053,-12.0,10.0
47.568,2.125053,-12.0,10.0
47.584,2.125053,-12.0,10.0
47.601,1.636968,-12.0,10.0
47.618,1.636968,-12.0,10.0
47.634,1.636968,-12.0,10.0
47.651,1.636968,-12.0,10.0
47.668,1.636968,-12.0,10.0
47.684,1.636968,-12.0,10.0
47.701,1.148493,-12.0,10.0
47.717,1.148493,-12.0,10.0
47.734,1.148493,-12.0,10.0
47.751,1.148493,-12.0,10.0
47.768,1.148493,-12.0,10.0
47.784,1.148493,-12.0,10.0
47.801,1.148493,-12.0,10.0
47.818,0.660756,-12.0,10.0
47.834,0.660756,-12.0,10.0
47.851,0.660756,-12.0,10.0
47.868,0.660756,-12.0,10.0
47.884,0.660756,-12.0,10.0
47.901,0.173126,-12.0,10.0
47.918,0.173126,-12.0,10.0
47.934,0.173126,-12.0,10.0
47.951,0.173126,-12.0,10.0
47.968,0.173126,-12.0,10.0
47.984,0.173126,-12.0,10.0
48.001,-0.31638,-12.0,10.0
48.018,-0.31638,-12.0,10.0
48.034,-0.31638,-12.0,10.0
48.051,-0.31638,-12.0,10.0
48.068,-0.31638,-12.0,10.0
48.084,-0.31638,-12.0,10.0
48.101,-0.804929,-12.0,10.0
48.118,-0.804929,-12.0,10.0
48.134,-0.804929,-12.0,10.0
48.151,-0.804929,-12.0,10.0
48.168,-0.804929,-12.0,10.0
48.184,-0.804929,-12.0,10.0
48.201,-0.804929,-12.0,10.0
48.218,-1.292482,-12.0,10.0
48.234,-1.292482,-12.0,10.0
48.251,-1.292482,-12.0,10.0
48.268,-1.292482,-12.0,10.0
48.284,-1.292482,-12.0,10.0
48.301,-1.780749,-12.0,10.0
48.317,-1.780749,-12.0,10.0
48.334,-1.780749,-12.0,10.0
48.351,-1.780749,-12.0,10.0
48.368,-1.780749,-12.0,10.0
48.384,-1.780749,-12.0,10.0
48.401,-2.268765,-12.0,10.0
48.418,-2.268765,-12.0,10.0
48.434,-2.268765,-12.0,10.0
48.451,-2.268765,-12.0,10.0
48.468,-2.268765,-12.0,10.0
48.484,-2.268765,-12.0,10.0
48.501,-2.76037,-12.0,10.0
48.518,-2.76037,-12.0,10.0
48.534,-2.76037,-12.0,10.0
48.551,-2.76037,-12.0,10.0
48.568,-2.76037,-12.0,10.0
48.585,-2.76037,-12.0,10.0
48.601,-3.246099,-12.0,10.0
48.618,-3.246099,-12.0,10.0
48.634,-3.246099,-12.0,10.0
48.651,-3.246099,-12.0,10.0
48.668,-3.246099,-12.0,10.0
48.684,-3.246099,-12.0,10.0
48.701,-3.733881,-12.0,10.0
48.717,-3.733881,-12.0,10.0
48.734,-3.733881,-12.0,10.0
48.751,-3.733881,-12.0,10.0
48.768,-3.733881,-12.0,10.0
48.784,-3.733881,-12.0,10.0
48.801,-4.221458,-12.0,10.0
48.818,-4.221458,-12.0,10.0
48.834,-4.221458,-12.0,10.0
48.851,-4.221458,-12.0,10.0
48.868,-4.221458,-12.0,10.0
48.884,-4.221458,-12.0,10.0
48.901,-4.709834,-12.0,10.0
48.918,-4.709834,-12.0,10.0
48.934,-4.709834,-12.0,10.0
48.951,-4.709834,-12.0,10.0
48.968,-4.709834,-12.0,10.0
48.984,-4.709834,-12.0,10.0
49.001,-5.198377,-12.0,10.0
49.018,-5.198377,-12.0,10.0
49.034,-5.198377,-12.0,10.0
49.051,-5.198377,-12.0,10.0
49.068,-5.198377,-12.0,10.0
49.084,-5.198377,-12.0,10.0
49.101,-4.889655,-12.0,10.0
49.118,-4.889655,-12.0,10.0
49.134,-4.889655,-12.0,10.0
49.151,-4.889655,-12.0,10.0
49.168,-4.889655,-12.0,10.0
49.184,-4.398853,-12.0,10.0
49.201,-4.398853,-12.0,10.0
49.218,-4.398853,-12.0,10.0
49.235,-4.398853,-12.0,10.0
49.252,-4.398853,-12.0,10.0
49.268,-4.398853,-12.0,10.0
49.285,-4.398853,-12.0,10.0
49.301,-4.398853,-12.0,10.0
49.318,-3.907322,-12.0,10.0
49.334,-3.907322,-12.0,10.0
49.351,-3.907322,-12.0,10.0
49.368,-3.907322,-12.0,10.0
49.384,-3.907322,-12.0,10.0
49.401,-3.421086,-12.0,10.0
49.418,-3.421086,-12.0,10.0
49.434,-3.421086,-12.0,10.0
49.451,-3.421086,-12.0,10.0
49.468,-3.421086,-12.0,10.0
49.484,-3.421086,-12.0,10.0
49.501,-2.934267,-12.0,10.0
49.518,-2.934267,-12.0,10.0
49.534,-2.934267,-12.0,10.0
49.551,-2.934267,-12.0,10.0
49.568,-2.934267,-12.0,10.0
49.584,-2.934267,-12.0,10.0
49.601,-2.446033,-12.0,10.0
49.618,-2.446033,-12.0,10.0
49.634,-2.446033,-12.0,10.0
49.651,-2.446033,-12.0,10.0
49.668,-2.446033,-12.0,10.0
49.684,-2.446033,-12.0,10.0
49.701,-2.446033,-12.0,10.0
49.718,-1.957186,-12.0,10.0
49.734,-1.957186,-12.0,10.0
49.751,-1.957186,-12.0,10.0
49.768,-1.957186,-12.0,10.0
49.784,-1.957186,-12.0,10.0
49.801,-1.469665,-12.0,10.0
49.818,-1.469665,-12.0,10.0
49.835,-1.469665,-12.0,10.0
49.851,-1.469665,-12.0,10.0
49.868,-1.469665,-12.0,10.0
49.884,-1.469665,-12.0,10.0
49.901,-0.981046,-12.0,10.0
49.918,-0.981046,-12.0,10.0
49.934,-0.981046,-12.0,10.0
49.951,-0.981046,-12.0,10.0
49.968,-0.981046,-12.0,10.0
49.984,-0.981046,-12.0,10.0
50.001,-0.492734,-12.0,10.0
50.018,-0.492734,-12.0,10.0
50.034,-0.492734,-12.0,10.0
50.051,-0.492734,-12.0,10.0
50.068,-0.492734,-12.0,10.0
50.084,-0.492734,-12.0,10.0
50.101,-0.00381,-12.0,10.0
50.118,-0.00381,-12.0,10.0
50.134,-0.00381,-12.0,10.0
50.151,-0.00381,-12.0,10.0
50.168,-0.00381,-12.0,10.0
50.184,-0.00381,-12.0,10.0
50.201,0.483374,-12.0,10.0
50.218,0.483374,-12.0,10.0
50.234,0.483374,-12.0,10.0
50.251,0.483374,-12.0,10.0
50.268,0.483374,-12.0,10.0
50.284,0.483374,-12.0,10.0
50.301,0.972002,-12.0,10.0
50.318,0.972002,-12.0,10.0
50.334,0.972002,-12.0,10.0
50.351,0.972002,-12.0,10.0
50.368,0.972002,-12.0,10.0
50.384,0.972002,-12.0,10.0
50.401,1.460029,-12.0,10.0
50.418,1.460029,-12.0,10.0
50.434,1.460029,-12.0,10.0
50.451,1.460029,-12.0,10.0
50.468,1.460029,-12.0,10.0
50.484,1.460029,-12.0,10.0
50.501,1.948393,-12.0,10.0
50.518,1.948393,-12.0,10.0
50.534,1.948393,-12.0,10.0
50.551,1.948393,-12.0,10.0
50.568,1.948393,-12.0,10.0
50.584,1.948393,-12.0,10.0
50.601,2.436742,-12.0,10.0
50.618,2.436742,-12.0,10.0
50.634,2.436742,-12.0,10.0
50.651,2.436742,-12.0,10.0
50.668,2.436742,-12.0,10.0
50.684,2.436742,-12.0,10.0
50.701,2.924585,-12.0,10.0
50.718,2.924585,-12.0,10.0
50.735,2.924585,-12.0,10.0
50.751,2.924585,-12.0,10.0
50.768,2.924585,-12.0,10.0
50.784,2.924585,-12.0,10.0
50.801,2.924585,-12.0,10.0
50.818,3.413228,-12.0,10.0
50.834,3.413228,-12.0,10.0
50.851,3.413228,-12.0,10.0
50.868,3.413228,-12.0,10.0
50.884,3.413228,-12.0,10.0
50.901,3.902835,-12.0,10.0
50.918,3.902835,-12.0,10.0
50.934,3.902835,-12.0,10.0
50.951,3.902835,-12.0,10.0
50.968,3.902835,-12.0,10.0
50.984,3.902835,-12.0,10.0
51.001,4.389963,-12.0,10.0
51.018,4.389963,-12.0,10.0
51.034,4.389963,-12.0,10.0
51.051,4.389963,-12.0,10.0
51.068,4.389963,-12.0,10.0
51.084,4.389963,-12.0,10.0
51.101,4.87815,-12.0,10.0
51.118,4.87815,-12.0,10.0
51.134,4.87815,-12.0,10.0
51.151,4.87815,-12.0,10.0
51.168,4.87815,-12.0,10.0
51.184,4.87815,-12.0,10.0
51.201,5.365956,-12.0,10.0
51.218,5.365956,-12.0,10.0
51.235,5.365956,-12.0,10.0
51.251,5.365956,-12.0,10.0
51.268,5.365956,-12.0,10.0
51.284,5.365956,-12.0,10.0
51.301,5.855082,-12.0,10.0
51.318,5.855082,-12.0,10.0
51.334,5.855082,-12.0,10.0
51.351,5.855082,-12.0,10.0
51.368,5.855082,-12.0,10.0
51.384,5.855082,-12.0,10.0
51.401,6.342605,-12.0,10.0
51.418,6.342605,-12.0,10.0
51.435,6.342605,-12.0,10.0
51.451,6.342605,-12.0,10.0
51.468,6.342605,-12.0,10.0
51.484,6.342605,-12.0,10.0
51.501,6.342605,-12.0,10.0
51.518,6.830853,-12.0,10.0
51.534,6.830853,-12.0,10.0
51.551,6.830853,-12.0,10.0
51.568,6.830853,-12.0,10.0
51.584,6.830853,-12.0,10.0
51.601,7.319382,-12.0,10.0
51.618,7.319382,-12.0,10.0
51.634,7.319382,-12.0,10.0
51.651,7.319382,-12.0,10.0
51.668,7.319382,-12.0,10.0
51.684,7.319382,-12.0,10.0
51.701,7.807415,-12.0,10.0
51.718,7.807415,-12.0,10.0
51.734,7.807415,-12.0,10.0
51.751,7.807415,-12.0,10.0
51.768,7.807415,-12.0,10.0
51.784,7.807415,-12.0,10.0
51.801,8.296008,-12.0,10.0
51.818,8.296008,-12.0,10.0
51.834,8.296008,-12.0,10.0
51.851,8.296008,-12.0,10.0
51.868,8.296008,-12.0,10.0
51.884,8.296008,-12.0,10.0
51.901,8.296008,-12.0,10.0
51.918,8.783489,-12.0,10.0
51.934,8.783489,-12.0,10.0
51.951,8.783489,-12.0,10.0
51.968,8.783489,-12.0,10.0
51.984,8.783489,-12.0,10.0
52.001,9.271999,-12.0,10.0
52.018,9.271999,-12.0,10.0
52.034,9.271999,-12.0,10.0
52.051,9.271999,-12.0,10.0
52.068,9.271999,-12.0,10.0
52.084,9.271999,-12.0,10.0
52.101,9.760485,-12.0,10.0
52.118,9.760485,-12.0,10.0
52.134,9.760485,-12.0,10.0
52.151,9.760485,-12.0,10.0
52.168,9.760485,-12.0,10.0
52.185,9.760485,-12.0,10.0
52.201,10.10486,-12.0,10.0
52.218,10.10486,-12.0,10.0
52.234,10.10486,-12.0,10.0
52.251,10.10486,-12.0,10.0
52.268,10.10486,-12.0,10.0
52.284,10.10486,-12.0,10.0
52.301,9.740803,-12.0,10.0
52.318,9.740803,-12.0,10.0
52.334,9.740803,-12.0,10.0
52.351,9.740803,-12.0,10.0
52.368,9.740803,-12.0,10.0
52.385,9.740803,-12.0,10.0
52.401,9.251768,-12.0,10.0
52.418,9.251768,-12.0,10.0
52.434,9.251768,-12.0,10.0
52.451,9.251768,-12.0,10.0
52.468,9.251768,-12.0,10.0
52.484,9.251768,-12.0,10.0
52.502,8.764418,-12.0,10.0
52.518,8.764418,-12.0,10.0
52.534,8.764418,-12.0,10.0
52.551,8.764418,-12.0,10.0
52.568,8.764418,-12.0,10.0
52.584,8.764418,-12.0,10.0
52.601,8.275229,-12.0,10.0
52.618,8.275229,-12.0,10.0
52.634,8.275229,-12.0,10.0
52.651,8.275229,-12.0,10.0
52.668,8.275229,-12.0,10.0
52.684,8.275229,-12.0,10.0
52.701,8.275229,-12.0,10.0
52.718,7.786991,-12.0,10.0
52.735,7.786991,-12.0,10.0
52.751,7.786991,-12.0,10.0
52.768,7.786991,-12.0,10.0
52.784,7.786991,-12.0,10.0
52.801,7.299181,-12.0,10.0
52.818,7.299181,-12.0,10.0
52.835,7.299181,-12.0,10.0
52.851,7.299181,-12.0,10.0
52.868,7.299181,-12.0,10.0
52.885,7.299181,-12.0,10.0
52.901,6.811069,-12.0,10.0
52.918,6.811069,-12.0,10.0
52.935,6.811069,-12.0,10.0
52.951,6.811069,-12.0,10.0
52.968,6.811069,-12.0,10.0
52.984,6.811069,-12.0,10.0
53.001,6.322502,-12.0,10.0
53.018,6.322502,-12.0,10.0
53.035,6.322502,-12.0,10.0
53.051,6.322502,-12.0,10.0
53.068,6.322502,-12.0,10.0
53.085,6.322502,-12.0,10.0
53.101,5.834331,-12.0,10.0
53.118,5.834331,-12.0,10.0
53.135,5.834331,-12.0,10.0
53.151,5.834331,-12.0,10.0
53.168,5.834331,-12.0,10.0
53.184,5.834331,-12.0,10.0
53.201,5.346153,-12.0,10.0
53.218,5.346153,-12.0,10.0
53.235,5.346153,-12.0,10.0
53.251,5.346153,-12.0,10.0
53.268,5.346153,-12.0,10.0
53.285,5.346153,-12.0,10.0
53.301,4.857729,-12.0,10.0
53.318,4.857729,-12.0,10.0
53.334,4.857729,-12.0,10.0
53.351,4.857729,-12.0,10.0
53.368,4.857729,-12.0,10.0
53.384,4.857729,-12.0,10.0
53.401,4.857729,-12.0,10.0
53.418,4.369435,-12.0,10.0
53.434,4.369435,-12.0,10.0
53.451,4.369435,-12.0,10.0
53.468,4.369435,-12.0,10.0
53.484,4.369435,-12.0,10.0
53.502,3.881326,-12.0,10.0
53.519,3.881326,-12.0,10.0
53.535,3.881326,-12.0,10.0
53.551,3.881326,-12.0,10.0
53.568,3.881326,-12.0,10.0
53.585,3.881326,-12.0,10.0
53.602,3.391845,-12.0,10.0
53.618,3.391845,-12.0,10.0
53.635,3.391845,-12.0,10.0
53.652,3.391845,-12.0,10.0
53.668,3.391845,-12.0,10.0
53.685,3.391845,-12.0,10.0
53.701,2.904233,-12.0,10.0
53.718,2.904233,-12.0,10.0
53.735,2.904233,-12.0,10.0
53.751,2.904233,-12.0,10.0
53.768,2.904233,-12.0,10.0
53.785,2.904233,-12.0,10.0
53.801,2.904233,-12.0,10.0
53.818,2.41605,-12.0,10.0
53.835,2.41605,-12.0,10.0
53.851,2.41605,-12.0,10.0
53.868,2.41605,-12.0,10.0
53.885,2.41605,-12.0,10.0
53.901,1.928444,-12.0,10.0
53.918,1.928444,-12.0,10.0
53.935,1.928444,-12.0,10.0
53.951,1.928444,-12.0,10.0
53.968,1.928444,-12.0,10.0
53.984,1.928444,-12.0,10.0
54.001,1.439587,-12.0,10.0
54.021,1.439587,-12.0,10.0
54.035,1.439587,-12.0,10.0
54.051,1.439587,-12.0,10.0
54.068,1.439587,-12.0,10.0
54.085,0.951489,-12.0,10.0
54.101,0.951489,-12.0,10.0
54.118,0.951489,-12.0,10.0
54.135,0.951489,-12.0,10.0
54.151,0.951489,-12.0,10.0
54.168,0.951489,-12.0,10.0
54.185,0.951489,-12.0,10.0
54.201,0.951489,-12.0,10.0
54.218,0.46282,-12.0,10.0
54.235,0.46282,-12.0,10.0
54.251,0.46282,-12.0,10.0
54.268,0.46282,-12.0,10.0
54.285,0.46282,-12.0,10.0
54.301,-0.025256,-12.0,10.0
54.318,-0.025256,-12.0,10.0
54.335,-0.025256,-12.0,10.0
54.351,-0.025256,-12.0,10.0
54.368,-0.025256,-12.0,10.0
54.385,-0.513299,-12.0,10.0
54.401,-0.513299,-12.0,10.0
54.418,-0.513299,-12.0,10.0
54.435,-0.513299,-12.0,10.0
54.451,-0.513299,-12.0,10.0
54.468,-0.513299,-12.0,10.0
54.485,-0.513299,-12.0,10.0
54.501,-0.513299,-12.0,10.0
54.518,-1.001962,-12.0,10.0
54.535,-1.001962,-12.0,10.0
54.551,-1.001962,-12.0,10.0
54.568,-1.001962,-12.0,10.0
54.585,-1.001962,-12.0,10.0
54.601,-1.001962,-12.0,10.0
54.618,-1.489948,-12.0,10.0
54.635,-1.489948,-12.0,10.0
54.651,-1.489948,-12.0,10.0
54.668,-1.489948,-12.0,10.0
54.685,-1.489948,-12.0,10.0
54.701,-1.978327,-12.0,10.0
54.718,-1.978327,-12.0,10.0
54.735,-1.978327,-12.0,10.0
54.751,-1.978327,-12.0,10.0
54.768,-1.978327,-12.0,10.0
54.785,-1.978327,-12.0,10.0
54.801,-2.465821,-12.0,10.0
54.818,-2.465821,-12.0,10.0
54.835,-2.465821,-12.0,10.0
54.851,-2.465821,-12.0,10.0
54.868,-2.465821,-12.0,10.0
54.885,-2.465821,-12.0,10.0
54.901,-2.955037,-12.0,10.0
54.918,-2.955037,-12.0,10.0
54.935,-2.955037,-12.0,10.0
54.951,-2.955037,-12.0,10.0
54.968,-2.955037,-12.0,10.0
54.985,-2.955037,-12.0,10.0
55.001,-3.442966,-12.0,10.0
55.018,-3.442966,-12.0,10.0
55.035,-3.442966,-12.0,10.0
55.051,-3.442966,-12.0,10.0
55.068,-3.442966,-12.0,10.0
55.085,-3.442966,-12.0,10.0
55.101,-3.930836,-12.0,10.0
55.118,-3.930836,-12.0,10.0
55.135,-3.930836,-12.0,10.0
55.151,-3.930836,-12.0,10.0
55.168,-3.930836,-12.0,10.0
55.185,-3.930836,-12.0,10.0
55.201,-4.419162,-12.0,10.0
55.218,-4.419162,-12.0,10.0
55.235,-4.419162,-12.0,10.0
55.251,-4.419162,-12.0,10.0
55.268,-4.419162,-12.0,10.0
55.285,-4.419162,-12.0,10.0
55.301,-4.907595,-12.0,10.0
55.318,-4.907595,-12.0,10.0
55.335,-4.907595,-12.0,10.0
55.351,-4.907595,-12.0,10.0
55.368,-4.907595,-12.0,10.0
55.385,-4.907595,-12.0,10.0
55.401,-5.113215,-12.0,10.0
55.418,-5.113215,-12.0,10.0
55.435,-5.113215,-12.0,10.0
55.451,-5.113215,-12.0,10.0
55.468,-5.113215,-12.0,10.0
55.485,-5.113215,-12.0,10.0
55.501,-4.689758,-12.0,10.0
55.518,-4.689758,-12.0,10.0
55.535,-4.689758,-12.0,10.0
55.551,-4.689758,-12.0,10.0
55.568,-4.689758,-12.0,10.0
55.585,-4.689758,-12.0,10.0
55.601,-4.202408,-12.0,10.0
55.618,-4.202408,-12.0,10.0
55.635,-4.202408,-12.0,10.0
55.651,-4.202408,-12.0,10.0
55.668,-4.202408,-12.0,10.0
55.685,-4.202408,-12.0,10.0
55.701,-4.202408,-12.0,10.0
55.718,-3.714023,-12.0,10.0
55.735,-3.714023,-12.0,10.0
55.751,-3.714023,-12.0,10.0
55.768,-3.714023,-12.0,10.0
55.785,-3.714023,-12.0,10.0
55.801,-3.225473,-12.0,10.0
55.818,-3.225473,-12.0,10.0
55.835,-3.225473,-12.0,10.0
55.851,-3.225473,-12.0,10.0
55.868,-3.225473,-12.0,10.0
55.885,-3.225473,-12.0,10.0
55.901,-2.737223,-12.0,10.0
55.918,-2.737223,-12.0,10.0
55.935,-2.737223,-12.0,10.0
55.951,-2.737223,-12.0,10.0
55.968,-2.737223,-12.0,10.0
55.985,-2.737223,-12.0,10.0
56.001,-2.737223,-12.0,10.0
56.018,-2.248894,-12.0,10.0
56.035,-2.248894,-12.0,10.0
56.051,-2.248894,-12.0,10.0
56.068,-2.248894,-12.0,10.0
56.085,-2.248894,-12.0,10.0
56.101,-2.248894,-12.0,10.0
56.119,-1.760806,-12.0,10.0
56.135,-1.760806,-12.0,10.0
56.151,-1.760806,-12.0,10.0
56.168,-1.760806,-12.0,10.0
56.185,-1.760806,-12.0,10.0
56.201,-1.272164,-12.0,10.0
56.218,-1.272164,-12.0,10.0
56.235,-1.272164,-12.0,10.0
56.251,-1.272164,-12.0,10.0
56.268,-1.272164,-12.0,10.0
56.285,-1.272164,-12.0,10.0
56.302,-0.783715,-12.0,10.0
56.318,-0.783715,-12.0,10.0
56.335,-0.783715,-12.0,10.0
56.351,-0.783715,-12.0,10.0
56.368,-0.783715,-12.0,10.0
56.385,-0.783715,-12.0,10.0
56.401,-0.783715,-12.0,10.0
56.418,-0.295966,-12.0,10.0
56.435,-0.295966,-12.0,10.0
56.451,-0.295966,-12.0,10.0
56.468,-0.295966,-12.0,10.0
56.485,-0.295966,-12.0,10.0
56.501,0.192431,-12.0,10.0
56.518,0.192431,-12.0,10.0
56.535,0.192431,-12.0,10.0
56.551,0.192431,-12.0,10.0
56.568,0.192431,-12.0,10.0
56.585,0.192431,-12.0,10.0
56.601,0.680841,-12.0,10.0
56.618,0.680841,-12.0,10.0
56.635,0.680841,-12.0,10.0
56.651,0.680841,-12.0,10.0
56.668,0.680841,-12.0,10.0
56.685,0.680841,-12.0,10.0
56.702,1.169499,-12.0,10.0
56.718,1.169499,-12.0,10.0
56.735,1.169499,-12.0,10.0
56.751,1.169499,-12.0,10.0
56.768,1.169499,-12.0,10.0
56.785,1.169499,-12.0,10.0
56.801,1.169499,-12.0,10.0
56.818,1.657174,-12.0,10.0
56.835,1.657174,-12.0,10.0
56.851,1.657174,-12.0,10.0
56.868,1.657174,-12.0,10.0
56.885,1.657174,-12.0,10.0
56.901,2.145761,-12.0,10.0
56.918,2.145761,-12.0,10.0
56.935,2.145761,-12.0,10.0
56.951,2.145761,-12.0,10.0
56.968,2.145761,-12.0,10.0
56.985,2.145761,-12.0,10.0
57.001,2.63399,-12.0,10.0
57.018,2.63399,-12.0,10.0
57.035,2.63399,-12.0,10.0
57.051,2.63399,-12.0,10.0
57.068,2.63399,-12.0,10.0
57.085,2.63399,-12.0,10.0
57.101,3.122502,-12.0,10.0
57.118,3.122502,-12.0,10.0
57.135,3.122502,-12.0,10.0
57.151,3.122502,-12.0,10.0
57.168,3.122502,-12.0,10.0
57.185,3.122502,-12.0,10.0
57.201,3.122502,-12.0,10.0
57.218,3.610524,-12.0,10.0
57.235,3.610524,-12.0,10.0
57.251,3.610524,-12.0,10.0
57.268,3.610524,-12.0,10.0
57.285,4.098541,-12.0,10.0
57.301,4.098541,-12.0,10.0
57.318,4.098541,-12.0,10.0
57.335,4.098541,-12.0,10.0
57.351,4.098541,-12.0,10.0
57.368,4.098541,-12.0,10.0
57.385,4.098541,-12.0,10.0
57.402,4.586944,-12.0,10.0
57.418,4.586944,-12.0,10.0
57.435,4.586944,-12.0,10.0
57.451,4.586944,-12.0,10.0
57.468,4.586944,-12.0,10.0
57.485,4.586944,-12.0,10.0
57.502,4.586944,-12.0,10.0
57.518,5.075388,-12.0,10.0
57.535,5.075388,-12.0,10.0
57.551,5.075388,-12.0,10.0
57.568,5.075388,-12.0,10.0
57.585,5.075388,-12.0,10.0
57.601,5.075388,-12.0,10.0
57.618,5.563717,-12.0,10.0
57.635,5.563717,-12.0,10.0
57.651,5.563717,-12.0,10.0
57.668,5.563717,-12.0,10.0
57.685,6.051991,-12.0,10.0
57.701,6.051991,-12.0,10.0
57.718,6.051991,-12.0,10.0
57.735,6.051991,-12.0,10.0
57.751,6.051991,-12.0,10.0
57.768,6.051991,-12.0,10.0
57.785,6.051991,-12.0,10.0
57.801,6.540379,-12.0,10.0
57.818,6.540379,-12.0,10.0
57.835,6.540379,-12.0,10.0
57.852,6.540379,-12.0,10.0
57.868,6.540379,-12.0,10.0
57.885,6.540379,-12.0,10.0
57.902,6.540379,-12.0,10.0
57.918,7.028507,-12.0,10.0
57.935,7.028507,-12.0,10.0
57.951,7.028507,-12.0,10.0
57.968,7.028507,-12.0,10.0
57.985,7.028507,-12.0,10.0
58.002,7.516263,-12.0,10.0
58.018,7.516263,-12.0,10.0
58.035,7.516263,-12.0,10.0
58.051,7.516263,-12.0,10.0
58.068,7.516263,-12.0,10.0
58.085,7.516263,-12.0,10.0
58.102,8.004883,-12.0,10.0
58.118,8.004883,-12.0,10.0
58.135,8.004883,-12.0,10.0
58.151,8.004883,-12.0,10.0
58.168,8.004883,-12.0,10.0
58.185,8.004883,-12.0,10.0
58.202,8.493407,-12.0,10.0
58.218,8.493407,-12.0,10.0
58.235,8.493407,-12.0,10.0
58.251,8.493407,-12.0,10.0
58.268,8.493407,-12.0,10.0
58.285,8.493407,-12.0,10.0
58.302,8.493407,-12.0,10.0
58.318,8.981171,-12.0,10.0
58.335,8.981171,-12.0,10.0
58.351,8.981171,-12.0,10.0
58.368,8.981171,-12.0,10.0
58.385,8.981171,-12.0,10.0
58.402,9.469542,-12.0,10.0
58.418,9.469542,-12.0,10.0
58.435,9.469542,-12.0,10.0
58.451,9.469542,-12.0,10.0
58.468,9.469542,-12.0,10.0
58.485,9.469542,-12.0,10.0
58.502,9.957994,-12.0,10.0
58.518,9.957994,-12.0,10.0
58.535,9.957994,-12.0,10.0
58.551,9.957994,-12.0,10.0
58.568,9.957994,-12.0,10.0
58.585,9.957994,-12.0,10.0
58.601,10.0069,-12.0,10.0
58.618,10.0069,-12.0,10.0
58.635,10.0069,-12.0,10.0
58.651,10.0069,-12.0,10.0
58.668,10.0069,-12.0,10.0
58.685,10.0069,-12.0,10.0
58.701,10.0069,-12.0,10.0
58.718,9.543344,-12.0,10.0
58.735,9.543344,-12.0,10.0
58.751,9.543344,-12.0,10.0
58.768,9.543344,-12.0,10.0
58.785,9.055222,-12.0,10.0
58.801,9.055222,-12.0,10.0
58.818,9.055222,-12.0,10.0
58.835,9.055222,-12.0,10.0
58.851,9.055222,-12.0,10.0
58.868,9.055222,-12.0,10.0
58.885,9.055222,-12.0,10.0
58.902,8.565565,-12.0,10.0
58.918,8.565565,-12.0,10.0
58.935,8.565565,-12.0,10.0
58.951,8.565565,-12.0,10.0
58.968,8.565565,-12.0,10.0
58.985,8.565565,-12.0,10.0
59.002,8.565565,-12.0,10.0
59.018,8.07826,-12.0,10.0
59.035,8.07826,-12.0,10.0
59.051,8.07826,-12.0,10.0
59.069,8.07826,-12.0,10.0
59.085,8.07826,-12.0,10.0
59.102,7.589503,-12.0,10.0
59.118,7.589503,-12.0,10.0
59.135,7.589503,-12.0,10.0
59.151,7.589503,-12.0,10.0
59.168,7.589503,-12.0,10.0
59.185,7.589503,-12.0,10.0
59.202,7.101435,-12.0,10.0
59.218,7.101435,-12.0,10.0
59.235,7.101435,-12.0,10.0
59.251,7.101435,-12.0,10.0
59.268,7.101435,-12.0,10.0
59.285,7.101435,-12.0,10.0
59.302,6.613636,-12.0,10.0
59.318,6.613636,-12.0,10.0
59.335,6.613636,-12.0,10.0
59.351,6.613636,-12.0,10.0
59.368,6.613636,-12.0,10.0
59.385,6.613636,-12.0,10.0
59.402,6.12477,-12.0,10.0
59.418,6.12477,-12.0,10.0
59.435,6.12477,-12.0,10.0
59.451,6.12477,-12.0,10.0
59.468,6.12477,-12.0,10.0
59.485,6.12477,-12.0,10.0
59.502,5.637288,-12.0,10.0
59.518,5.637288,-12.0,10.0
59.535,5.637288,-12.0,10.0
59.551,5.637288,-12.0,10.0
59.568,5.637288,-12.0,10.0
59.585,5.637288,-12.0,10.0
59.602,5.148827,-12.0,10.0
59.618,5.148827,-12.0,10.0
59.635,5.148827,-12.0,10.0
59.651,5.148827,-12.0,10.0
59.668,5.148827,-12.0,10.0
59.685,5.148827,-12.0,10.0
59.702,4.660605,-12.0,10.0
59.718,4.660605,-12.0,10.0
59.735,4.660605,-12.0,10.0
59.751,4.660605,-12.0,10.0
59.768,4.660605,-12.0,10.0
59.785,4.660605,-12.0,10.0
59.802,4.660605,-12.0,10.0
59.818,4.172223,-12.0,10.0
59.835,4.172223,-12.0,10.0
59.851,4.172223,-12.0,10.0
59.868,4.172223,-12.0,10.0
59.885,4.172223,-12.0,10.0
59.902,3.683744,-12.0,10.0
59.918,3.683744,-12.0,10.0
59.935,3.683744,-12.0,10.0
59.951,3.683744,-12.0,10.0
59.968,3.683744,-12.0,10.0
59.985,3.683744,-12.0,10.0
60.002,3.195651,-12.0,10.0
60.018,3.195651,-12.0,10.0
60.035,3.195651,-12.0,10.0
60.051,3.195651,-12.0,10.0
60.068,3.195651,-12.0,10.0
60.085,3.195651,-12.0,10.0
60.102,2.70659,-12.0,10.0
60.118,2.70659,-12.0,10.0
60.135,2.70659,-12.0,10.0
60.151,2.70659,-12.0,10.0
60.168,2.70659,-12.0,10.0
60.185,2.70659,-12.0,10.0
60.202,2.218541,-12.0,10.0
60.219,2.218541,-12.0,10.0
60.235,2.218541,-12.0,10.0
60.251,2.218541,-12.0,10.0
60.268,2.218541,-12.0,10.0
60.285,2.218541,-12.0,10.0
60.302,1.730181,-12.0,10.0
60.318,1.730181,-12.0,10.0
60.335,1.730181,-12.0,10.0
60.351,1.730181,-12.0,10.0
60.369,1.730181,-12.0,10.0
60.385,1.730181,-12.0,10.0
60.402,1.24257,-12.0,10.0
60.418,1.24257,-12.0,10.0
60.435,1.24257,-12.0,10.0
60.452,1.24257,-12.0,10.0
60.468,1.24257,-12.0,10.0
60.485,1.24257,-12.0,10.0
60.502,1.24257,-12.0,10.0
60.518,0.749719,-12.0,10.0
60.535,0.749719,-12.0,10.0
60.552,0.749719,-12.0,10.0
60.568,0.749719,-12.0,10.0
60.585,0.749719,-12.0,10.0
60.602,0.26571,-12.0,10.0
60.618,0.26571,-12.0,10.0
60.635,0.26571,-12.0,10.0
60.652,0.26571,-12.0,10.0
60.668,0.26571,-12.0,10.0
60.685,0.26571,-12.0,10.0
60.702,-0.222541,-12.0,10.0
60.718,-0.222541,-12.0,10.0
60.735,-0.222541,-12.0,10.0
60.751,-0.222541,-12.0,10.0
60.768,-0.222541,-12.0,10.0
60.785,-0.222541,-12.0,10.0
60.802,-0.710565,-12.0,10.0
60.819,-0.710565,-12.0,10.0
60.835,-0.710565,-12.0,10.0
60.852,-0.710565,-12.0,10.0
60.868,-0.710565,-12.0,10.0
60.885,-0.710565,-12.0,10.0
60.902,-0.710565,-12.0,10.0
60.918,-1.199313,-12.0,10.0
60.935,-1.199313,-12.0,10.0
60.951,-1.199313,-12.0,10.0
60.968,-1.199313,-12.0,10.0
60.985,-1.199313,-12.0,10.0
61.002,-1.687059,-12.0,10.0
61.018,-1.687059,-12.0,10.0
61.035,-1.687059,-12.0,10.0
61.051,-1.687059,-12.0,10.0
61.068,-1.687059,-12.0,10.0
61.085,-1.687059,-12.0,10.0
61.102,-2.175538,-12.0,10.0
61.118,-2.175538,-12.0,10.0
61.135,-2.175538,-12.0,10.0
61.152,-2.175538,-12.0,10.0
61.168,-2.175538,-12.0,10.0
61.185,-2.175538,-12.0,10.0
61.202,-2.663502,-12.0,10.0
61.219,-2.663502,-12.0,10.0
61.235,-2.663502,-12.0,10.0
61.252,-2.663502,-12.0,10.0
61.268,-2.663502,-12.0,10.0
61.285,-2.663502,-12.0,10.0
61.302,-2.663502,-12.0,10.0
61.318,-3.151637,-12.0,10.0
61.335,-3.151637,-12.0,10.0
61.351,-3.151637,-12.0,10.0
61.368,-3.151637,-12.0,10.0
61.385,-3.151637,-12.0,10.0
61.402,-3.640306,-12.0,10.0
61.418,-3.640306,-12.0,10.0
61.435,-3.640306,-12.0,10.0
61.451,-3.640306,-12.0,10.0
61.468,-3.640306,-12.0,10.0
61.485,-3.640306,-12.0,10.0
61.502,-4.128525,-12.0,10.0
61.518,-4.128525,-12.0,10.0
61.535,-4.128525,-12.0,10.0
61.551,-4.128525,-12.0,10.0
61.568,-4.128525,-12.0,10.0
61.585,-4.128525,-12.0,10.0
61.602,-4.618478,-12.0,10.0
61.618,-4.618478,-12.0,10.0
61.635,-4.618478,-12.0,10.0
61.652,-4.618478,-12.0,10.0
61.668,-4.618478,-12.0,10.0
61.685,-4.618478,-12.0,10.0
61.702,-5.105013,-12.0,10.0
61.718,-5.105013,-12.0,10.0
61.735,-5.105013,-12.0,10.0
61.752,-5.105013,-12.0,10.0
61.768,-5.105013,-12.0,10.0
61.785,-5.105013,-12.0,10.0
61.802,-4.979127,-12.0,10.0
61.818,-4.979127,-12.0,10.0
61.835,-4.979127,-12.0,10.0
61.851,-4.979127,-12.0,10.0
61.868,-4.979127,-12.0,10.0
61.885,-4.979127,-12.0,10.0
61.902,-4.492979,-12.0,10.0
61.918,-4.492979,-12.0,10.0
61.935,-4.492979,-12.0,10.0
61.951,-4.492979,-12.0,10.0
61.968,-4.492979,-12.0,10.0
61.985,-4.492979,-12.0,10.0
62.002,-4.492979,-12.0,10.0
62.018,-4.004907,-12.0,10.0
62.035,-4.004907,-12.0,10.0
62.052,-4.004907,-12.0,10.0
62.068,-4.004907,-12.0,10.0
62.085,-4.004907,-12.0,10.0
62.102,-3.51561,-12.0,10.0
62.118,-3.51561,-12.0,10.0
62.135,-3.51561,-12.0,10.0
62.152,-3.51561,-12.0,10.0
62.169,-3.51561,-12.0,10.0
62.185,-3.51561,-12.0,10.0
62.202,-3.027663,-12.0,10.0
62.218,-3.027663,-12.0,10.0
62.235,-3.027663,-12.0,10.0
62.252,-3.027663,-12.0,10.0
62.268,-3.027663,-12.0,10.0
62.285,-3.027663,-12.0,10.0
62.302,-2.539432,-12.0,10.0
62.318,-2.539432,-12.0,10.0
62.335,-2.539432,-12.0,10.0
62.352,-2.539432,-12.0,10.0
62.368,-2.539432,-12.0,10.0
62.385,-2.539432,-12.0,10.0
62.402,-2.539432,-12.0,10.0
62.419,-2.05137,-12.0,10.0
62.435,-2.05137,-12.0,10.0
62.452,-2.05137,-12.0,10.0
62.468,-2.05137,-12.0,10.0
62.485,-2.05137,-12.0,10.0
62.502,-1.56312,-12.0,10.0
62.518,-1.56312,-12.0,10.0
62.535,-1.56312,-12.0,10.0
62.552,-1.56312,-12.0,10.0
62.568,-1.56312,-12.0,10.0
62.585,-1.56312,-12.0,10.0
62.602,-1.074313,-12.0,10.0
62.619,-1.074313,-12.0,10.0
62.635,-1.074313,-12.0,10.0
62.652,-1.074313,-12.0,10.0
62.669,-1.074313,-12.0,10.0
62.685,-1.074313,-12.0,10.0
62.702,-0.585965,-12.0,10.0
62.719,-0.585965,-12.0,10.0
62.735,-0.585965,-12.0,10.0
62.752,-0.585965,-12.0,10.0
62.769,-0.585965,-12.0,10.0
62.786,-0.585965,-12.0,10.0
62.802,-0.585965,-12.0,10.0
62.819,-0.098125,-12.0,10.0
62.835,-0.098125,-12.0,10.0
62.852,-0.098125,-12.0,10.0
62.869,-0.098125,-12.0,10.0
62.885,0.390007,-12.0,10.0
62.902,0.390007,-12.0,10.0
62.918,0.390007,-12.0,10.0
62.935,0.390007,-12.0,10.0
62.952,0.390007,-12.0,10.0
62.969,0.390007,-12.0,10.0
62.985,0.390007,-12.0,10.0
63.002,0.878604,-12.0,10.0
63.019,0.878604,-12.0,10.0
63.035,0.878604,-12.0,10.0
63.052,0.878604,-12.0,10.0
63.069,0.878604,-12.0,10.0
63.085,0.878604,-12.0,10.0
63.102,1.366512,-12.0,10.0
63.118,1.366512,-12.0,10.0
63.135,1.366512,-12.0,10.0
63.152,1.366512,-12.0,10.0
63.168,1.366512,-12.0,10.0
63.185,1.366512,-12.0,10.0
63.202,1.854406,-12.0,10.0
63.219,1.854406,-12.0,10.0
63.235,1.854406,-12.0,10.0
63.257,1.854406,-12.0,10.0
63.268,1.854406,-12.0,10.0
63.285,1.854406,-12.0,10.0
63.302,1.854406,-12.0,10.0
63.319,2.365912,-12.0,10.0
63.335,2.365912,-12.0,10.0
63.352,2.365912,-12.0,10.0
63.369,2.365912,-12.0,10.0
63.385,2.365912,-12.0,10.0
63.402,2.832033,-12.0,10.0
63.419,2.832033,-12.0,10.0
63.435,2.832033,-12.0,10.0
63.452,2.832033,-12.0,10.0
63.468,2.832033,-12.0,10.0
63.485,2.832033,-12.0,10.0
63.502,2.832033,-12.0,10.0
63.519,3.319477,-12.0,10.0
63.535,3.319477,-12.0,10.0
63.552,3.319477,-12.0,10.0
63.569,3.319477,-12.0,10.0
63.585,3.319477,-12.0,10.0
63.602,3.808093,-12.0,10.0
63.619,3.808093,-12.0,10.0
63.635,3.808093,-12.0,10.0
63.652,3.808093,-12.0,10.0
63.668,3.808093,-12.0,10.0
63.685,3.808093,-12.0,10.0
63.702,4.296296,-12.0,10.0
63.718,4.296296,-12.0,10.0
63.735,4.296296,-12.0,10.0
63.752,4.296296,-12.0,10.0
63.768,4.296296,-12.0,10.0
63.785,4.296296,-12.0,10.0
63.802,4.784359,-12.0,10.0
63.819,4.784359,-12.0,10.0
63.835,4.784359,-12.0,10.0
63.852,4.784359,-12.0,10.0
63.869,4.784359,-12.0,10.0
63.885,4.784359,-12.0,10.0
63.902,4.784359,-12.0,10.0
63.919,5.272955,-12.0,10.0
63.935,5.272955,-12.0,10.0
63.952,5.272955,-12.0,10.0
63.969,5.272955,-12.0,10.0
63.985,5.272955,-12.0,10.0
64.002,5.761176,-12.0,10.0
64.019,5.761176,-12.0,10.0
64.035,5.761176,-12.0,10.0
64.052,5.761176,-12.0,10.0
64.068,5.761176,-12.0,10.0
64.085,5.761176,-12.0,10.0
64.102,6.248964,-12.0,10.0
64.119,6.248964,-12.0,10.0
64.135,6.248964,-12.0,10.0
64.152,6.248964,-12.0,10.0
64.169,6.248964,-12.0,10.0
64.185,6.248964,-12.0,10.0
64.203,6.737763,-12.0,10.0
64.218,6.737763,-12.0,10.0
64.235,6.737763,-12.0,10.0
64.252,6.737763,-12.0,10.0
64.269,6.737763,-12.0,10.0
64.285,6.737763,-12.0,10.0
64.302,6.737763,-12.0,10.0
64.319,7.225444,-12.0,10.0
64.336,7.225444,-12.0,10.0
64.352,7.225444,-12.0,10.0
64.369,7.225444,-12.0,10.0
64.385,7.225444,-12.0,10.0
64.402,7.713572,-12.0,10.0
64.419,7.713572,-12.0,10.0
64.435,7.713572,-12.0,10.0
64.452,7.713572,-12.0,10.0
64.469,7.713572,-12.0,10.0
64.485,7.713572,-12.0,10.0
64.502,8.202126,-12.0,10.0
64.519,8.202126,-12.0,10.0
64.535,8.202126,-12.0,10.0
64.552,8.202126,-12.0,10.0
64.569,8.202126,-12.0,10.0
64.585,8.202126,-12.0,10.0
64.602,8.690757,-12.0,10.0
64.619,8.690757,-12.0,10.0
64.635,8.690757,-12.0,10.0
64.652,8.690757,-12.0,10.0
64.669,8.690757,-12.0,10.0
64.685,8.690757,-12.0,10.0
64.702,8.690757,-12.0,10.0
64.719,9.178037,-12.0,10.0
64.735,9.178037,-12.0,10.0
64.752,9.178037,-12.0,10.0
64.769,9.178037,-12.0,10.0
64.785,9.178037,-12.0,10.0
64.802,9.666911,-12.0,10.0
64.819,9.666911,-12.0,10.0
64.835,9.666911,-12.0,10.0
64.852,9.666911,-12.0,10.0
64.869,9.666911,-12.0,10.0
64.885,9.666911,-12.0,10.0
64.902,10.15545,-12.0,10.0
64.919,10.15545,-12.0,10.0
64.935,10.15545,-12.0,10.0
64.952,10.15545,-12.0,10.0
64.969,10.15545,-12.0,10.0
64.985,10.15545,-12.0,10.0
65.002,10.15545,-12.0,10.0
65.019,9.836486,-12.0,10.0
65.035,9.836486,-12.0,10.0
65.052,9.836486,-12.0,10.0
65.069,9.836486,-12.0,10.0
65.085,9.836486,-12.0,10.0
65.102,9.345702,-12.0,10.0
65.119,9.345702,-12.0,10.0
65.135,9.345702,-12.0,10.0
65.152,9.345702,-12.0,10.0
65.169,9.345702,-12.0,10.0
65.185,9.345702,-12.0,10.0
65.202,8.857689,-12.0,10.0
65.219,8.857689,-12.0,10.0
65.235,8.857689,-12.0,10.0
65.252,8.857689,-12.0,10.0
65.269,8.857689,-12.0,10.0
65.285,8.857689,-12.0,10.0
65.302,8.369196,-12.0,10.0
65.319,8.369196,-12.0,10.0
65.335,8.369196,-12.0,10.0
65.352,8.369196,-12.0,10.0
65.369,8.369196,-12.0,10.0
65.385,8.369196,-12.0,10.0
65.402,8.369196,-12.0,10.0
65.419,7.880871,-12.0,10.0
65.435,7.880871,-12.0,10.0
65.452,7.880871,-12.0,10.0
65.469,7.880871,-12.0,10.0
65.485,7.880871,-12.0,10.0
65.502,7.392616,-12.0,10.0
65.519,7.392616,-12.0,10.0
65.535,7.392616,-12.0,10.0
65.552,7.392616,-12.0,10.0
65.569,7.392616,-12.0,10.0
65.585,7.392616,-12.0,10.0
65.602,6.904577,-12.0,10.0
65.619,6.904577,-12.0,10.0
65.635,6.904577,-12.0,10.0
65.652,6.904577,-12.0,10.0
65.669,6.904577,-12.0,10.0
65.685,6.904577,-12.0,10.0
65.702,6.41615,-12.0,10.0
65.719,6.41615,-12.0,10.0
65.735,6.41615,-12.0,10.0
65.752,6.41615,-12.0,10.0
65.768,6.41615,-12.0,10.0
65.785,6.41615,-12.0,10.0
65.802,6.41615,-12.0,10.0
65.819,5.927236,-12.0,10.0
65.835,5.927236,-12.0,10.0
65.852,5.927236,-12.0,10.0
65.869,5.927236,-12.0,10.0
65.885,5.927236,-12.0,10.0
65.902,5.439517,-12.0,10.0
65.919,5.439517,-12.0,10.0
65.935,5.439517,-12.0,10.0
65.952,5.439517,-12.0,10.0
65.969,5.439517,-12.0,10.0
65.985,5.439517,-12.0,10.0
66.002,4.950836,-12.0,10.0
66.019,4.950836,-12.0,10.0
66.035,4.950836,-12.0,10.0
66.052,4.950836,-12.0,10.0
66.069,4.950836,-12.0,10.0
66.085,4.950836,-12.0,10.0
66.102,4.462709,-12.0,10.0
66.119,4.462709,-12.0,10.0
66.135,4.462709,-12.0,10.0
66.152,4.462709,-12.0,10.0
66.169,4.462709,-12.0,10.0
66.185,4.462709,-12.0,10.0
66.202,4.462709,-12.0,10.0
66.219,3.974555,-12.0,10.0
66.235,3.974555,-12.0,10.0
66.252,3.974555,-12.0,10.0
66.269,3.974555,-12.0,10.0
66.285,3.974555,-12.0,10.0
66.302,3.486371,-12.0,10.0
66.319,3.486371,-12.0,10.0
66.335,3.486371,-12.0,10.0
66.352,3.486371,-12.0,10.0
66.369,3.486371,-12.0,10.0
66.385,2.998065,-12.0,10.0
66.402,2.998065,-12.0,10.0
66.419,2.998065,-12.0,10.0
66.435,2.998065,-12.0,10.0
66.452,2.998065,-12.0,10.0
66.469,2.998065,-12.0,10.0
66.485,2.998065,-12.0,10.0
66.502,2.998065,-12.0,10.0
66.519,2.509372,-12.0,10.0
66.535,2.509372,-12.0,10.0
66.552,2.509372,-12.0,10.0
66.569,2.509372,-12.0,10.0
66.585,2.509372,-12.0,10.0
66.602,2.509372,-12.0,10.0
66.619,2.021627,-12.0,10.0
66.635,2.021627,-12.0,10.0
66.652,2.021627,-12.0,10.0
66.669,2.021627,-12.0,10.0
66.685,2.021627,-12.0,10.0
66.702,1.53321,-12.0,10.0
66.719,1.53321,-12.0,10.0
66.735,1.53321,-12.0,10.0
66.752,1.53321,-12.0,10.0
66.769,1.53321,-12.0,10.0
66.785,1.53321,-12.0,10.0
66.802,1.045122,-12.0,10.0
66.819,1.045122,-12.0,10.0
66.835,1.045122,-12.0,10.0
66.852,1.045122,-12.0,10.0
66.869,1.045122,-12.0,10.0
66.885,1.045122,-12.0,10.0
66.902,1.045122,-12.0,10.0
66.919,0.556805,-12.0,10.0
66.935,0.556805,-12.0,10.0
66.952,0.556805,-12.0,10.0
66.969,0.556805,-12.0,10.0
66.985,0.556805,-12.0,10.0
67.002,0.068334,-12.0,10.0
67.019,0.068334,-12.0,10.0
67.035,0.068334,-12.0,10.0
67.052,0.068334,-12.0,10.0
67.069,0.068334,-12.0,10.0
67.085,0.068334,-12.0,10.0
67.102,-0.419665,-12.0,10.0
67.119,-0.419665,-12.0,10.0
67.135,-0.419665,-12.0,10.0
67.152,-0.419665,-12.0,10.0
67.169,-0.419665,-12.0,10.0
67.185,-0.419665,-12.0,10.0
67.202,-0.908068,-12.0,10.0
67.219,-0.908068,-12.0,10.0
67.235,-0.908068,-12.0,10.0
67.252,-0.908068,-12.0,10.0
67.269,-0.908068,-12.0,10.0
67.285,-0.908068,-12.0,10.0
67.302,-0.908068,-12.0,10.0
67.319,-1.396646,-12.0,10.0
67.335,-1.396646,-12.0,10.0
67.352,-1.396646,-12.0,10.0
67.369,-1.396646,-12.0,10.0
67.385,-1.396646,-12.0,10.0
67.402,-1.884988,-12.0,10.0
67.419,-1.884988,-12.0,10.0
67.436,-1.884988,-12.0,10.0
67.452,-1.884988,-12.0,10.0
67.469,-1.884988,-12.0,10.0
67.485,-1.884988,-12.0,10.0
67.502,-2.372461,-12.0,10.0
67.519,-2.372461,-12.0,10.0
67.535,-2.372461,-12.0,10.0
67.552,-2.372461,-12.0,10.0
67.569,-2.372461,-12.0,10.0
67.585,-2.372461,-12.0,10.0
67.602,-2.860705,-12.0,10.0
67.619,-2.860705,-12.0,10.0
67.635,-2.860705,-12.0,10.0
67.652,-2.860705,-12.0,10.0
67.669,-2.860705,-12.0,10.0
67.685,-2.860705,-12.0,10.0
67.702,-2.860705,-12.0,10.0
67.719,-3.349124,-12.0,10.0
67.735,-3.349124,-12.0,10.0
67.752,-3.349124,-12.0,10.0
67.769,-3.349124,-12.0,10.0
67.785,-3.349124,-12.0,10.0
67.802,-3.837434,-12.0,10.0
67.819,-3.837434,-12.0,10.0
67.836,-3.837434,-12.0,10.0
67.852,-3.837434,-12.0,10.0
67.869,-3.837434,-12.0,10.0
67.885,-3.837434,-12.0,10.0
67.902,-4.325681,-12.0,10.0
67.919,-4.325681,-12.0,10.0
67.935,-4.325681,-12.0,10.0
67.952,-4.325681,-12.0,10.0
67.969,-4.325681,-12.0,10.0
67.985,-4.325681,-12.0,10.0
68.002,-4.813779,-12.0,10.0
68.019,-4.813779,-12.0,10.0
68.035,-4.813779,-12.0,10.0
68.052,-4.813779,-12.0,10.0
68.069,-4.813779,-12.0,10.0
68.085,-4.813779,-12.0,10.0
68.102,-5.152259,-12.0,10.0
68.119,-5.152259,-12.0,10.0
68.135,-5.152259,-12.0,10.0
68.152,-5.152259,-12.0,10.0
68.169,-5.152259,-12.0,10.0
68.185,-5.152259,-12.0,10.0
68.202,-4.783847,-12.0,10.0
68.219,-4.783847,-12.0,10.0
68.235,-4.783847,-12.0,10.0
68.252,-4.783847,-12.0,10.0
68.269,-4.783847,-12.0,10.0
68.285,-4.295282,-12.0,10.0
68.302,-4.295282,-12.0,10.0
68.319,-4.295282,-12.0,10.0
68.335,-4.295282,-12.0,10.0
68.352,-4.295282,-12.0,10.0
68.369,-4.295282,-12.0,10.0
68.385,-4.295282,-12.0,10.0
68.402,-4.295282,-12.0,10.0
68.419,-3.806846,-12.0,10.0
68.435,-3.806846,-12.0,10.0
68.452,-3.806846,-12.0,10.0
68.469,-3.806846,-12.0,10.0
68.485,-3.806846,-12.0,10.0
68.502,-3.317924,-12.0,10.0
68.519,-3.317924,-12.0,10.0
68.535,-3.317924,-12.0,10.0
68.552,-3.317924,-12.0,10.0
68.569,-3.317924,-12.0,10.0
68.585,-3.317924,-12.0,10.0
68.602,-2.83018,-12.0,10.0
68.619,-2.83018,-12.0,10.0
68.636,-2.83018,-12.0,10.0
68.652,-2.83018,-12.0,10.0
68.669,-2.83018,-12.0,10.0
68.685,-2.83018,-12.0,10.0
68.702,-2.342106,-12.0,10.0
68.719,-2.342106,-12.0,10.0
68.735,-2.342106,-12.0,10.0
68.752,-2.342106,-12.0,10.0
68.769,-2.342106,-12.0,10.0
68.785,-2.342106,-12.0,10.0
68.802,-2.342106,-12.0,10.0
68.819,-1.853952,-12.0,10.0
68.835,-1.853952,-12.0,10.0
68.852,-1.853952,-12.0,10.0
68.869,-1.853952,-12.0,10.0
68.885,-1.853952,-12.0,10.0
68.902,-1.36519,-12.0,10.0
68.919,-1.36519,-12.0,10.0
68.935,-1.36519,-12.0,10.0
68.952,-1.36519,-12.0,10.0
68.969,-1.36519,-12.0,10.0
68.985,-1.36519,-12.0,10.0
69.002,-0.87704,-12.0,10.0
69.019,-0.87704,-12.0,10.0
69.036,-0.87704,-12.0,10.0
69.052,-0.87704,-12.0,10.0
69.069,-0.87704,-12.0,10.0
69.085,-0.87704,-12.0,10.0
69.102,-0.388659,-12.0,10.0
69.119,-0.388659,-12.0,10.0
69.135,-0.388659,-12.0,10.0
69.152,-0.388659,-12.0,10.0
69.169,-0.388659,-12.0,10.0
69.185,-0.388659,-12.0,10.0
69.202,-0.388659,-12.0,10.0
69.219,0.099142,-12.0,10.0
69.235,0.099142,-12.0,10.0
69.252,0.099142,-12.0,10.0
69.269,0.099142,-12.0,10.0
69.285,0.099142,-12.0,10.0
69.302,0.587337,-12.0,10.0
69.319,0.587337,-12.0,10.0
69.335,0.587337,-12.0,10.0
69.352,0.587337,-12.0,10.0
69.369,0.587337,-12.0,10.0
69.385,0.587337,-12.0,10.0
69.402,1.075616,-12.0,10.0
69.419,1.075616,-12.0,10.0
69.435,1.075616,-12.0,10.0
69.452,1.075616,-12.0,10.0
69.469,1.075616,-12.0,10.0
69.485,1.075616,-12.0,10.0
69.502,1.075616,-12.0,10.0
69.519,1.563989,-12.0,10.0
69.535,1.563989,-12.0,10.0
69.552,1.563989,-12.0,10.0
69.569,1.563989,-12.0,10.0
69.585,1.563989,-12.0,10.0
69.602,1.563989,-12.0,10.0
69.619,2.052083,-12.0,10.0
69.635,2.052083,-12.0,10.0
69.652,2.052083,-12.0,10.0
69.669,2.052083,-12.0,10.0
69.686,2.052083,-12.0,10.0
69.702,2.543607,-12.0,10.0
69.719,2.543607,-12.0,10.0
69.735,2.543607,-12.0,10.0
69.752,2.543607,-12.0,10.0
69.769,2.543607,-12.0,10.0
69.786,2.543607,-12.0,10.0
69.802,3.028658,-12.0,10.0
69.819,3.028658,-12.0,10.0
69.836,3.028658,-12.0,10.0
69.852,3.028658,-12.0,10.0
69.869,3.028658,-12.0,10.0
69.885,3.028658,-12.0,10.0
69.902,3.028658,-12.0,10.0
69.919,3.517251,-12.0,10.0
69.936,3.517251,-12.0,10.0
69.952,3.517251,-12.0,10.0
69.969,3.517251,-12.0,10.0
69.986,3.517251,-12.0,10.0
70.002,4.005785,-12.0,10.0
70.019,4.005785,-12.0,10.0
70.036,4.005785,-12.0,10.0
70.052,4.005785,-12.0,10.0
70.069,4.005785,-12.0,10.0
70.086,4.493508,-12.0,10.0
70.102,4.493508,-12.0,10.0
70.119,4.493508,-12.0,10.0
70.136,4.493508,-12.0,10.0
70.152,4.493508,-12.0,10.0
70.169,4.493508,-12.0,10.0
70.186,4.493508,-12.0,10.0
70.202,4.981979,-12.0,10.0
70.219,4.981979,-12.0,10.0
70.236,4.981979,-12.0,10.0
70.252,4.981979,-12.0,10.0
70.269,4.981979,-12.0,10.0
70.285,4.981979,-12.0,10.0
70.302,4.981979,-12.0,10.0
70.319,5.47051,-12.0,10.0
70.336,5.47051,-12.0,10.0
70.352,5.47051,-12.0,10.0
70.369,5.47051,-12.0,10.0
70.386,5.47051,-12.0,10.0
70.402,5.958219,-12.0,10.0
70.419,5.958219,-12.0,10.0
70.436,5.958219,-12.0,10.0
70.452,5.958219,-12.0,10.0
70.469,5.958219,-12.0,10.0
70.486,5.958219,-12.0,10.0
70.502,6.446608,-12.0,10.0
70.519,6.446608,-12.0,10.0
70.536,6.446608,-12.0,10.0
70.552,6.446608,-12.0,10.0
70.569,6.446608,-12.0,10.0
70.586,6.446608,-12.0,10.0
70.602,6.934756,-12.0,10.0
70.619,6.934756,-12.0,10.0
70.636,6.934756,-12.0,10.0
70.652,6.934756,-12.0,10.0
70.669,6.934756,-12.0,10.0
70.686,6.934756,-12.0,10.0
70.702,6.934756,-12.0,10.0
70.719,7.422648,-12.0,10.0
70.736,7.422648,-12.0,10.0
70.752,7.422648,-12.0,10.0
70.769,7.422648,-12.0,10.0
70.786,7.422648,-12.0,10.0
70.802,7.910988,-12.0,10.0
70.819,7.910988,-12.0,10.0
70.836,7.910988,-12.0,10.0
70.852,7.910988,-12.0,10.0
70.869,7.910988,-12.0,10.0
70.886,7.910988,-12.0,10.0
70.902,8.399635,-12.0,10.0
70.919,8.399635,-12.0,10.0
70.936,8.399635,-12.0,10.0
70.952,8.399635,-12.0,10.0
70.969,8.399635,-12.0,10.0
70.986,8.399635,-12.0,10.0
71.002,8.399635,-12.0,10.0
71.019,8.88769,-12.0,10.0
71.036,8.88769,-12.0,10.0
71.052,8.88769,-12.0,10.0
71.069,8.88769,-12.0,10.0
71.086,8.88769,-12.0,10.0
71.102,9.376372,-12.0,10.0
71.119,9.376372,-12.0,10.0
71.136,9.376372,-12.0,10.0
71.152,9.376372,-12.0,10.0
71.169,9.376372,-12.0,10.0
71.186,9.376372,-12.0,10.0
71.202,9.864377,-12.0,10.0
71.219,9.864377,-12.0,10.0
71.236,9.864377,-12.0,10.0
71.252,9.864377,-12.0,10.0
71.269,9.864377,-12.0,10.0
71.286,9.864377,-12.0,10.0
71.302,10.06282,-12.0,10.0
71.319,10.06282,-12.0,10.0
71.336,10.06282,-12.0,10.0
71.352,10.06282,-12.0,10.0
71.369,10.06282,-12.0,10.0
71.386,10.06282,-12.0,10.0
71.402,10.06282,-12.0,10.0
71.419,9.636263,-12.0,10.0
71.436,9.636263,-12.0,10.0
71.452,9.636263,-12.0,10.0
71.469,9.636263,-12.0,10.0
71.486,9.636263,-12.0,10.0
71.502,9.147825,-12.0,10.0
71.519,9.147825,-12.0,10.0
71.536,9.147825,-12.0,10.0
71.552,9.147825,-12.0,10.0
71.569,9.147825,-12.0,10.0
71.586,8.660503,-12.0,10.0
71.602,8.660503,-12.0,10.0
71.619,8.660503,-12.0,10.0
71.636,8.660503,-12.0,10.0
71.652,8.660503,-12.0,10.0
71.669,8.660503,-12.0,10.0
71.686,8.660503,-12.0,10.0
71.702,8.170518,-12.0,10.0
71.719,8.170518,-12.0,10.0
71.736,8.170518,-12.0,10.0
71.752,8.170518,-12.0,10.0
71.769,8.170518,-12.0,10.0
71.786,8.170518,-12.0,10.0
71.802,8.170518,-12.0,10.0
71.819,7.683112,-12.0,10.0
71.836,7.683112,-12.0,10.0
71.852,7.683112,-12.0,10.0
71.869,7.683112,-12.0,10.0
71.886,7.683112,-12.0,10.0
71.902,7.195271,-12.0,10.0
71.919,7.195271,-12.0,10.0
71.936,7.195271,-12.0,10.0
71.952,7.195271,-12.0,10.0
71.969,7.195271,-12.0,10.0
71.986,7.195271,-12.0,10.0
72.002,6.707275,-12.0,10.0
72.019,6.707275,-12.0,10.0
72.036,6.707275,-12.0,10.0
72.052,6.707275,-12.0,10.0
72.069,6.707275,-12.0,10.0
72.086,6.707275,-12.0,10.0
72.102,6.21873,-12.0,10.0
72.119,6.21873,-12.0,10.0
72.136,6.21873,-12.0,10.0
72.152,6.21873,-12.0,10.0
72.169,6.21873,-12.0,10.0
72.186,6.21873,-12.0,10.0
72.202,5.730254,-12.0,10.0
72.219,5.730254,-12.0,10.0
72.236,5.730254,-12.0,10.0
72.252,5.730254,-12.0,10.0
72.269,5.730254,-12.0,10.0
72.286,5.730254,-12.0,10.0
72.303,5.241867,-12.0,10.0
72.319,5.241867,-12.0,10.0
72.336,5.241867,-12.0,10.0
72.352,5.241867,-12.0,10.0
72.369,5.241867,-12.0,10.0
72.386,5.241867,-12.0,10.0
72.402,4.754037,-12.0,10.0
72.419,4.754037,-12.0,10.0
72.436,4.754037,-12.0,10.0
72.452,4.754037,-12.0,10.0
72.469,4.754037,-12.0,10.0
72.486,4.754037,-12.0,10.0
72.502,4.754037,-12.0,10.0
72.519,4.265175,-12.0,10.0
72.536,4.265175,-12.0,10.0
72.552,4.265175,-12.0,10.0
72.569,4.265175,-12.0,10.0
72.586,4.265175,-12.0,10.0
72.602,3.776475,-12.0,10.0
72.619,3.776475,-12.0,10.0
72.637,3.776475,-12.0,10.0
72.652,3.776475,-12.0,10.0
72.669,3.776475,-12.0,10.0
72.686,3.776475,-12.0,10.0
72.702,3.288455,-12.0,10.0
72.719,3.288455,-12.0,10.0
72.736,3.288455,-12.0,10.0
72.752,3.288455,-12.0,10.0
72.769,3.288455,-12.0,10.0
72.786,3.288455,-12.0,10.0
72.802,2.800552,-12.0,10.0
72.819,2.800552,-12.0,10.0
72.836,2.800552,-12.0,10.0
72.852,2.800552,-12.0,10.0
72.869,2.800552,-12.0,10.0
72.886,2.800552,-12.0,10.0
72.902,2.800552,-12.0,10.0
72.919,2.311723,-12.0,10.0
72.936,2.311723,-12.0,10.0
72.952,2.311723,-12.0,10.0
72.969,2.311723,-12.0,10.0
72.986,1.823946,-12.0,10.0
73.002,1.823946,-12.0,10.0
73.019,1.823946,-12.0,10.0
73.036,1.823946,-12.0,10.0
73.052,1.823946,-12.0,10.0
73.069,1.823946,-12.0,10.0
73.086,1.823946,-12.0,10.0
73.103,1.335522,-12.0,10.0
73.119,1.335522,-12.0,10.0
73.136,1.335522,-12.0,10.0
73.152,1.335522,-12.0,10.0
73.169,1.335522,-12.0,10.0
73.186,1.335522,-12.0,10.0
73.203,0.847261,-12.0,10.0
73.219,0.847261,-12.0,10.0
73.236,0.847261,-12.0,10.0
73.252,0.847261,-12.0,10.0
73.269,0.847261,-12.0,10.0
73.286,0.847261,-12.0,10.0
73.302,0.359719,-12.0,10.0
73.319,0.359719,-12.0,10.0
73.336,0.359719,-12.0,10.0
73.352,0.359719,-12.0,10.0
73.369,0.359719,-12.0,10.0
73.386,0.359719,-12.0,10.0
73.402,-0.12903,-12.0,10.0
73.419,-0.12903,-12.0,10.0
73.436,-0.12903,-12.0,10.0
73.452,-0.12903,-12.0,10.0
73.469,-0.12903,-12.0,10.0
73.486,-0.12903,-12.0,10.0
73.502,-0.617363,-12.0,10.0
73.52,-0.617363,-12.0,10.0
73.537,-0.617363,-12.0,10.0
73.552,-0.617363,-12.0,10.0
73.569,-0.617363,-12.0,10.0
73.586,-0.617363,-12.0,10.0
73.602,-1.105588,-12.0,10.0
73.619,-1.105588,-12.0,10.0
73.636,-1.105588,-12.0,10.0
73.652,-1.105588,-12.0,10.0
73.669,-1.105588,-12.0,10.0
73.686,-1.105588,-12.0,10.0
73.702,-1.105588,-12.0,10.0
73.719,-1.593643,-12.0,10.0
73.736,-1.593643,-12.0,10.0
73.752,-1.593643,-12.0,10.0
73.769,-1.593643,-12.0,10.0
73.786,-2.082302,-12.0,10.0
73.802,-2.082302,-12.0,10.0
73.819,-2.082302,-12.0,10.0
73.836,-2.082302,-12.0,10.0
73.852,-2.082302,-12.0,10.0
73.869,-2.082302,-12.0,10.0
73.886,-2.082302,-12.0,10.0
73.903,-2.569595,-12.0,10.0
73.919,-2.569595,-12.0,10.0
73.936,-2.569595,-12.0,10.0
73.952,-2.569595,-12.0,10.0
73.969,-2.569595,-12.0,10.0
73.986,-2.569595,-12.0,10.0
74.003,-2.569595,-12.0,10.0
74.021,-3.058127,-12.0,10.0
74.038,-3.058127,-12.0,10.0
74.052,-3.058127,-12.0,10.0
74.069,-3.058127,-12.0,10.0
74.086,-3.058127,-12.0,10.0
74.103,-3.547244,-12.0,10.0
74.119,-3.547244,-12.0,10.0
74.138,-3.547244,-12.0,10.0
74.152,-3.547244,-12.0,10.0
74.169,-3.547244,-12.0,10.0
74.186,-3.547244,-12.0,10.0
74.203,-4.035115,-12.0,10.0
74.219,-4.035115,-12.0,10.0
74.236,-4.035115,-12.0,10.0
74.252,-4.035115,-12.0,10.0
74.269,-4.035115,-12.0,10.0
74.286,-4.035115,-12.0,10.0
74.303,-4.523413,-12.0,10.0
