3474.805,0.031768,-12.0,10.0
3474.822,0.031768,-12.0,10.0
3474.838,0.031768,-12.0,10.0
3474.855,0.369268,-12.0,10.0
3474.872,0.369268,-12.0,10.0
3474.888,0.369268,-12.0,10.0
3474.905,0.369268,-12.0,10.0
3474.922,0.369268,-12.0,10.0
3474.938,0.854561,-12.0,10.0
3474.955,0.854561,-12.0,10.0
3474.972,0.854561,-12.0,10.0
3474.988,0.854561,-12.0,10.0
3475.005,0.854561,-12.0,10.0
3475.022,0.854561,-12.0,10.0
3475.038,0.854561,-12.0,10.0
3475.055,0.854561,-12.0,10.0
3475.072,1.34299,-12.0,10.0
3475.088,1.34299,-12.0,10.0
3475.105,1.34299,-12.0,10.0
3475.122,1.34299,-12.0,10.0
3475.138,1.34299,-12.0,10.0
3475.155,1.830598,-12.0,10.0
3475.172,1.830598,-12.0,10.0
3475.188,1.830598,-12.0,10.0
3475.205,1.830598,-12.0,10.0
3475.222,1.830598,-12.0,10.0
3475.238,2.318918,-12.0,10.0
3475.255,2.318918,-12.0,10.0
3475.272,2.318918,-12.0,10.0
3475.288,2.318918,-12.0,10.0
3475.305,2.318918,-12.0,10.0
3475.322,2.318918,-12.0,10.0
3475.338,2.318918,-12.0,10.0
3475.355,2.807025,-12.0,10.0
3475.372,2.807025,-12.0,10.0
3475.388,2.807025,-12.0,10.0
3475.405,2.807025,-12.0,10.0
3475.422,2.807025,-12.0,10.0
3475.438,2.807025,-12.0,10.0
3475.455,3.295248,-12.0,10.0
3475.472,3.295248,-12.0,10.0
3475.488,3.295248,-12.0,10.0
3475.505,3.295248,-12.0,10.0
3475.522,3.295248,-12.0,10.0
3475.538,3.783648,-12.0,10.0
3475.555,3.783648,-12.0,10.0
3475.572,3.783648,-12.0,10.0
3475.588,3.783648,-12.0,10.0
3475.605,3.783648,-12.0,10.0
3475.622,3.783648,-12.0,10.0
3475.638,3.783648,-12.0,10.0
3475.655,4.271863,-12.0,10.0
3475.672,4.271863,-12.0,10.0
3475.688,4.271863,-12.0,10.0
3475.705,4.271863,-12.0,10.0
3475.722,4.271863,-12.0,10.0
3475.738,4.760309,-12.0,10.0
3475.755,4.760309,-12.0,10.0
3475.772,4.760309,-12.0,10.0
3475.788,4.760309,-12.0,10.0
3475.805,4.760309,-12.0,10.0
3475.822,4.760309,-12.0,10.0
3475.838,4.760309,-12.0,10.0
3475.855,4.760309,-12.0,10.0
3475.872,5.248487,-12.0,10.0
3475.888,5.248487,-12.0,10.0
3475.905,5.248487,-12.0,10.0
3475.922,5.248487,-12.0,10.0
3475.938,5.248487,-12.0,10.0
3475.955,5.737037,-12.0,10.0
3475.972,5.737037,-12.0,10.0
3475.988,5.737037,-12.0,10.0
3476.005,5.737037,-12.0,10.0
3476.022,5.737037,-12.0,10.0
3476.038,6.225079,-12.0,10.0
3476.055,6.225079,-12.0,10.0
3476.072,6.225079,-12.0,10.0
3476.088,6.225079,-12.0,10.0
3476.105,6.225079,-12.0,10.0
3476.122,6.225079,-12.0,10.0
3476.138,6.225079,-12.0,10.0
3476.155,6.225079,-12.0,10.0
3476.172,6.713508,-12.0,10.0
3476.188,6.713508,-12.0,10.0
3476.205,6.713508,-12.0,10.0
3476.222,6.713508,-12.0,10.0
3476.238,6.713508,-12.0,10.0
3476.255,7.202199,-12.0,10.0
3476.272,7.202199,-12.0,10.0
3476.288,7.202199,-12.0,10.0
3476.305,7.202199,-12.0,10.0
3476.322,7.202199,-12.0,10.0
3476.338,7.202199,-12.0,10.0
3476.355,7.689523,-12.0,10.0
3476.372,7.689523,-12.0,10.0
3476.388,7.689523,-12.0,10.0
3476.405,7.689523,-12.0,10.0
3476.422,7.689523,-12.0,10.0
3476.438,7.689523,-12.0,10.0
3476.455,8.178124,-12.0,10.0
3476.472,8.178124,-12.0,10.0
3476.488,8.178124,-12.0,10.0
3476.505,8.178124,-12.0,10.0
3476.522,8.178124,-12.0,10.0
3476.538,8.178124,-12.0,10.0
3476.555,8.665855,-12.0,10.0
3476.572,8.665855,-12.0,10.0
3476.588,8.665855,-12.0,10.0
3476.605,8.665855,-12.0,10.0
3476.622,8.665855,-12.0,10.0
3476.638,8.665855,-12.0,10.0
3476.655,9.15447,-12.0,10.0
3476.672,9.15447,-12.0,10.0
3476.688,9.15447,-12.0,10.0
3476.705,9.15447,-12.0,10.0
3476.722,9.15447,-12.0,10.0
3476.738,9.15447,-12.0,10.0
3476.755,9.642585,-12.0,10.0
3476.772,9.642585,-12.0,10.0
3476.788,9.642585,-12.0,10.0
3476.805,9.642585,-12.0,10.0
3476.822,9.642585,-12.0,10.0
3476.838,10.13105,-12.0,10.0
3476.855,10.13105,-12.0,10.0
3476.872,10.13105,-12.0,10.0
3476.888,10.13105,-12.0,10.0
3476.905,10.13105,-12.0,10.0
3476.922,10.13105,-12.0,10.0
3476.938,10.13105,-12.0,10.0
3476.955,10.13105,-12.0,10.0
3476.972,9.858846,-12.0,10.0
3476.988,9.858846,-12.0,10.0
3477.005,9.858846,-12.0,10.0
3477.022,9.858846,-12.0,10.0
3477.038,9.858846,-12.0,10.0
3477.055,9.370229,-12.0,10.0
3477.072,9.370229,-12.0,10.0
3477.088,9.370229,-12.0,10.0
3477.105,9.370229,-12.0,10.0
3477.122,9.370229,-12.0,10.0
3477.138,8.881591,-12.0,10.0
3477.155,8.881591,-12.0,10.0
3477.172,8.881591,-12.0,10.0
3477.188,8.881591,-12.0,10.0
3477.205,8.881591,-12.0,10.0
3477.222,8.881591,-12.0,10.0
3477.238,8.881591,-12.0,10.0
3477.255,8.881591,-12.0,10.0
3477.272,8.393039,-12.0,10.0
3477.288,8.393039,-12.0,10.0
3477.305,8.393039,-12.0,10.0
3477.322,8.393039,-12.0,10.0
3477.338,8.393039,-12.0,10.0
3477.355,7.905231,-12.0,10.0
3477.372,7.905231,-12.0,10.0
3477.388,7.905231,-12.0,10.0
3477.405,7.905231,-12.0,10.0
3477.422,7.905231,-12.0,10.0
3477.439,7.905231,-12.0,10.0
3477.455,7.41645,-12.0,10.0
3477.472,7.41645,-12.0,10.0
3477.488,7.41645,-12.0,10.0
3477.505,7.41645,-12.0,10.0
3477.522,7.41645,-12.0,10.0
3477.538,7.41645,-12.0,10.0
3477.555,6.928568,-12.0,10.0
3477.572,6.928568,-12.0,10.0
3477.588,6.928568,-12.0,10.0
3477.605,6.928568,-12.0,10.0
3477.622,6.928568,-12.0,10.0
3477.638,6.928568,-12.0,10.0
3477.655,6.440119,-12.0,10.0
3477.672,6.440119,-12.0,10.0
3477.688,6.440119,-12.0,10.0
3477.705,6.440119,-12.0,10.0
3477.722,6.440119,-12.0,10.0
3477.738,6.440119,-12.0,10.0
3477.755,5.95232,-12.0,10.0
3477.772,5.95232,-12.0,10.0
3477.788,5.95232,-12.0,10.0
3477.805,5.95232,-12.0,10.0
3477.822,5.95232,-12.0,10.0
3477.838,5.95232,-12.0,10.0
3477.855,5.464042,-12.0,10.0
3477.872,5.464042,-12.0,10.0
3477.888,5.464042,-12.0,10.0
3477.905,5.464042,-12.0,10.0
3477.922,5.464042,-12.0,10.0
3477.938,4.975441,-12.0,10.0
3477.955,4.975441,-12.0,10.0
3477.972,4.975441,-12.0,10.0
3477.988,4.975441,-12.0,10.0
3478.005,4.975441,-12.0,10.0
3478.022,4.975441,-12.0,10.0
3478.039,4.975441,-12.0,10.0
3478.055,4.487541,-12.0,10.0
3478.072,4.487541,-12.0,10.0
3478.088,4.487541,-12.0,10.0
3478.105,4.487541,-12.0,10.0
3478.122,4.487541,-12.0,10.0
3478.139,4.487541,-12.0,10.0
3478.155,3.998691,-12.0,10.0
3478.172,3.998691,-12.0,10.0
3478.188,3.998691,-12.0,10.0
3478.205,3.998691,-12.0,10.0
3478.222,3.998691,-12.0,10.0
3478.238,3.998691,-12.0,10.0
3478.255,3.510785,-12.0,10.0
3478.272,3.510785,-12.0,10.0
3478.288,3.510785,-12.0,10.0
3478.305,3.510785,-12.0,10.0
3478.322,3.510785,-12.0,10.0
3478.339,3.022507,-12.0,10.0
3478.355,3.022507,-12.0,10.0
3478.372,3.022507,-12.0,10.0
3478.388,3.022507,-12.0,10.0
3478.405,3.022507,-12.0,10.0
3478.422,3.022507,-12.0,10.0
3478.438,3.022507,-12.0,10.0
3478.455,3.022507,-12.0,10.0
3478.472,2.534054,-12.0,10.0
3478.488,2.534054,-12.0,10.0
3478.505,2.534054,-12.0,10.0
3478.522,2.534054,-12.0,10.0
3478.539,2.534054,-12.0,10.0
3478.555,2.045151,-12.0,10.0
3478.572,2.045151,-12.0,10.0
3478.588,2.045151,-12.0,10.0
3478.605,2.045151,-12.0,10.0
3478.622,2.045151,-12.0,10.0
3478.639,1.557554,-12.0,10.0
3478.655,1.557554,-12.0,10.0
3478.677,1.557554,-12.0,10.0
3478.688,1.557554,-12.0,10.0
3478.705,1.557554,-12.0,10.0
3478.722,1.557554,-12.0,10.0
3478.739,1.557554,-12.0,10.0
3478.755,1.557554,-12.0,10.0
3478.772,1.06946,-12.0,10.0
3478.788,1.06946,-12.0,10.0
3478.805,1.06946,-12.0,10.0
3478.822,1.06946,-12.0,10.0
3478.839,1.06946,-12.0,10.0
3478.855,1.06946,-12.0,10.0
3478.872,0.581164,-12.0,10.0
3478.888,0.581164,-12.0,10.0
3478.905,0.581164,-12.0,10.0
3478.922,0.581164,-12.0,10.0
3478.939,0.092415,-12.0,10.0
3478.955,0.092415,-12.0,10.0
3478.972,0.092415,-12.0,10.0
3478.988,0.092415,-12.0,10.0
3479.005,0.092415,-12.0,10.0
3479.022,0.092415,-12.0,10.0
3479.039,0.092415,-12.0,10.0
3479.056,-0.395881,-12.0,10.0
3479.072,-0.395881,-12.0,10.0
3479.088,-0.395881,-12.0,10.0
3479.105,-0.395881,-12.0,10.0
3479.122,-0.395881,-12.0,10.0
3479.139,-0.395881,-12.0,10.0
3479.155,-0.395881,-12.0,10.0
3479.172,-0.883484,-12.0,10.0
3479.188,-0.883484,-12.0,10.0
3479.205,-0.883484,-12.0,10.0
3479.222,-0.883484,-12.0,10.0
3479.239,-0.883484,-12.0,10.0
3479.255,-1.372363,-12.0,10.0
3479.272,-1.372363,-12.0,10.0
3479.288,-1.372363,-12.0,10.0
3479.305,-1.372363,-12.0,10.0
3479.322,-1.372363,-12.0,10.0
3479.339,-1.860249,-12.0,10.0
3479.355,-1.860249,-12.0,10.0
3479.372,-1.860249,-12.0,10.0
3479.388,-1.860249,-12.0,10.0
3479.405,-1.860249,-12.0,10.0
3479.422,-1.860249,-12.0,10.0
3479.439,-1.860249,-12.0,10.0
3479.456,-2.348659,-12.0,10.0
3479.472,-2.348659,-12.0,10.0
3479.488,-2.348659,-12.0,10.0
3479.505,-2.348659,-12.0,10.0
3479.522,-2.348659,-12.0,10.0
3479.539,-2.348659,-12.0,10.0
3479.555,-2.836555,-12.0,10.0
3479.572,-2.836555,-12.0,10.0
3479.588,-2.836555,-12.0,10.0
3479.605,-2.836555,-12.0,10.0
3479.622,-2.836555,-12.0,10.0
3479.639,-2.836555,-12.0,10.0
3479.655,-3.325386,-12.0,10.0
3479.672,-3.325386,-12.0,10.0
3479.688,-3.325386,-12.0,10.0
3479.705,-3.325386,-12.0,10.0
3479.722,-3.325386,-12.0,10.0
3479.739,-3.813494,-12.0,10.0
3479.755,-3.813494,-12.0,10.0
3479.772,-3.813494,-12.0,10.0
3479.788,-3.813494,-12.0,10.0
3479.805,-3.813494,-12.0,10.0
3479.822,-3.813494,-12.0,10.0
3479.839,-3.813494,-12.0,10.0
3479.855,-4.301239,-12.0,10.0
3479.872,-4.301239,-12.0,10.0
3479.888,-4.301239,-12.0,10.0
3479.905,-4.301239,-12.0,10.0
3479.922,-4.301239,-12.0,10.0
3479.939,-4.301239,-12.0,10.0
3479.955,-4.789618,-12.0,10.0
3479.972,-4.789618,-12.0,10.0
3479.988,-4.789618,-12.0,10.0
3480.006,-4.789618,-12.0,10.0
3480.022,-4.789618,-12.0,10.0
3480.039,-4.789618,-12.0,10.0
3480.055,-5.156609,-12.0,10.0
3480.072,-5.156609,-12.0,10.0
3480.088,-5.156609,-12.0,10.0
3480.105,-5.156609,-12.0,10.0
3480.122,-5.156609,-12.0,10.0
3480.139,-5.156609,-12.0,10.0
3480.155,-4.807624,-12.0,10.0
3480.172,-4.807624,-12.0,10.0
3480.189,-4.807624,-12.0,10.0
3480.205,-4.807624,-12.0,10.0
3480.222,-4.807624,-12.0,10.0
3480.239,-4.319818,-12.0,10.0
3480.255,-4.319818,-12.0,10.0
3480.272,-4.319818,-12.0,10.0
3480.288,-4.319818,-12.0,10.0
3480.305,-4.319818,-12.0,10.0
3480.322,-4.319818,-12.0,10.0
3480.339,-4.319818,-12.0,10.0
3480.355,-4.319818,-12.0,10.0
3480.372,-3.831222,-12.0,10.0
3480.388,-3.831222,-12.0,10.0
3480.405,-3.831222,-12.0,10.0
3480.422,-3.831222,-12.0,10.0
3480.439,-3.831222,-12.0,10.0
3480.455,-3.342453,-12.0,10.0
3480.472,-3.342453,-12.0,10.0
3480.488,-3.342453,-12.0,10.0
3480.505,-3.342453,-12.0,10.0
3480.522,-3.342453,-12.0,10.0
3480.539,-2.854978,-12.0,10.0
3480.555,-2.854978,-12.0,10.0
3480.572,-2.854978,-12.0,10.0
3480.589,-2.854978,-12.0,10.0
3480.605,-2.854978,-12.0,10.0
3480.622,-2.854978,-12.0,10.0
3480.639,-2.854978,-12.0,10.0
3480.655,-2.366674,-12.0,10.0
3480.672,-2.366674,-12.0,10.0
3480.689,-2.366674,-12.0,10.0
3480.705,-2.366674,-12.0,10.0
3480.722,-2.366674,-12.0,10.0
3480.739,-2.366674,-12.0,10.0
3480.755,-1.878248,-12.0,10.0
3480.772,-1.878248,-12.0,10.0
3480.788,-1.878248,-12.0,10.0
3480.805,-1.878248,-12.0,10.0
3480.822,-1.878248,-12.0,10.0
3480.839,-1.878248,-12.0,10.0
3480.855,-1.38928,-12.0,10.0
3480.872,-1.38928,-12.0,10.0
3480.888,-1.38928,-12.0,10.0
3480.905,-1.38928,-12.0,10.0
3480.922,-1.38928,-12.0,10.0
3480.939,-0.901725,-12.0,10.0
3480.955,-0.901725,-12.0,10.0
3480.972,-0.901725,-12.0,10.0
3480.989,-0.901725,-12.0,10.0
3481.005,-0.901725,-12.0,10.0
3481.022,-0.901725,-12.0,10.0
3481.039,-0.901725,-12.0,10.0
3481.055,-0.901725,-12.0,10.0
3481.072,-0.413618,-12.0,10.0
3481.088,-0.413618,-12.0,10.0
3481.105,-0.413618,-12.0,10.0
3481.122,-0.413618,-12.0,10.0
3481.139,-0.413618,-12.0,10.0
3481.155,0.075072,-12.0,10.0
3481.172,0.075072,-12.0,10.0
3481.188,0.075072,-12.0,10.0
3481.205,0.075072,-12.0,10.0
3481.222,0.075072,-12.0,10.0
3481.239,0.563252,-12.0,10.0
3481.255,0.563252,-12.0,10.0
3481.272,0.563252,-12.0,10.0
3481.288,0.563252,-12.0,10.0
3481.305,0.563252,-12.0,10.0
3481.322,0.563252,-12.0,10.0
3481.339,0.563252,-12.0,10.0
3481.356,1.051057,-12.0,10.0
3481.372,1.051057,-12.0,10.0
3481.389,1.051057,-12.0,10.0
3481.405,1.051057,-12.0,10.0
3481.422,1.051057,-12.0,10.0
3481.439,1.051057,-12.0,10.0
3481.455,1.53963,-12.0,10.0
3481.472,1.53963,-12.0,10.0
3481.488,1.53963,-12.0,10.0
3481.505,1.53963,-12.0,10.0
3481.522,1.53963,-12.0,10.0
3481.539,2.027836,-12.0,10.0
3481.555,2.027836,-12.0,10.0
3481.572,2.027836,-12.0,10.0
3481.589,2.027836,-12.0,10.0
3481.605,2.027836,-12.0,10.0
3481.622,2.027836,-12.0,10.0
3481.639,2.027836,-12.0,10.0
3481.656,2.516496,-12.0,10.0
3481.672,2.516496,-12.0,10.0
3481.689,2.516496,-12.0,10.0
3481.705,2.516496,-12.0,10.0
3481.722,2.516496,-12.0,10.0
3481.739,3.004609,-12.0,10.0
3481.756,3.004609,-12.0,10.0
3481.772,3.004609,-12.0,10.0
3481.789,3.004609,-12.0,10.0
3481.805,3.004609,-12.0,10.0
3481.822,3.004609,-12.0,10.0
3481.839,3.004609,-12.0,10.0
3481.855,3.004609,-12.0,10.0
3481.872,3.492493,-12.0,10.0
3481.889,3.492493,-12.0,10.0
3481.905,3.492493,-12.0,10.0
3481.922,3.492493,-12.0,10.0
3481.939,3.492493,-12.0,10.0
3481.955,3.980939,-12.0,10.0
3481.972,3.980939,-12.0,10.0
3481.989,3.980939,-12.0,10.0
3482.006,3.980939,-12.0,10.0
3482.022,3.980939,-12.0,10.0
3482.039,4.468904,-12.0,10.0
3482.055,4.468904,-12.0,10.0
3482.072,4.468904,-12.0,10.0
3482.089,4.468904,-12.0,10.0
3482.106,4.468904,-12.0,10.0
3482.122,4.468904,-12.0,10.0
3482.139,4.468904,-12.0,10.0
3482.155,4.468904,-12.0,10.0
3482.172,4.957467,-12.0,10.0
3482.189,4.957467,-12.0,10.0
3482.205,4.957467,-12.0,10.0
3482.222,4.957467,-12.0,10.0
3482.239,4.957467,-12.0,10.0
3482.255,5.445381,-12.0,10.0
3482.272,5.445381,-12.0,10.0
3482.289,5.445381,-12.0,10.0
3482.305,5.445381,-12.0,10.0
3482.322,5.445381,-12.0,10.0
3482.339,5.934009,-12.0,10.0
3482.355,5.934009,-12.0,10.0
3482.372,5.934009,-12.0,10.0
3482.389,5.934009,-12.0,10.0
3482.405,5.934009,-12.0,10.0
3482.422,5.934009,-12.0,10.0
3482.439,5.934009,-12.0,10.0
3482.455,6.42233,-12.0,10.0
3482.472,6.42233,-12.0,10.0
3482.488,6.42233,-12.0,10.0
3482.505,6.42233,-12.0,10.0
3482.522,6.42233,-12.0,10.0
3482.539,6.42233,-12.0,10.0
3482.556,6.910683,-12.0,10.0
3482.572,6.910683,-12.0,10.0
3482.589,6.910683,-12.0,10.0
3482.605,6.910683,-12.0,10.0
3482.622,6.910683,-12.0,10.0
3482.639,6.910683,-12.0,10.0
3482.655,7.398969,-12.0,10.0
3482.672,7.398969,-12.0,10.0
3482.689,7.398969,-12.0,10.0
3482.705,7.398969,-12.0,10.0
3482.722,7.398969,-12.0,10.0
3482.739,7.398969,-12.0,10.0
3482.755,7.887556,-12.0,10.0
3482.772,7.887556,-12.0,10.0
3482.789,7.887556,-12.0,10.0
3482.805,7.887556,-12.0,10.0
3482.822,7.887556,-12.0,10.0
3482.839,8.375518,-12.0,10.0
3482.856,8.375518,-12.0,10.0
3482.872,8.375518,-12.0,10.0
3482.889,8.375518,-12.0,10.0
3482.905,8.375518,-12.0,10.0
3482.922,8.375518,-12.0,10.0
3482.939,8.375518,-12.0,10.0
3482.955,8.375518,-12.0,10.0
3482.972,8.375518,-12.0,10.0
3482.989,8.375518,-12.0,10.0
3483.005,8.863838,-12.0,10.0
3483.022,8.863838,-12.0,10.0
3483.039,9.352001,-12.0,10.0
3483.056,9.352001,-12.0,10.0
3483.072,9.352001,-12.0,10.0
3483.089,9.352001,-12.0,10.0
3483.106,9.352001,-12.0,10.0
3483.122,9.352001,-12.0,10.0
3483.139,9.352001,-12.0,10.0
3483.156,9.840569,-12.0,10.0
3483.172,9.840569,-12.0,10.0
3483.189,9.840569,-12.0,10.0
3483.205,9.840569,-12.0,10.0
3483.222,9.840569,-12.0,10.0
3483.239,9.840569,-12.0,10.0
3483.255,9.840569,-12.0,10.0
3483.272,10.07159,-12.0,10.0
3483.289,10.07159,-12.0,10.0
3483.305,10.07159,-12.0,10.0
3483.322,10.07159,-12.0,10.0
3483.339,10.07159,-12.0,10.0
3483.355,9.660922,-12.0,10.0
3483.372,9.660922,-12.0,10.0
3483.389,9.660922,-12.0,10.0
3483.405,9.660922,-12.0,10.0
3483.422,9.660922,-12.0,10.0
3483.439,9.660922,-12.0,10.0
3483.456,9.171586,-12.0,10.0
3483.472,9.171586,-12.0,10.0
3483.489,9.171586,-12.0,10.0
3483.506,9.171586,-12.0,10.0
3483.522,9.171586,-12.0,10.0
3483.539,9.171586,-12.0,10.0
3483.555,8.684126,-12.0,10.0
3483.574,8.684126,-12.0,10.0
3483.591,8.684126,-12.0,10.0
3483.606,8.684126,-12.0,10.0
3483.622,8.684126,-12.0,10.0
3483.639,8.684126,-12.0,10.0
3483.656,8.185331,-12.0,10.0
3483.674,8.185331,-12.0,10.0
3483.689,8.185331,-12.0,10.0
3483.706,8.185331,-12.0,10.0
3483.722,8.185331,-12.0,10.0
3483.739,8.185331,-12.0,10.0
3483.756,7.699786,-12.0,10.0
3483.772,7.699786,-12.0,10.0
3483.789,7.699786,-12.0,10.0
3483.806,7.699786,-12.0,10.0
3483.822,7.699786,-12.0,10.0
3483.839,7.699786,-12.0,10.0
3483.856,7.219341,-12.0,10.0
3483.872,7.219341,-12.0,10.0
3483.889,7.219341,-12.0,10.0
3483.906,7.219341,-12.0,10.0
3483.922,7.219341,-12.0,10.0
3483.939,6.731012,-12.0,10.0
3483.955,6.731012,-12.0,10.0
3483.972,6.731012,-12.0,10.0
3483.989,6.731012,-12.0,10.0
3484.006,6.731012,-12.0,10.0
3484.022,6.731012,-12.0,10.0
3484.039,6.731012,-12.0,10.0
3484.056,6.731012,-12.0,10.0
3484.072,6.242462,-12.0,10.0
3484.089,6.242462,-12.0,10.0
3484.106,6.242462,-12.0,10.0
3484.122,6.242462,-12.0,10.0
3484.139,6.242462,-12.0,10.0
3484.156,5.754467,-12.0,10.0
3484.172,5.754467,-12.0,10.0
3484.189,5.754467,-12.0,10.0
3484.206,5.754467,-12.0,10.0
3484.222,5.754467,-12.0,10.0
3484.239,5.754467,-12.0,10.0
3484.255,5.265888,-12.0,10.0
3484.272,5.265888,-12.0,10.0
3484.289,5.265888,-12.0,10.0
3484.306,5.265888,-12.0,10.0
3484.322,5.265888,-12.0,10.0
3484.339,5.265888,-12.0,10.0
3484.356,4.77763,-12.0,10.0
3484.372,4.77763,-12.0,10.0
3484.389,4.77763,-12.0,10.0
3484.406,4.77763,-12.0,10.0
3484.422,4.77763,-12.0,10.0
3484.439,4.77763,-12.0,10.0
0.028076,-12.0,10.0,1.725552,-737.5229,614.6025,380.134,0.0
0.028076,-12.0,10.0,1.725552,-737.5229,614.6025,380.15,0.0
0.028076,-12.0,10.0,1.725552,-737.5229,614.6025,380.167,0.0
0.341055,-12.0,10.0,0.724971,0.0,0.0,380.184,0.09
0.341055,-12.0,10.0,0.724971,0.0,0.0,380.2,0.09
0.341055,-12.0,10.0,0.724971,0.0,0.0,380.217,0.09
0.341055,-12.0,10.0,0.724971,0.0,0.0,380.234,0.09
0.341055,-12.0,10.0,0.724971,0.0,0.0,380.25,0.09
0.341055,-12.0,10.0,0.724971,0.0,0.0,380.267,0.09
0.837073,-12.0,10.0,0.787076,0.0,0.0,380.284,0.09
0.837073,-12.0,10.0,0.787076,0.0,0.0,380.301,0.09
0.837073,-12.0,10.0,0.787076,0.0,0.0,380.317,0.09
0.837073,-12.0,10.0,0.787076,0.0,0.0,380.334,0.09
0.837073,-12.0,10.0,0.787076,0.0,0.0,380.35,0.09
0.837073,-12.0,10.0,0.787076,0.0,0.0,380.367,0.09
1.325338,-12.0,10.0,0.806103,0.0,0.0,380.384,0.09
1.325338,-12.0,10.0,0.806103,0.0,0.0,380.401,0.09
1.325338,-12.0,10.0,0.806103,0.0,0.0,380.417,0.09
1.325338,-12.0,10.0,0.806103,0.0,0.0,380.434,0.09
1.325338,-12.0,10.0,0.806103,0.0,0.0,380.45,0.09
1.325338,-12.0,10.0,0.806103,0.0,0.0,380.467,0.09
1.813893,-12.0,10.0,0.809204,0.0,0.0,380.484,0.09
1.813893,-12.0,10.0,0.809204,0.0,0.0,380.5,0.09
1.813893,-12.0,10.0,0.809204,0.0,0.0,380.517,0.09
1.813893,-12.0,10.0,0.809204,0.0,0.0,380.534,0.09
1.813893,-12.0,10.0,0.809204,0.0,0.0,380.55,0.09
1.813893,-12.0,10.0,0.809204,0.0,0.0,380.567,0.09
2.301541,-12.0,10.0,0.814466,0.0,0.0,380.584,0.09
2.301541,-12.0,10.0,0.814466,0.0,0.0,380.601,0.09
2.301541,-12.0,10.0,0.814466,0.0,0.0,380.617,0.09
2.301541,-12.0,10.0,0.814466,0.0,0.0,380.634,0.09
2.301541,-12.0,10.0,0.814466,0.0,0.0,380.65,0.09
2.301541,-12.0,10.0,0.814466,0.0,0.0,380.672,0.09
2.790328,-12.0,10.0,0.816494,0.0,0.0,380.684,0.09
2.790328,-12.0,10.0,0.816494,0.0,0.0,380.7,0.09
2.790328,-12.0,10.0,0.816494,0.0,0.0,380.717,0.09
2.790328,-12.0,10.0,0.816494,0.0,0.0,380.734,0.09
2.790328,-12.0,10.0,0.816494,0.0,0.0,380.75,0.09
3.278655,-12.0,10.0,0.809667,0.0,0.0,380.767,0.073
3.278655,-12.0,10.0,0.809667,0.0,0.0,380.784,0.073
3.278655,-12.0,10.0,0.809667,0.0,0.0,380.801,0.073
3.278655,-12.0,10.0,0.809667,0.0,0.0,380.817,0.073
3.278655,-12.0,10.0,0.809667,0.0,0.0,380.834,0.073
3.278655,-12.0,10.0,0.809667,0.0,0.0,380.85,0.073
3.278655,-12.0,10.0,0.809667,0.0,0.0,380.867,0.073
3.278655,-12.0,10.0,0.809667,0.0,0.0,380.884,0.073
3.766444,-12.0,10.0,0.807228,0.0,0.0,380.901,0.107
3.766444,-12.0,10.0,0.807228,0.0,0.0,380.917,0.107
3.766444,-12.0,10.0,0.807228,0.0,0.0,380.934,0.107
3.766444,-12.0,10.0,0.807228,0.0,0.0,380.95,0.107
3.766444,-12.0,10.0,0.807228,0.0,0.0,380.967,0.107
3.766444,-12.0,10.0,0.807228,0.0,0.0,380.984,0.107
4.255213,-12.0,10.0,0.816156,0.0,0.0,381.001,0.107
4.255213,-12.0,10.0,0.816156,0.0,0.0,381.017,0.107
4.255213,-12.0,10.0,0.816156,0.0,0.0,381.034,0.107
4.255213,-12.0,10.0,0.816156,0.0,0.0,381.05,0.107
4.746228,-12.0,10.0,0.83524,0.0,0.0,381.067,0.073
4.746228,-12.0,10.0,0.83524,0.0,0.0,381.084,0.073
4.746228,-12.0,10.0,0.83524,0.0,0.0,381.1,0.073
4.746228,-12.0,10.0,0.83524,0.0,0.0,381.117,0.073
4.746228,-12.0,10.0,0.83524,0.0,0.0,381.134,0.073
4.746228,-12.0,10.0,0.83524,0.0,0.0,381.15,0.073
4.746228,-12.0,10.0,0.83524,0.0,0.0,381.167,0.073
5.232553,-12.0,10.0,0.823367,0.0,0.0,381.184,0.089
5.232553,-12.0,10.0,0.823367,0.0,0.0,381.2,0.089
5.232553,-12.0,10.0,0.823367,0.0,0.0,381.217,0.089
5.232553,-12.0,10.0,0.823367,0.0,0.0,381.234,0.089
5.232553,-12.0,10.0,0.823367,0.0,0.0,381.25,0.089
5.232553,-12.0,10.0,0.823367,0.0,0.0,381.267,0.089
5.720511,-12.0,10.0,0.817204,0.0,0.0,381.284,0.09
5.720511,-12.0,10.0,0.817204,0.0,0.0,381.3,0.09
5.720511,-12.0,10.0,0.817204,0.0,0.0,381.317,0.09
5.720511,-12.0,10.0,0.817204,0.0,0.0,381.334,0.09
5.720511,-12.0,10.0,0.817204,0.0,0.0,381.35,0.09
6.207583,-12.0,10.0,0.810757,0.0,0.0,381.367,0.074
6.207583,-12.0,10.0,0.810757,0.0,0.0,381.384,0.074
6.207583,-12.0,10.0,0.810757,0.0,0.0,381.4,0.074
6.207583,-12.0,10.0,0.810757,0.0,0.0,381.417,0.074
6.207583,-12.0,10.0,0.810757,0.0,0.0,381.434,0.074
6.207583,-12.0,10.0,0.810757,0.0,0.0,381.45,0.074
6.207583,-12.0,10.0,0.810757,0.0,0.0,381.467,0.074
6.695807,-12.0,10.0,0.813221,0.0,0.0,381.484,0.09
6.695807,-12.0,10.0,0.813221,0.0,0.0,381.5,0.09
6.695807,-12.0,10.0,0.813221,0.0,0.0,381.517,0.09
6.695807,-12.0,10.0,0.813221,0.0,0.0,381.534,0.09
6.695807,-12.0,10.0,0.813221,0.0,0.0,381.55,0.09
7.184154,-12.0,10.0,0.80784,0.0,0.0,381.567,0.074
7.184154,-12.0,10.0,0.80784,0.0,0.0,381.584,0.074
7.184154,-12.0,10.0,0.80784,0.0,0.0,381.6,0.074
7.184154,-12.0,10.0,0.80784,0.0,0.0,381.617,0.074
7.184154,-12.0,10.0,0.80784,0.0,0.0,381.634,0.074
7.184154,-12.0,10.0,0.80784,0.0,0.0,381.65,0.074
7.184154,-12.0,10.0,0.80784,0.0,0.0,381.667,0.074
7.184154,-12.0,10.0,0.80784,0.0,0.0,381.684,0.074
7.672503,-12.0,10.0,0.815435,0.0,0.0,381.701,0.107
7.672503,-12.0,10.0,0.815435,0.0,0.0,381.717,0.107
7.672503,-12.0,10.0,0.815435,0.0,0.0,381.734,0.107
7.672503,-12.0,10.0,0.815435,0.0,0.0,381.75,0.107
7.672503,-12.0,10.0,0.815435,0.0,0.0,381.767,0.107
8.161505,-12.0,10.0,0.808948,0.0,0.0,381.785,0.091
8.161505,-12.0,10.0,0.808948,0.0,0.0,381.8,0.091
8.161505,-12.0,10.0,0.808948,0.0,0.0,381.817,0.091
8.161505,-12.0,10.0,0.808948,0.0,0.0,381.834,0.091
8.161505,-12.0,10.0,0.808948,0.0,0.0,381.85,0.091
8.649585,-12.0,10.0,0.785705,0.0,0.0,381.867,0.074
8.649585,-12.0,10.0,0.785705,0.0,0.0,381.884,0.074
8.649585,-12.0,10.0,0.785705,0.0,0.0,381.9,0.074
8.649585,-12.0,10.0,0.785705,0.0,0.0,381.917,0.074
8.649585,-12.0,10.0,0.785705,0.0,0.0,381.934,0.074
8.649585,-12.0,10.0,0.785705,0.0,0.0,381.95,0.074
8.649585,-12.0,10.0,0.785705,0.0,0.0,381.967,0.074
9.13782,-12.0,10.0,0.815418,0.0,0.0,381.984,0.09
9.13782,-12.0,10.0,0.815418,0.0,0.0,382.001,0.09
9.13782,-12.0,10.0,0.815418,0.0,0.0,382.017,0.09
9.13782,-12.0,10.0,0.815418,0.0,0.0,382.034,0.09
9.13782,-12.0,10.0,0.815418,0.0,0.0,382.05,0.09
9.13782,-12.0,10.0,0.815418,0.0,0.0,382.067,0.09
9.13782,-12.0,10.0,0.815418,0.0,0.0,382.084,0.09
9.626038,-12.0,10.0,0.819082,0.0,0.0,382.1,0.107
9.626038,-12.0,10.0,0.819082,0.0,0.0,382.117,0.107
9.626038,-12.0,10.0,0.819082,0.0,0.0,382.134,0.107
9.626038,-12.0,10.0,0.819082,0.0,0.0,382.15,0.107
10.11408,-12.0,10.0,0.819773,0.0,0.0,382.167,0.074
10.11408,-12.0,10.0,0.819773,0.0,0.0,382.184,0.074
10.11408,-12.0,10.0,0.819773,0.0,0.0,382.2,0.074
10.11408,-12.0,10.0,0.819773,0.0,0.0,382.217,0.074
10.11408,-12.0,10.0,0.819773,0.0,0.0,382.234,0.074
10.11408,-12.0,10.0,0.819773,0.0,0.0,382.25,0.074
10.11408,-12.0,10.0,0.819773,0.0,0.0,382.267,0.074
9.88874,-12.0,10.0,-0.593375,0.0,0.0,382.284,0.09
9.88874,-12.0,10.0,-0.593375,0.0,0.0,382.301,0.09
9.88874,-12.0,10.0,-0.593375,0.0,0.0,382.317,0.09
9.88874,-12.0,10.0,-0.593375,0.0,0.0,382.334,0.09
9.88874,-12.0,10.0,-0.593375,0.0,0.0,382.35,0.09
9.88874,-12.0,10.0,-0.593375,0.0,0.0,382.367,0.09
9.384803,-12.0,10.0,-0.829316,0.0,0.0,382.384,0.089
9.384803,-12.0,10.0,-0.829316,0.0,0.0,382.401,0.089
9.384803,-12.0,10.0,-0.829316,0.0,0.0,382.417,0.089
9.384803,-12.0,10.0,-0.829316,0.0,0.0,382.434,0.089
9.384803,-12.0,10.0,-0.829316,0.0,0.0,382.45,0.089
9.384803,-12.0,10.0,-0.829316,0.0,0.0,382.467,0.089
8.898136,-12.0,10.0,-0.820735,0.0,0.0,382.484,0.09
8.898136,-12.0,10.0,-0.820735,0.0,0.0,382.501,0.09
8.898136,-12.0,10.0,-0.820735,0.0,0.0,382.517,0.09
8.898136,-12.0,10.0,-0.820735,0.0,0.0,382.534,0.09
8.898136,-12.0,10.0,-0.820735,0.0,0.0,382.55,0.09
8.898136,-12.0,10.0,-0.820735,0.0,0.0,382.567,0.09
8.410353,-12.0,10.0,-0.814399,0.0,0.0,382.584,0.09
8.410353,-12.0,10.0,-0.814399,0.0,0.0,382.6,0.09
8.410353,-12.0,10.0,-0.814399,0.0,0.0,382.617,0.09
8.410353,-12.0,10.0,-0.814399,0.0,0.0,382.634,0.09
8.410353,-12.0,10.0,-0.814399,0.0,0.0,382.65,0.09
7.921549,-12.0,10.0,-0.813723,0.0,0.0,382.667,0.074
7.921549,-12.0,10.0,-0.813723,0.0,0.0,382.684,0.074
7.921549,-12.0,10.0,-0.813723,0.0,0.0,382.7,0.074
7.921549,-12.0,10.0,-0.813723,0.0,0.0,382.717,0.074
7.921549,-12.0,10.0,-0.813723,0.0,0.0,382.734,0.074
7.921549,-12.0,10.0,-0.813723,0.0,0.0,382.75,0.074
7.921549,-12.0,10.0,-0.813723,0.0,0.0,382.767,0.074
7.433719,-12.0,10.0,-0.812708,0.0,0.0,382.784,0.09
7.433719,-12.0,10.0,-0.812708,0.0,0.0,382.801,0.09
7.433719,-12.0,10.0,-0.812708,0.0,0.0,382.817,0.09
7.433719,-12.0,10.0,-0.812708,0.0,0.0,382.834,0.09
7.433719,-12.0,10.0,-0.812708,0.0,0.0,382.85,0.09
6.945144,-12.0,10.0,-0.818207,0.0,0.0,382.867,0.074
6.945144,-12.0,10.0,-0.818207,0.0,0.0,382.884,0.074
6.945144,-12.0,10.0,-0.818207,0.0,0.0,382.9,0.074
6.945144,-12.0,10.0,-0.818207,0.0,0.0,382.917,0.074
6.945144,-12.0,10.0,-0.818207,0.0,0.0,382.934,0.074
6.945144,-12.0,10.0,-0.818207,0.0,0.0,382.951,0.074
6.945144,-12.0,10.0,-0.818207,0.0,0.0,382.967,0.074
6.45669,-12.0,10.0,-0.820131,0.0,0.0,382.984,0.09
6.45669,-12.0,10.0,-0.820131,0.0,0.0,383.0,0.09
6.45669,-12.0,10.0,-0.820131,0.0,0.0,383.017,0.09
6.45669,-12.0,10.0,-0.820131,0.0,0.0,383.034,0.09
6.45669,-12.0,10.0,-0.820131,0.0,0.0,383.05,0.09
5.96852,-12.0,10.0,-0.809744,0.0,0.0,383.068,0.074
5.96852,-12.0,10.0,-0.809744,0.0,0.0,383.084,0.074
5.96852,-12.0,10.0,-0.809744,0.0,0.0,383.101,0.074
5.96852,-12.0,10.0,-0.809744,0.0,0.0,383.117,0.074
5.96852,-12.0,10.0,-0.809744,0.0,0.0,383.134,0.074
5.96852,-12.0,10.0,-0.809744,0.0,0.0,383.15,0.074
5.96852,-12.0,10.0,-0.809744,0.0,0.0,383.167,0.074
5.96852,-12.0,10.0,-0.809744,0.0,0.0,383.184,0.074
5.480119,-12.0,10.0,-0.813203,0.0,0.0,383.201,0.107
5.480119,-12.0,10.0,-0.813203,0.0,0.0,383.217,0.107
5.480119,-12.0,10.0,-0.813203,0.0,0.0,383.234,0.107
5.480119,-12.0,10.0,-0.813203,0.0,0.0,383.25,0.107
5.480119,-12.0,10.0,-0.813203,0.0,0.0,383.267,0.107
4.992389,-12.0,10.0,-0.815348,0.0,0.0,383.284,0.09
4.992389,-12.0,10.0,-0.815348,0.0,0.0,383.3,0.09
4.992389,-12.0,10.0,-0.815348,0.0,0.0,383.317,0.09
4.992389,-12.0,10.0,-0.815348,0.0,0.0,383.334,0.09
4.992389,-12.0,10.0,-0.815348,0.0,0.0,383.35,0.09
4.504706,-12.0,10.0,-0.810825,0.0,0.0,383.367,0.074
4.504706,-12.0,10.0,-0.810825,0.0,0.0,383.384,0.074
4.504706,-12.0,10.0,-0.810825,0.0,0.0,383.401,0.074
4.504706,-12.0,10.0,-0.810825,0.0,0.0,383.417,0.074
4.504706,-12.0,10.0,-0.810825,0.0,0.0,383.434,0.074
4.504706,-12.0,10.0,-0.810825,0.0,0.0,383.45,0.074
4.504706,-12.0,10.0,-0.810825,0.0,0.0,383.467,0.074
4.016014,-12.0,10.0,-0.809354,0.0,0.0,383.484,0.09
4.016014,-12.0,10.0,-0.809354,0.0,0.0,383.501,0.09
4.016014,-12.0,10.0,-0.809354,0.0,0.0,383.517,0.09
4.016014,-12.0,10.0,-0.809354,0.0,0.0,383.534,0.09
4.016014,-12.0,10.0,-0.809354,0.0,0.0,383.55,0.09
4.016014,-12.0,10.0,-0.809354,0.0,0.0,383.567,0.09
3.527852,-12.0,10.0,-0.810344,0.0,0.0,383.584,0.09
3.527852,-12.0,10.0,-0.810344,0.0,0.0,383.601,0.09
3.527852,-12.0,10.0,-0.810344,0.0,0.0,383.617,0.09
3.527852,-12.0,10.0,-0.810344,0.0,0.0,383.634,0.09
3.527852,-12.0,10.0,-0.810344,0.0,0.0,383.65,0.09
3.039036,-12.0,10.0,-0.812402,0.0,0.0,383.667,0.074
3.039036,-12.0,10.0,-0.812402,0.0,0.0,383.684,0.074
3.039036,-12.0,10.0,-0.812402,0.0,0.0,383.701,0.074
3.039036,-12.0,10.0,-0.812402,0.0,0.0,383.717,0.074
3.039036,-12.0,10.0,-0.812402,0.0,0.0,383.734,0.074
3.039036,-12.0,10.0,-0.812402,0.0,0.0,383.75,0.074
3.039036,-12.0,10.0,-0.812402,0.0,0.0,383.767,0.074
2.550842,-12.0,10.0,-0.820274,0.0,0.0,383.784,0.09
2.550842,-12.0,10.0,-0.820274,0.0,0.0,383.801,0.09
2.550842,-12.0,10.0,-0.820274,0.0,0.0,383.817,0.09
2.550842,-12.0,10.0,-0.820274,0.0,0.0,383.834,0.09
2.550842,-12.0,10.0,-0.820274,0.0,0.0,383.85,0.09
2.062979,-12.0,10.0,-0.812111,0.0,0.0,383.867,0.074
2.062979,-12.0,10.0,-0.812111,0.0,0.0,383.884,0.074
2.062979,-12.0,10.0,-0.812111,0.0,0.0,383.901,0.074
2.062979,-12.0,10.0,-0.812111,0.0,0.0,383.917,0.074
2.062979,-12.0,10.0,-0.812111,0.0,0.0,383.934,0.074
2.062979,-12.0,10.0,-0.812111,0.0,0.0,383.95,0.074
2.062979,-12.0,10.0,-0.812111,0.0,0.0,383.967,0.074
1.573997,-12.0,10.0,-0.817451,0.0,0.0,383.984,0.089
1.573997,-12.0,10.0,-0.817451,0.0,0.0,384.001,0.089
1.573997,-12.0,10.0,-0.817451,0.0,0.0,384.017,0.089
1.573997,-12.0,10.0,-0.817451,0.0,0.0,384.034,0.089
1.573997,-12.0,10.0,-0.817451,0.0,0.0,384.05,0.089
1.573997,-12.0,10.0,-0.817451,0.0,0.0,384.067,0.089
1.085701,-12.0,10.0,-0.813798,0.0,0.0,384.084,0.089
1.085701,-12.0,10.0,-0.813798,0.0,0.0,384.101,0.089
1.085701,-12.0,10.0,-0.813798,0.0,0.0,384.117,0.089
1.085701,-12.0,10.0,-0.813798,0.0,0.0,384.134,0.089
1.085701,-12.0,10.0,-0.813798,0.0,0.0,384.15,0.089
0.597495,-12.0,10.0,-0.820826,0.0,0.0,384.167,0.074
0.597495,-12.0,10.0,-0.820826,0.0,0.0,384.184,0.074
0.597495,-12.0,10.0,-0.820826,0.0,0.0,384.201,0.074
0.597495,-12.0,10.0,-0.820826,0.0,0.0,384.217,0.074
0.597495,-12.0,10.0,-0.820826,0.0,0.0,384.234,0.074
0.597495,-12.0,10.0,-0.820826,0.0,0.0,384.25,0.074
0.597495,-12.0,10.0,-0.820826,0.0,0.0,384.267,0.074
0.110132,-12.0,10.0,-0.811909,0.0,0.0,384.284,0.09
0.110132,-12.0,10.0,-0.811909,0.0,0.0,384.301,0.09
0.110132,-12.0,10.0,-0.811909,0.0,0.0,384.317,0.09
0.110132,-12.0,10.0,-0.811909,0.0,0.0,384.334,0.09
0.110132,-12.0,10.0,-0.811909,0.0,0.0,384.35,0.09
-0.379556,-12.0,10.0,-0.825709,0.0,0.0,384.367,0.073
-0.379556,-12.0,10.0,-0.825709,0.0,0.0,384.384,0.073
-0.379556,-12.0,10.0,-0.825709,0.0,0.0,384.401,0.073
-0.379556,-12.0,10.0,-0.825709,0.0,0.0,384.417,0.073
-0.379556,-12.0,10.0,-0.825709,0.0,0.0,384.434,0.073
-0.379556,-12.0,10.0,-0.825709,0.0,0.0,384.45,0.073
-0.867476,-12.0,10.0,-0.819131,0.0,0.0,384.467,0.073
-0.867476,-12.0,10.0,-0.819131,0.0,0.0,384.484,0.073
-0.867476,-12.0,10.0,-0.819131,0.0,0.0,384.501,0.073
-0.867476,-12.0,10.0,-0.819131,0.0,0.0,384.517,0.073
-0.867476,-12.0,10.0,-0.819131,0.0,0.0,384.534,0.073
-0.867476,-12.0,10.0,-0.819131,0.0,0.0,384.55,0.073
-0.867476,-12.0,10.0,-0.819131,0.0,0.0,384.567,0.073
-1.355132,-12.0,10.0,-0.816112,0.0,0.0,384.584,0.09
-1.355132,-12.0,10.0,-0.816112,0.0,0.0,384.601,0.09
-1.355132,-12.0,10.0,-0.816112,0.0,0.0,384.617,0.09
-1.355132,-12.0,10.0,-0.816112,0.0,0.0,384.634,0.09
-1.355132,-12.0,10.0,-0.816112,0.0,0.0,384.65,0.09
-1.355132,-12.0,10.0,-0.816112,0.0,0.0,384.667,0.09
-1.843537,-12.0,10.0,-0.820614,0.0,0.0,384.684,0.09
-1.843537,-12.0,10.0,-0.820614,0.0,0.0,384.701,0.09
-1.843537,-12.0,10.0,-0.820614,0.0,0.0,384.717,0.09
-1.843537,-12.0,10.0,-0.820614,0.0,0.0,384.734,0.09
-1.843537,-12.0,10.0,-0.820614,0.0,0.0,384.75,0.09
-1.843537,-12.0,10.0,-0.820614,0.0,0.0,384.767,0.09
-2.331209,-12.0,10.0,-0.815052,0.0,0.0,384.784,0.091
-2.331209,-12.0,10.0,-0.815052,0.0,0.0,384.801,0.091
-2.331209,-12.0,10.0,-0.815052,0.0,0.0,384.817,0.091
-2.331209,-12.0,10.0,-0.815052,0.0,0.0,384.834,0.091
-2.331209,-12.0,10.0,-0.815052,0.0,0.0,384.85,0.091
-2.820116,-12.0,10.0,-0.816484,0.0,0.0,384.867,0.073
-2.820116,-12.0,10.0,-0.816484,0.0,0.0,384.884,0.073
-2.820116,-12.0,10.0,-0.816484,0.0,0.0,384.901,0.073
-2.820116,-12.0,10.0,-0.816484,0.0,0.0,384.917,0.073
-2.820116,-12.0,10.0,-0.816484,0.0,0.0,384.934,0.073
-2.820116,-12.0,10.0,-0.816484,0.0,0.0,384.95,0.073
-2.820116,-12.0,10.0,-0.816484,0.0,0.0,384.967,0.073
-3.307903,-12.0,10.0,-0.80224,0.0,0.0,384.984,0.09
-3.307903,-12.0,10.0,-0.80224,0.0,0.0,385.001,0.09
-3.307903,-12.0,10.0,-0.80224,0.0,0.0,385.017,0.09
-3.307903,-12.0,10.0,-0.80224,0.0,0.0,385.034,0.09
-3.307903,-12.0,10.0,-0.80224,0.0,0.0,385.05,0.09
-3.307903,-12.0,10.0,-0.80224,0.0,0.0,385.068,0.09
-3.307903,-12.0,10.0,-0.80224,0.0,0.0,385.084,0.09
-3.79669,-12.0,10.0,-0.817068,0.0,0.0,385.101,0.106
-3.79669,-12.0,10.0,-0.817068,0.0,0.0,385.117,0.106
-3.79669,-12.0,10.0,-0.817068,0.0,0.0,385.134,0.106
-3.79669,-12.0,10.0,-0.817068,0.0,0.0,385.15,0.106
-4.285171,-12.0,10.0,-0.817804,0.0,0.0,385.167,0.073
-4.285171,-12.0,10.0,-0.817804,0.0,0.0,385.184,0.073
-4.285171,-12.0,10.0,-0.817804,0.0,0.0,385.201,0.073
-4.285171,-12.0,10.0,-0.817804,0.0,0.0,385.217,0.073
-4.285171,-12.0,10.0,-0.817804,0.0,0.0,385.234,0.073
-4.285171,-12.0,10.0,-0.817804,0.0,0.0,385.25,0.073
-4.285171,-12.0,10.0,-0.817804,0.0,0.0,385.267,0.073
-4.772889,-12.0,10.0,-0.814103,0.0,0.0,385.284,0.089
-4.772889,-12.0,10.0,-0.814103,0.0,0.0,385.301,0.089
-4.772889,-12.0,10.0,-0.814103,0.0,0.0,385.317,0.089
-4.772889,-12.0,10.0,-0.814103,0.0,0.0,385.334,0.089
-4.772889,-12.0,10.0,-0.814103,0.0,0.0,385.35,0.089
-4.772889,-12.0,10.0,-0.814103,0.0,0.0,385.367,0.089
-4.772889,-12.0,10.0,-0.814103,0.0,0.0,385.384,0.089
-5.261243,-12.0,10.0,-0.8129,0.0,0.0,385.401,0.107
-5.261243,-12.0,10.0,-0.8129,0.0,0.0,385.417,0.107
-5.261243,-12.0,10.0,-0.8129,0.0,0.0,385.434,0.107
-5.261243,-12.0,10.0,-0.8129,0.0,0.0,385.45,0.107
-5.261243,-12.0,10.0,-0.8129,0.0,0.0,385.467,0.107
-4.832823,-12.0,10.0,0.736652,0.0,0.0,385.484,0.089
-4.832823,-12.0,10.0,0.736652,0.0,0.0,385.501,0.089
-4.832823,-12.0,10.0,0.736652,0.0,0.0,385.517,0.089
-4.832823,-12.0,10.0,0.736652,0.0,0.0,385.534,0.089
-4.832823,-12.0,10.0,0.736652,0.0,0.0,385.551,0.089
-4.832823,-12.0,10.0,0.736652,0.0,0.0,385.567,0.089
-4.336894,-12.0,10.0,0.813515,0.0,0.0,385.584,0.09
-4.336894,-12.0,10.0,0.813515,0.0,0.0,385.601,0.09
-4.336894,-12.0,10.0,0.813515,0.0,0.0,385.617,0.09
-4.336894,-12.0,10.0,0.813515,0.0,0.0,385.634,0.09
-4.336894,-12.0,10.0,0.813515,0.0,0.0,385.65,0.09
-4.336894,-12.0,10.0,0.813515,0.0,0.0,385.667,0.09
-3.848048,-12.0,10.0,0.8141,0.0,0.0,385.684,0.089
-3.848048,-12.0,10.0,0.8141,0.0,0.0,385.701,0.089
-3.848048,-12.0,10.0,0.8141,0.0,0.0,385.717,0.089
-3.848048,-12.0,10.0,0.8141,0.0,0.0,385.734,0.089
-3.848048,-12.0,10.0,0.8141,0.0,0.0,385.751,0.089
-3.848048,-12.0,10.0,0.8141,0.0,0.0,385.767,0.089
-3.359584,-12.0,10.0,0.819908,0.0,0.0,385.784,0.089
-3.359584,-12.0,10.0,0.819908,0.0,0.0,385.801,0.089
-3.359584,-12.0,10.0,0.819908,0.0,0.0,385.817,0.089
-3.359584,-12.0,10.0,0.819908,0.0,0.0,385.834,0.089
-3.359584,-12.0,10.0,0.819908,0.0,0.0,385.851,0.089
-3.359584,-12.0,10.0,0.819908,0.0,0.0,385.867,0.089
-2.870805,-12.0,10.0,0.820494,0.0,0.0,385.884,0.089
-2.870805,-12.0,10.0,0.820494,0.0,0.0,385.901,0.089
-2.870805,-12.0,10.0,0.820494,0.0,0.0,385.917,0.089
-2.870805,-12.0,10.0,0.820494,0.0,0.0,385.934,0.089
-2.870805,-12.0,10.0,0.820494,0.0,0.0,385.95,0.089
-2.383337,-12.0,10.0,0.814183,0.0,0.0,385.968,0.073
-2.383337,-12.0,10.0,0.814183,0.0,0.0,385.984,0.073
-2.383337,-12.0,10.0,0.814183,0.0,0.0,386.001,0.073
-2.383337,-12.0,10.0,0.814183,0.0,0.0,386.017,0.073
-2.383337,-12.0,10.0,0.814183,0.0,0.0,386.034,0.073
-2.383337,-12.0,10.0,0.814183,0.0,0.0,386.051,0.073
-2.383337,-12.0,10.0,0.814183,0.0,0.0,386.067,0.073
-1.894958,-12.0,10.0,0.81442,0.0,0.0,386.084,0.09
-1.894958,-12.0,10.0,0.81442,0.0,0.0,386.101,0.09
-1.894958,-12.0,10.0,0.81442,0.0,0.0,386.117,0.09
-1.894958,-12.0,10.0,0.81442,0.0,0.0,386.134,0.09
-1.894958,-12.0,10.0,0.81442,0.0,0.0,386.151,0.09
-1.894958,-12.0,10.0,0.81442,0.0,0.0,386.167,0.09
-1.406594,-12.0,10.0,0.817064,0.0,0.0,386.184,0.089
-1.406594,-12.0,10.0,0.817064,0.0,0.0,386.201,0.089
-1.406594,-12.0,10.0,0.817064,0.0,0.0,386.217,0.089
-1.406594,-12.0,10.0,0.817064,0.0,0.0,386.234,0.089
-1.406594,-12.0,10.0,0.817064,0.0,0.0,386.251,0.089
-1.406594,-12.0,10.0,0.817064,0.0,0.0,386.267,0.089
-0.918789,-12.0,10.0,0.807608,0.0,0.0,386.284,0.09
-0.918789,-12.0,10.0,0.807608,0.0,0.0,386.301,0.09
-0.918789,-12.0,10.0,0.807608,0.0,0.0,386.317,0.09
-0.918789,-12.0,10.0,0.807608,0.0,0.0,386.334,0.09
-0.918789,-12.0,10.0,0.807608,0.0,0.0,386.35,0.09
-0.918789,-12.0,10.0,0.807608,0.0,0.0,386.367,0.09
-0.430426,-12.0,10.0,0.814501,0.0,0.0,386.384,0.089
-0.430426,-12.0,10.0,0.814501,0.0,0.0,386.401,0.089
-0.430426,-12.0,10.0,0.814501,0.0,0.0,386.417,0.089
-0.430426,-12.0,10.0,0.814501,0.0,0.0,386.434,0.089
-0.430426,-12.0,10.0,0.814501,0.0,0.0,386.45,0.089
0.058193,-12.0,10.0,0.814531,0.0,0.0,386.467,0.073
0.058193,-12.0,10.0,0.814531,0.0,0.0,386.484,0.073
0.058193,-12.0,10.0,0.814531,0.0,0.0,386.501,0.073
0.058193,-12.0,10.0,0.814531,0.0,0.0,386.517,0.073
0.058193,-12.0,10.0,0.814531,0.0,0.0,386.534,0.073
0.058193,-12.0,10.0,0.814531,0.0,0.0,386.551,0.073
0.058193,-12.0,10.0,0.814531,0.0,0.0,386.567,0.073
0.058193,-12.0,10.0,0.814531,0.0,0.0,386.584,0.073
0.546559,-12.0,10.0,0.816368,0.0,0.0,386.601,0.106
0.546559,-12.0,10.0,0.816368,0.0,0.0,386.617,0.106
0.546559,-12.0,10.0,0.816368,0.0,0.0,386.634,0.106
0.546559,-12.0,10.0,0.816368,0.0,0.0,386.651,0.106
0.546559,-12.0,10.0,0.816368,0.0,0.0,386.667,0.106
1.034189,-12.0,10.0,0.811534,0.0,0.0,386.684,0.09
1.034189,-12.0,10.0,0.811534,0.0,0.0,386.701,0.09
1.034189,-12.0,10.0,0.811534,0.0,0.0,386.717,0.09
1.034189,-12.0,10.0,0.811534,0.0,0.0,386.734,0.09
1.034189,-12.0,10.0,0.811534,0.0,0.0,386.751,0.09
1.522945,-12.0,10.0,0.816295,0.0,0.0,386.767,0.073
1.522945,-12.0,10.0,0.816295,0.0,0.0,386.784,0.073
1.522945,-12.0,10.0,0.816295,0.0,0.0,386.801,0.073
1.522945,-12.0,10.0,0.816295,0.0,0.0,386.817,0.073
1.522945,-12.0,10.0,0.816295,0.0,0.0,386.834,0.073
1.522945,-12.0,10.0,0.816295,0.0,0.0,386.851,0.073
1.522945,-12.0,10.0,0.816295,0.0,0.0,386.867,0.073
1.522945,-12.0,10.0,0.816295,0.0,0.0,386.884,0.073
2.010626,-12.0,10.0,0.816639,0.0,0.0,386.901,0.107
2.010626,-12.0,10.0,0.816639,0.0,0.0,386.917,0.107
2.010626,-12.0,10.0,0.816639,0.0,0.0,386.934,0.107
2.010626,-12.0,10.0,0.816639,0.0,0.0,386.951,0.107
2.010626,-12.0,10.0,0.816639,0.0,0.0,386.968,0.107
2.499511,-12.0,10.0,0.81705,0.0,0.0,386.984,0.09
2.499511,-12.0,10.0,0.81705,0.0,0.0,387.001,0.09
2.499511,-12.0,10.0,0.81705,0.0,0.0,387.017,0.09
2.499511,-12.0,10.0,0.81705,0.0,0.0,387.034,0.09
2.499511,-12.0,10.0,0.81705,0.0,0.0,387.051,0.09
2.499511,-12.0,10.0,0.81705,0.0,0.0,387.067,0.09
2.987823,-12.0,10.0,0.810293,0.0,0.0,387.084,0.09
2.987823,-12.0,10.0,0.810293,0.0,0.0,387.101,0.09
2.987823,-12.0,10.0,0.810293,0.0,0.0,387.117,0.09
2.987823,-12.0,10.0,0.810293,0.0,0.0,387.134,0.09
2.987823,-12.0,10.0,0.810293,0.0,0.0,387.151,0.09
2.987823,-12.0,10.0,0.810293,0.0,0.0,387.167,0.09
3.476711,-12.0,10.0,0.81898,0.0,0.0,387.184,0.09
3.476711,-12.0,10.0,0.81898,0.0,0.0,387.201,0.09
3.476711,-12.0,10.0,0.81898,0.0,0.0,387.218,0.09
3.476711,-12.0,10.0,0.81898,0.0,0.0,387.234,0.09
3.476711,-12.0,10.0,0.81898,0.0,0.0,387.251,0.09
3.476711,-12.0,10.0,0.81898,0.0,0.0,387.267,0.09
3.964172,-12.0,10.0,0.812422,0.0,0.0,387.284,0.09
3.964172,-12.0,10.0,0.812422,0.0,0.0,387.301,0.09
3.964172,-12.0,10.0,0.812422,0.0,0.0,387.317,0.09
3.964172,-12.0,10.0,0.812422,0.0,0.0,387.334,0.09
3.964172,-12.0,10.0,0.812422,0.0,0.0,387.351,0.09
3.964172,-12.0,10.0,0.812422,0.0,0.0,387.368,0.09
4.452487,-12.0,10.0,0.812627,0.0,0.0,387.384,0.09
4.452487,-12.0,10.0,0.812627,0.0,0.0,387.401,0.09
4.452487,-12.0,10.0,0.812627,0.0,0.0,387.417,0.09
4.452487,-12.0,10.0,0.812627,0.0,0.0,387.434,0.09
4.452487,-12.0,10.0,0.812627,0.0,0.0,387.451,0.09
4.452487,-12.0,10.0,0.812627,0.0,0.0,387.468,0.09
4.941131,-12.0,10.0,0.813827,0.0,0.0,387.484,0.09
4.941131,-12.0,10.0,0.813827,0.0,0.0,387.501,0.09
4.941131,-12.0,10.0,0.813827,0.0,0.0,387.517,0.09
4.941131,-12.0,10.0,0.813827,0.0,0.0,387.534,0.09
4.941131,-12.0,10.0,0.813827,0.0,0.0,387.551,0.09
5.429221,-12.0,10.0,0.812348,0.0,0.0,387.567,0.073
5.429221,-12.0,10.0,0.812348,0.0,0.0,387.584,0.073
5.429221,-12.0,10.0,0.812348,0.0,0.0,387.601,0.073
5.429221,-12.0,10.0,0.812348,0.0,0.0,387.617,0.073
5.429221,-12.0,10.0,0.812348,0.0,0.0,387.634,0.073
5.429221,-12.0,10.0,0.812348,0.0,0.0,387.651,0.073
5.429221,-12.0,10.0,0.812348,0.0,0.0,387.668,0.073
5.429221,-12.0,10.0,0.812348,0.0,0.0,387.684,0.073
5.916973,-12.0,10.0,0.809169,0.0,0.0,387.701,0.106
5.916973,-12.0,10.0,0.809169,0.0,0.0,387.717,0.106
5.916973,-12.0,10.0,0.809169,0.0,0.0,387.734,0.106
5.916973,-12.0,10.0,0.809169,0.0,0.0,387.751,0.106
6.406366,-12.0,10.0,0.820046,0.0,0.0,387.767,0.073
6.406366,-12.0,10.0,0.820046,0.0,0.0,387.784,0.073
6.406366,-12.0,10.0,0.820046,0.0,0.0,387.801,0.073
6.406366,-12.0,10.0,0.820046,0.0,0.0,387.817,0.073
6.406366,-12.0,10.0,0.820046,0.0,0.0,387.834,0.073
6.406366,-12.0,10.0,0.820046,0.0,0.0,387.851,0.073
6.406366,-12.0,10.0,0.820046,0.0,0.0,387.868,0.073
6.894246,-12.0,10.0,0.818174,0.0,0.0,387.884,0.09
6.894246,-12.0,10.0,0.818174,0.0,0.0,387.901,0.09
6.894246,-12.0,10.0,0.818174,0.0,0.0,387.917,0.09
6.894246,-12.0,10.0,0.818174,0.0,0.0,387.934,0.09
6.894246,-12.0,10.0,0.818174,0.0,0.0,387.951,0.09
6.894246,-12.0,10.0,0.818174,0.0,0.0,387.968,0.09
7.382135,-12.0,10.0,0.817439,0.0,0.0,387.984,0.09
7.382135,-12.0,10.0,0.817439,0.0,0.0,388.001,0.09
7.382135,-12.0,10.0,0.817439,0.0,0.0,388.017,0.09
7.382135,-12.0,10.0,0.817439,0.0,0.0,388.034,0.09
7.382135,-12.0,10.0,0.817439,0.0,0.0,388.051,0.09
7.382135,-12.0,10.0,0.817439,0.0,0.0,388.067,0.09
7.870258,-12.0,10.0,0.807958,0.0,0.0,388.084,0.09
7.870258,-12.0,10.0,0.807958,0.0,0.0,388.101,0.09
7.870258,-12.0,10.0,0.807958,0.0,0.0,388.117,0.09
7.870258,-12.0,10.0,0.807958,0.0,0.0,388.134,0.09
7.870258,-12.0,10.0,0.807958,0.0,0.0,388.151,0.09
7.870258,-12.0,10.0,0.807958,0.0,0.0,388.167,0.09
8.358455,-12.0,10.0,0.816054,0.0,0.0,388.184,0.09
8.358455,-12.0,10.0,0.816054,0.0,0.0,388.201,0.09
8.358455,-12.0,10.0,0.816054,0.0,0.0,388.217,0.09
8.358455,-12.0,10.0,0.816054,0.0,0.0,388.234,0.09
8.358455,-12.0,10.0,0.816054,0.0,0.0,388.251,0.09
8.358455,-12.0,10.0,0.816054,0.0,0.0,388.268,0.09
8.846251,-12.0,10.0,0.814664,0.0,0.0,388.284,0.09
8.846251,-12.0,10.0,0.814664,0.0,0.0,388.301,0.09
8.846251,-12.0,10.0,0.814664,0.0,0.0,388.318,0.09
8.846251,-12.0,10.0,0.814664,0.0,0.0,388.334,0.09
8.846251,-12.0,10.0,0.814664,0.0,0.0,388.351,0.09
8.846251,-12.0,10.0,0.814664,0.0,0.0,388.367,0.09
8.846251,-12.0,10.0,0.814664,0.0,0.0,388.384,0.09
9.334551,-12.0,10.0,0.814319,0.0,0.0,388.401,0.106
9.334551,-12.0,10.0,0.814319,0.0,0.0,388.417,0.106
9.334551,-12.0,10.0,0.814319,0.0,0.0,388.434,0.106
9.334551,-12.0,10.0,0.814319,0.0,0.0,388.451,0.106
9.334551,-12.0,10.0,0.814319,0.0,0.0,388.467,0.106
9.334551,-12.0,10.0,0.814319,0.0,0.0,388.484,0.106
9.822902,-12.0,10.0,0.813119,0.0,0.0,388.501,0.106
9.822902,-12.0,10.0,0.813119,0.0,0.0,388.517,0.106
9.822902,-12.0,10.0,0.813119,0.0,0.0,388.534,0.106
9.822902,-12.0,10.0,0.813119,0.0,0.0,388.551,0.106
10.09356,-12.0,10.0,-0.14646,0.0,0.0,388.568,0.073
10.09356,-12.0,10.0,-0.14646,0.0,0.0,388.584,0.073
10.09356,-12.0,10.0,-0.14646,0.0,0.0,388.601,0.073
10.09356,-12.0,10.0,-0.14646,0.0,0.0,388.617,0.073
10.09356,-12.0,10.0,-0.14646,0.0,0.0,388.634,0.073
10.09356,-12.0,10.0,-0.14646,0.0,0.0,388.65,0.073
10.09356,-12.0,10.0,-0.14646,0.0,0.0,388.668,0.073
9.678062,-12.0,10.0,-0.808142,0.0,0.0,388.684,0.089
9.678062,-12.0,10.0,-0.808142,0.0,0.0,388.701,0.089
9.678062,-12.0,10.0,-0.808142,0.0,0.0,388.717,0.089
9.678062,-12.0,10.0,-0.808142,0.0,0.0,388.734,0.089
9.678062,-12.0,10.0,-0.808142,0.0,0.0,388.75,0.089
9.678062,-12.0,10.0,-0.808142,0.0,0.0,388.767,0.089
9.189488,-12.0,10.0,-0.790495,0.0,0.0,388.784,0.089
9.189488,-12.0,10.0,-0.790495,0.0,0.0,388.801,0.089
9.189488,-12.0,10.0,-0.790495,0.0,0.0,388.817,0.089
9.189488,-12.0,10.0,-0.790495,0.0,0.0,388.834,0.089
9.189488,-12.0,10.0,-0.790495,0.0,0.0,388.851,0.089
9.189488,-12.0,10.0,-0.790495,0.0,0.0,388.867,0.089
8.699367,-12.0,10.0,-0.808661,0.0,0.0,388.884,0.09
8.699367,-12.0,10.0,-0.808661,0.0,0.0,388.901,0.09
8.699367,-12.0,10.0,-0.808661,0.0,0.0,388.918,0.09
8.699367,-12.0,10.0,-0.808661,0.0,0.0,388.934,0.09
8.699367,-12.0,10.0,-0.808661,0.0,0.0,388.951,0.09
8.699367,-12.0,10.0,-0.808661,0.0,0.0,388.968,0.09
8.212767,-12.0,10.0,-0.81325,0.0,0.0,388.984,0.09
8.212767,-12.0,10.0,-0.81325,0.0,0.0,389.001,0.09
8.212767,-12.0,10.0,-0.81325,0.0,0.0,389.018,0.09
8.212767,-12.0,10.0,-0.81325,0.0,0.0,389.034,0.09
8.212767,-12.0,10.0,-0.81325,0.0,0.0,389.051,0.09
7.724671,-12.0,10.0,-0.808673,0.0,0.0,389.067,0.073
7.724671,-12.0,10.0,-0.808673,0.0,0.0,389.084,0.073
7.724671,-12.0,10.0,-0.808673,0.0,0.0,389.101,0.073
7.724671,-12.0,10.0,-0.808673,0.0,0.0,389.117,0.073
7.724671,-12.0,10.0,-0.808673,0.0,0.0,389.136,0.073
7.724671,-12.0,10.0,-0.808673,0.0,0.0,389.153,0.073
7.724671,-12.0,10.0,-0.808673,0.0,0.0,389.168,0.073
7.724671,-12.0,10.0,-0.808673,0.0,0.0,389.184,0.073
7.236354,-12.0,10.0,-0.815912,0.0,0.0,389.201,0.106
7.236354,-12.0,10.0,-0.815912,0.0,0.0,389.218,0.106
7.236354,-12.0,10.0,-0.815912,0.0,0.0,389.234,0.106
7.236354,-12.0,10.0,-0.815912,0.0,0.0,389.251,0.106
7.236354,-12.0,10.0,-0.815912,0.0,0.0,389.268,0.106
6.748228,-12.0,10.0,-0.812245,0.0,0.0,389.284,0.09
6.748228,-12.0,10.0,-0.812245,0.0,0.0,389.301,0.09
6.748228,-12.0,10.0,-0.812245,0.0,0.0,389.318,0.09
6.748228,-12.0,10.0,-0.812245,0.0,0.0,389.334,0.09
6.748228,-12.0,10.0,-0.812245,0.0,0.0,389.351,0.09
0.0,-12.0,10.0,0.0,-749.246,624.3716,567.411,0.0
0.0,-12.0,10.0,0.0,-749.246,624.3716,567.427,0.0
0.0,-12.0,10.0,0.0,-749.246,624.3716,567.444,0.0
0.0,-12.0,10.0,0.0,-749.246,624.3716,567.461,0.0
0.370386,-12.0,10.0,0.684395,0.0,0.0,567.478,0.085
0.370386,-12.0,10.0,0.684395,0.0,0.0,567.494,0.085
0.370386,-12.0,10.0,0.684395,0.0,0.0,567.511,0.085
0.370386,-12.0,10.0,0.684395,0.0,0.0,567.527,0.085
0.370386,-12.0,10.0,0.684395,0.0,0.0,567.544,0.085
0.370386,-12.0,10.0,0.684395,0.0,0.0,567.561,0.085
0.370386,-12.0,10.0,0.684395,0.0,0.0,567.577,0.085
0.858868,-12.0,10.0,0.819206,0.0,0.0,567.595,0.102
0.858868,-12.0,10.0,0.819206,0.0,0.0,567.611,0.102
0.858868,-12.0,10.0,0.819206,0.0,0.0,567.627,0.102
0.858868,-12.0,10.0,0.819206,0.0,0.0,567.644,0.102
0.858868,-12.0,10.0,0.819206,0.0,0.0,567.661,0.102
1.349611,-12.0,10.0,0.840365,0.0,0.0,567.677,0.085
1.349611,-12.0,10.0,0.840365,0.0,0.0,567.694,0.085
1.349611,-12.0,10.0,0.840365,0.0,0.0,567.711,0.085
1.349611,-12.0,10.0,0.840365,0.0,0.0,567.727,0.085
1.349611,-12.0,10.0,0.840365,0.0,0.0,567.744,0.085
1.835336,-12.0,10.0,0.824266,0.0,0.0,567.761,0.069
1.835336,-12.0,10.0,0.824266,0.0,0.0,567.778,0.069
1.835336,-12.0,10.0,0.824266,0.0,0.0,567.795,0.069
1.835336,-12.0,10.0,0.824266,0.0,0.0,567.811,0.069
1.835336,-12.0,10.0,0.824266,0.0,0.0,567.827,0.069
1.835336,-12.0,10.0,0.824266,0.0,0.0,567.845,0.069
1.835336,-12.0,10.0,0.824266,0.0,0.0,567.861,0.069
2.323781,-12.0,10.0,0.816587,0.0,0.0,567.878,0.085
2.323781,-12.0,10.0,0.816587,0.0,0.0,567.894,0.085
2.323781,-12.0,10.0,0.816587,0.0,0.0,567.911,0.085
2.323781,-12.0,10.0,0.816587,0.0,0.0,567.927,0.085
2.323781,-12.0,10.0,0.816587,0.0,0.0,567.944,0.085
2.323781,-12.0,10.0,0.816587,0.0,0.0,567.961,0.085
2.323781,-12.0,10.0,0.816587,0.0,0.0,567.978,0.085
2.812429,-12.0,10.0,0.815616,0.0,0.0,567.995,0.102
2.812429,-12.0,10.0,0.815616,0.0,0.0,568.011,0.102
2.812429,-12.0,10.0,0.815616,0.0,0.0,568.028,0.102
2.812429,-12.0,10.0,0.815616,0.0,0.0,568.044,0.102
3.303593,-12.0,10.0,0.846855,0.0,0.0,568.061,0.069
3.303593,-12.0,10.0,0.846855,0.0,0.0,568.078,0.069
3.303593,-12.0,10.0,0.846855,0.0,0.0,568.094,0.069
3.303593,-12.0,10.0,0.846855,0.0,0.0,568.111,0.069
3.303593,-12.0,10.0,0.846855,0.0,0.0,568.127,0.069
3.303593,-12.0,10.0,0.846855,0.0,0.0,568.144,0.069
3.303593,-12.0,10.0,0.846855,0.0,0.0,568.161,0.069
3.788574,-12.0,10.0,0.823216,0.0,0.0,568.178,0.085
3.788574,-12.0,10.0,0.823216,0.0,0.0,568.194,0.085
3.788574,-12.0,10.0,0.823216,0.0,0.0,568.211,0.085
3.788574,-12.0,10.0,0.823216,0.0,0.0,568.228,0.085
3.788574,-12.0,10.0,0.823216,0.0,0.0,568.244,0.085
4.276692,-12.0,10.0,0.817091,0.0,0.0,568.261,0.068
4.276692,-12.0,10.0,0.817091,0.0,0.0,568.278,0.068
4.276692,-12.0,10.0,0.817091,0.0,0.0,568.294,0.068
4.276692,-12.0,10.0,0.817091,0.0,0.0,568.311,0.068
4.276692,-12.0,10.0,0.817091,0.0,0.0,568.327,0.068
4.276692,-12.0,10.0,0.817091,0.0,0.0,568.344,0.068
4.276692,-12.0,10.0,0.817091,0.0,0.0,568.361,0.068
4.276692,-12.0,10.0,0.817091,0.0,0.0,568.378,0.068
4.764873,-12.0,10.0,0.815839,0.0,0.0,568.394,0.102
4.764873,-12.0,10.0,0.815839,0.0,0.0,568.411,0.102
4.764873,-12.0,10.0,0.815839,0.0,0.0,568.427,0.102
4.764873,-12.0,10.0,0.815839,0.0,0.0,568.444,0.102
5.252568,-12.0,10.0,0.806446,0.0,0.0,568.461,0.068
5.252568,-12.0,10.0,0.806446,0.0,0.0,568.478,0.068
5.252568,-12.0,10.0,0.806446,0.0,0.0,568.495,0.068
5.252568,-12.0,10.0,0.806446,0.0,0.0,568.511,0.068
5.252568,-12.0,10.0,0.806446,0.0,0.0,568.528,0.068
5.252568,-12.0,10.0,0.806446,0.0,0.0,568.544,0.068
5.252568,-12.0,10.0,0.806446,0.0,0.0,568.561,0.068
5.741514,-12.0,10.0,0.814345,0.0,0.0,568.578,0.085
5.741514,-12.0,10.0,0.814345,0.0,0.0,568.594,0.085
5.741514,-12.0,10.0,0.814345,0.0,0.0,568.611,0.085
5.741514,-12.0,10.0,0.814345,0.0,0.0,568.627,0.085
5.741514,-12.0,10.0,0.814345,0.0,0.0,568.644,0.085
5.741514,-12.0,10.0,0.814345,0.0,0.0,568.661,0.085
6.229694,-12.0,10.0,0.818506,0.0,0.0,568.678,0.085
6.229694,-12.0,10.0,0.818506,0.0,0.0,568.694,0.085
6.229694,-12.0,10.0,0.818506,0.0,0.0,568.711,0.085
6.229694,-12.0,10.0,0.818506,0.0,0.0,568.727,0.085
6.229694,-12.0,10.0,0.818506,0.0,0.0,568.744,0.085
6.229694,-12.0,10.0,0.818506,0.0,0.0,568.761,0.085
6.717802,-12.0,10.0,0.817798,0.0,0.0,568.778,0.085
6.717802,-12.0,10.0,0.817798,0.0,0.0,568.794,0.085
6.717802,-12.0,10.0,0.817798,0.0,0.0,568.811,0.085
6.717802,-12.0,10.0,0.817798,0.0,0.0,568.828,0.085
6.717802,-12.0,10.0,0.817798,0.0,0.0,568.844,0.085
6.717802,-12.0,10.0,0.817798,0.0,0.0,568.861,0.085
7.205624,-12.0,10.0,0.812723,0.0,0.0,568.878,0.085
7.205624,-12.0,10.0,0.812723,0.0,0.0,568.894,0.085
7.205624,-12.0,10.0,0.812723,0.0,0.0,568.911,0.085
7.205624,-12.0,10.0,0.812723,0.0,0.0,568.927,0.085
7.205624,-12.0,10.0,0.812723,0.0,0.0,568.944,0.085
7.694233,-12.0,10.0,0.814557,0.0,0.0,568.961,0.068
7.694233,-12.0,10.0,0.814557,0.0,0.0,568.978,0.068
7.694233,-12.0,10.0,0.814557,0.0,0.0,568.994,0.068
7.694233,-12.0,10.0,0.814557,0.0,0.0,569.011,0.068
7.694233,-12.0,10.0,0.814557,0.0,0.0,569.028,0.068
7.694233,-12.0,10.0,0.814557,0.0,0.0,569.044,0.068
7.694233,-12.0,10.0,0.814557,0.0,0.0,569.061,0.068
7.694233,-12.0,10.0,0.814557,0.0,0.0,569.078,0.068
8.182093,-12.0,10.0,0.796258,0.0,0.0,569.094,0.102
8.182093,-12.0,10.0,0.796258,0.0,0.0,569.111,0.102
8.182093,-12.0,10.0,0.796258,0.0,0.0,569.127,0.102
8.182093,-12.0,10.0,0.796258,0.0,0.0,569.144,0.102
8.670376,-12.0,10.0,0.814376,0.0,0.0,569.161,0.068
8.670376,-12.0,10.0,0.814376,0.0,0.0,569.178,0.068
8.670376,-12.0,10.0,0.814376,0.0,0.0,569.194,0.068
8.670376,-12.0,10.0,0.814376,0.0,0.0,569.211,0.068
8.670376,-12.0,10.0,0.814376,0.0,0.0,569.227,0.068
8.670376,-12.0,10.0,0.814376,0.0,0.0,569.244,0.068
8.670376,-12.0,10.0,0.814376,0.0,0.0,569.261,0.068
9.158964,-12.0,10.0,0.815488,0.0,0.0,569.278,0.085
9.158964,-12.0,10.0,0.815488,0.0,0.0,569.294,0.085
9.158964,-12.0,10.0,0.815488,0.0,0.0,569.311,0.085
9.158964,-12.0,10.0,0.815488,0.0,0.0,569.327,0.085
9.158964,-12.0,10.0,0.815488,0.0,0.0,569.344,0.085
9.158964,-12.0,10.0,0.815488,0.0,0.0,569.361,0.085
9.646873,-12.0,10.0,0.811802,0.0,0.0,569.378,0.085
9.646873,-12.0,10.0,0.811802,0.0,0.0,569.394,0.085
9.646873,-12.0,10.0,0.811802,0.0,0.0,569.411,0.085
9.646873,-12.0,10.0,0.811802,0.0,0.0,569.427,0.085
9.646873,-12.0,10.0,0.811802,0.0,0.0,569.444,0.085
9.646873,-12.0,10.0,0.811802,0.0,0.0,569.461,0.085
9.646873,-12.0,10.0,0.811802,0.0,0.0,569.478,0.085
10.13506,-12.0,10.0,0.809128,0.0,0.0,569.494,0.102
10.13506,-12.0,10.0,0.809128,0.0,0.0,569.511,0.102
10.13506,-12.0,10.0,0.809128,0.0,0.0,569.527,0.102
10.13506,-12.0,10.0,0.809128,0.0,0.0,569.544,0.102
9.854619,-12.0,10.0,-0.779188,0.0,0.0,569.561,0.069
9.854619,-12.0,10.0,-0.779188,0.0,0.0,569.578,0.069
9.854619,-12.0,10.0,-0.779188,0.0,0.0,569.598,0.069
9.854619,-12.0,10.0,-0.779188,0.0,0.0,569.611,0.069
9.854619,-12.0,10.0,-0.779188,0.0,0.0,569.627,0.069
9.854619,-12.0,10.0,-0.779188,0.0,0.0,569.644,0.069
9.854619,-12.0,10.0,-0.779188,0.0,0.0,569.661,0.069
9.345198,-12.0,10.0,-0.976632,0.0,0.0,569.678,0.081
9.345198,-12.0,10.0,-0.976632,0.0,0.0,569.694,0.081
9.345198,-12.0,10.0,-0.976632,0.0,0.0,569.711,0.081
9.345198,-12.0,10.0,-0.976632,0.0,0.0,569.727,0.081
9.345198,-12.0,10.0,-0.976632,0.0,0.0,569.744,0.081
9.345198,-12.0,10.0,-0.976632,0.0,0.0,569.761,0.081
8.877306,-12.0,10.0,-0.847829,0.0,0.0,569.778,0.085
8.877306,-12.0,10.0,-0.847829,0.0,0.0,569.794,0.085
8.877306,-12.0,10.0,-0.847829,0.0,0.0,569.811,0.085
8.877306,-12.0,10.0,-0.847829,0.0,0.0,569.828,0.085
8.877306,-12.0,10.0,-0.847829,0.0,0.0,569.844,0.085
8.877306,-12.0,10.0,-0.847829,0.0,0.0,569.861,0.085
8.388914,-12.0,10.0,-0.810066,0.0,0.0,569.878,0.085
8.388914,-12.0,10.0,-0.810066,0.0,0.0,569.894,0.085
8.388914,-12.0,10.0,-0.810066,0.0,0.0,569.911,0.085
8.388914,-12.0,10.0,-0.810066,0.0,0.0,569.927,0.085
8.388914,-12.0,10.0,-0.810066,0.0,0.0,569.944,0.085
8.388914,-12.0,10.0,-0.810066,0.0,0.0,569.961,0.085
7.899686,-12.0,10.0,-0.823761,0.0,0.0,569.978,0.085
7.899686,-12.0,10.0,-0.823761,0.0,0.0,569.994,0.085
7.899686,-12.0,10.0,-0.823761,0.0,0.0,570.011,0.085
7.899686,-12.0,10.0,-0.823761,0.0,0.0,570.028,0.085
7.899686,-12.0,10.0,-0.823761,0.0,0.0,570.044,0.085
7.899686,-12.0,10.0,-0.823761,0.0,0.0,570.061,0.085
7.412035,-12.0,10.0,-0.817095,0.0,0.0,570.078,0.085
7.412035,-12.0,10.0,-0.817095,0.0,0.0,570.094,0.085
7.412035,-12.0,10.0,-0.817095,0.0,0.0,570.111,0.085
7.412035,-12.0,10.0,-0.817095,0.0,0.0,570.127,0.085
7.412035,-12.0,10.0,-0.817095,0.0,0.0,570.144,0.085
6.923717,-12.0,10.0,-0.813703,0.0,0.0,570.161,0.068
6.923717,-12.0,10.0,-0.813703,0.0,0.0,570.178,0.068
6.923717,-12.0,10.0,-0.813703,0.0,0.0,570.194,0.068
6.923717,-12.0,10.0,-0.813703,0.0,0.0,570.211,0.068
6.923717,-12.0,10.0,-0.813703,0.0,0.0,570.228,0.068
6.923717,-12.0,10.0,-0.813703,0.0,0.0,570.244,0.068
6.923717,-12.0,10.0,-0.813703,0.0,0.0,570.261,0.068
6.436106,-12.0,10.0,-0.81264,0.0,0.0,570.278,0.085
6.436106,-12.0,10.0,-0.81264,0.0,0.0,570.294,0.085
6.436106,-12.0,10.0,-0.81264,0.0,0.0,570.311,0.085
6.436106,-12.0,10.0,-0.81264,0.0,0.0,570.328,0.085
6.436106,-12.0,10.0,-0.81264,0.0,0.0,570.344,0.085
5.947264,-12.0,10.0,-0.813174,0.0,0.0,570.361,0.068
5.947264,-12.0,10.0,-0.813174,0.0,0.0,570.378,0.068
5.947264,-12.0,10.0,-0.813174,0.0,0.0,570.394,0.068
5.947264,-12.0,10.0,-0.813174,0.0,0.0,570.411,0.068
5.947264,-12.0,10.0,-0.813174,0.0,0.0,570.428,0.068
5.947264,-12.0,10.0,-0.813174,0.0,0.0,570.445,0.068
5.947264,-12.0,10.0,-0.813174,0.0,0.0,570.461,0.068
5.459131,-12.0,10.0,-0.816969,0.0,0.0,570.478,0.085
5.459131,-12.0,10.0,-0.816969,0.0,0.0,570.494,0.085
5.459131,-12.0,10.0,-0.816969,0.0,0.0,570.511,0.085
5.459131,-12.0,10.0,-0.816969,0.0,0.0,570.528,0.085
5.459131,-12.0,10.0,-0.816969,0.0,0.0,570.545,0.085
5.459131,-12.0,10.0,-0.816969,0.0,0.0,570.561,0.085
4.97065,-12.0,10.0,-0.813533,0.0,0.0,570.578,0.085
4.97065,-12.0,10.0,-0.813533,0.0,0.0,570.594,0.085
4.97065,-12.0,10.0,-0.813533,0.0,0.0,570.611,0.085
4.97065,-12.0,10.0,-0.813533,0.0,0.0,570.627,0.085
4.97065,-12.0,10.0,-0.813533,0.0,0.0,570.644,0.085
4.48212,-12.0,10.0,-0.817553,0.0,0.0,570.661,0.069
4.48212,-12.0,10.0,-0.817553,0.0,0.0,570.678,0.069
4.48212,-12.0,10.0,-0.817553,0.0,0.0,570.694,0.069
4.48212,-12.0,10.0,-0.817553,0.0,0.0,570.711,0.069
4.48212,-12.0,10.0,-0.817553,0.0,0.0,570.727,0.069
4.48212,-12.0,10.0,-0.817553,0.0,0.0,570.744,0.069
4.48212,-12.0,10.0,-0.817553,0.0,0.0,570.761,0.069
3.993668,-12.0,10.0,-0.821052,0.0,0.0,570.778,0.085
3.993668,-12.0,10.0,-0.821052,0.0,0.0,570.794,0.085
3.993668,-12.0,10.0,-0.821052,0.0,0.0,570.811,0.085
3.993668,-12.0,10.0,-0.821052,0.0,0.0,570.828,0.085
3.993668,-12.0,10.0,-0.821052,0.0,0.0,570.844,0.085
3.993668,-12.0,10.0,-0.821052,0.0,0.0,570.861,0.085
3.50577,-12.0,10.0,-0.821361,0.0,0.0,570.878,0.085
3.50577,-12.0,10.0,-0.821361,0.0,0.0,570.894,0.085
3.50577,-12.0,10.0,-0.821361,0.0,0.0,570.911,0.085
3.50577,-12.0,10.0,-0.821361,0.0,0.0,570.927,0.085
3.50577,-12.0,10.0,-0.821361,0.0,0.0,570.944,0.085
3.50577,-12.0,10.0,-0.821361,0.0,0.0,570.961,0.085
3.017629,-12.0,10.0,-0.814627,0.0,0.0,570.978,0.085
3.017629,-12.0,10.0,-0.814627,0.0,0.0,570.994,0.085
3.017629,-12.0,10.0,-0.814627,0.0,0.0,571.011,0.085
3.017629,-12.0,10.0,-0.814627,0.0,0.0,571.028,0.085
3.017629,-12.0,10.0,-0.814627,0.0,0.0,571.044,0.085
2.529469,-12.0,10.0,-0.810288,0.0,0.0,571.061,0.069
2.529469,-12.0,10.0,-0.810288,0.0,0.0,571.078,0.069
2.529469,-12.0,10.0,-0.810288,0.0,0.0,571.094,0.069
2.529469,-12.0,10.0,-0.810288,0.0,0.0,571.111,0.069
2.529469,-12.0,10.0,-0.810288,0.0,0.0,571.128,0.069
2.529469,-12.0,10.0,-0.810288,0.0,0.0,571.144,0.069
2.529469,-12.0,10.0,-0.810288,0.0,0.0,571.161,0.069
2.04039,-12.0,10.0,-0.814841,0.0,0.0,571.178,0.085
2.04039,-12.0,10.0,-0.814841,0.0,0.0,571.195,0.085
2.04039,-12.0,10.0,-0.814841,0.0,0.0,571.211,0.085
2.04039,-12.0,10.0,-0.814841,0.0,0.0,571.228,0.085
2.04039,-12.0,10.0,-0.814841,0.0,0.0,571.244,0.085
2.04039,-12.0,10.0,-0.814841,0.0,0.0,571.261,0.085
1.552533,-12.0,10.0,-0.818683,0.0,0.0,571.278,0.086
1.552533,-12.0,10.0,-0.818683,0.0,0.0,571.295,0.086
1.552533,-12.0,10.0,-0.818683,0.0,0.0,571.311,0.086
1.552533,-12.0,10.0,-0.818683,0.0,0.0,571.328,0.086
1.552533,-12.0,10.0,-0.818683,0.0,0.0,571.349,0.086
1.552533,-12.0,10.0,-0.818683,0.0,0.0,571.361,0.086
1.064139,-12.0,10.0,-0.78705,0.0,0.0,571.378,0.085
1.064139,-12.0,10.0,-0.78705,0.0,0.0,571.394,0.085
1.064139,-12.0,10.0,-0.78705,0.0,0.0,571.412,0.085
1.064139,-12.0,10.0,-0.78705,0.0,0.0,571.428,0.085
1.064139,-12.0,10.0,-0.78705,0.0,0.0,571.444,0.085
1.064139,-12.0,10.0,-0.78705,0.0,0.0,571.461,0.085
0.57628,-12.0,10.0,-0.814656,0.0,0.0,571.478,0.085
0.57628,-12.0,10.0,-0.814656,0.0,0.0,571.494,0.085
0.57628,-12.0,10.0,-0.814656,0.0,0.0,571.511,0.085
0.57628,-12.0,10.0,-0.814656,0.0,0.0,571.528,0.085
0.57628,-12.0,10.0,-0.814656,0.0,0.0,571.544,0.085
0.087692,-12.0,10.0,-0.815675,0.0,0.0,571.561,0.069
0.087692,-12.0,10.0,-0.815675,0.0,0.0,571.578,0.069
0.087692,-12.0,10.0,-0.815675,0.0,0.0,571.594,0.069
0.087692,-12.0,10.0,-0.815675,0.0,0.0,571.611,0.069
0.087692,-12.0,10.0,-0.815675,0.0,0.0,571.628,0.069
0.087692,-12.0,10.0,-0.815675,0.0,0.0,571.644,0.069
0.087692,-12.0,10.0,-0.815675,0.0,0.0,571.661,0.069
0.087692,-12.0,10.0,-0.815675,0.0,0.0,571.678,0.069
-0.400497,-12.0,10.0,-0.816416,0.0,0.0,571.694,0.102
-0.400497,-12.0,10.0,-0.816416,0.0,0.0,571.711,0.102
-0.400497,-12.0,10.0,-0.816416,0.0,0.0,571.728,0.102
-0.400497,-12.0,10.0,-0.816416,0.0,0.0,571.744,0.102
-0.400497,-12.0,10.0,-0.816416,0.0,0.0,571.761,0.102
-0.887968,-12.0,10.0,-0.809535,0.0,0.0,571.778,0.085
-0.887968,-12.0,10.0,-0.809535,0.0,0.0,571.794,0.085
-0.887968,-12.0,10.0,-0.809535,0.0,0.0,571.811,0.085
-0.887968,-12.0,10.0,-0.809535,0.0,0.0,571.828,0.085
-0.887968,-12.0,10.0,-0.809535,0.0,0.0,571.844,0.085
-0.887968,-12.0,10.0,-0.809535,0.0,0.0,571.861,0.085
-1.376662,-12.0,10.0,-0.811427,0.0,0.0,571.878,0.085
-1.376662,-12.0,10.0,-0.811427,0.0,0.0,571.894,0.085
-1.376662,-12.0,10.0,-0.811427,0.0,0.0,571.911,0.085
-1.376662,-12.0,10.0,-0.811427,0.0,0.0,571.928,0.085
-1.376662,-12.0,10.0,-0.811427,0.0,0.0,571.944,0.085
-1.376662,-12.0,10.0,-0.811427,0.0,0.0,571.961,0.085
-1.865225,-12.0,10.0,-0.815487,0.0,0.0,571.978,0.085
-1.865225,-12.0,10.0,-0.815487,0.0,0.0,571.994,0.085
-1.865225,-12.0,10.0,-0.815487,0.0,0.0,572.011,0.085
-1.865225,-12.0,10.0,-0.815487,0.0,0.0,572.028,0.085
-1.865225,-12.0,10.0,-0.815487,0.0,0.0,572.044,0.085
-1.865225,-12.0,10.0,-0.815487,0.0,0.0,572.061,0.085
-2.353246,-12.0,10.0,-0.808164,0.0,0.0,572.078,0.085
-2.353246,-12.0,10.0,-0.808164,0.0,0.0,572.094,0.085
-2.353246,-12.0,10.0,-0.808164,0.0,0.0,572.111,0.085
-2.353246,-12.0,10.0,-0.808164,0.0,0.0,572.128,0.085
-2.353246,-12.0,10.0,-0.808164,0.0,0.0,572.144,0.085
-2.353246,-12.0,10.0,-0.808164,0.0,0.0,572.161,0.085
-2.841634,-12.0,10.0,-0.816829,0.0,0.0,572.178,0.085
-2.841634,-12.0,10.0,-0.816829,0.0,0.0,572.194,0.085
-2.841634,-12.0,10.0,-0.816829,0.0,0.0,572.211,0.085
-2.841634,-12.0,10.0,-0.816829,0.0,0.0,572.228,0.085
-2.841634,-12.0,10.0,-0.816829,0.0,0.0,572.244,0.085
-2.841634,-12.0,10.0,-0.816829,0.0,0.0,572.261,0.085
-3.329663,-12.0,10.0,-0.816273,0.0,0.0,572.278,0.085
-3.329663,-12.0,10.0,-0.816273,0.0,0.0,572.294,0.085
-3.329663,-12.0,10.0,-0.816273,0.0,0.0,572.311,0.085
-3.329663,-12.0,10.0,-0.816273,0.0,0.0,572.328,0.085
-3.329663,-12.0,10.0,-0.816273,0.0,0.0,572.344,0.085
-3.817816,-12.0,10.0,-0.81456,0.0,0.0,572.361,0.069
-3.817816,-12.0,10.0,-0.81456,0.0,0.0,572.378,0.069
-3.817816,-12.0,10.0,-0.81456,0.0,0.0,572.394,0.069
-3.817816,-12.0,10.0,-0.81456,0.0,0.0,572.411,0.069
-3.817816,-12.0,10.0,-0.81456,0.0,0.0,572.428,0.069
-3.817816,-12.0,10.0,-0.81456,0.0,0.0,572.444,0.069
-3.817816,-12.0,10.0,-0.81456,0.0,0.0,572.461,0.069
-3.817816,-12.0,10.0,-0.81456,0.0,0.0,572.478,0.069
-4.30618,-12.0,10.0,-0.816345,0.0,0.0,572.495,0.102
-4.30618,-12.0,10.0,-0.816345,0.0,0.0,572.512,0.102
-4.30618,-12.0,10.0,-0.816345,0.0,0.0,572.528,0.102
-4.30618,-12.0,10.0,-0.816345,0.0,0.0,572.545,0.102
-4.30618,-12.0,10.0,-0.816345,0.0,0.0,572.561,0.102
-4.794173,-12.0,10.0,-0.818348,0.0,0.0,572.578,0.086
-4.794173,-12.0,10.0,-0.818348,0.0,0.0,572.595,0.086
-4.794173,-12.0,10.0,-0.818348,0.0,0.0,572.611,0.086
-4.794173,-12.0,10.0,-0.818348,0.0,0.0,572.628,0.086
-4.794173,-12.0,10.0,-0.818348,0.0,0.0,572.644,0.086
-4.794173,-12.0,10.0,-0.818348,0.0,0.0,572.661,0.086
-5.155744,-12.0,10.0,0.451213,0.0,0.0,572.678,0.085
-5.155744,-12.0,10.0,0.451213,0.0,0.0,572.694,0.085
-5.155744,-12.0,10.0,0.451213,0.0,0.0,572.711,0.085
-5.155744,-12.0,10.0,0.451213,0.0,0.0,572.728,0.085
-5.155744,-12.0,10.0,0.451213,0.0,0.0,572.744,0.085
-5.155744,-12.0,10.0,0.451213,0.0,0.0,572.761,0.085
-4.803188,-12.0,10.0,0.840026,0.0,0.0,572.778,0.085
-4.803188,-12.0,10.0,0.840026,0.0,0.0,572.794,0.085
-4.803188,-12.0,10.0,0.840026,0.0,0.0,572.811,0.085
-4.803188,-12.0,10.0,0.840026,0.0,0.0,572.828,0.085
-4.803188,-12.0,10.0,0.840026,0.0,0.0,572.844,0.085
-4.803188,-12.0,10.0,0.840026,0.0,0.0,572.861,0.085
-4.315039,-12.0,10.0,0.815798,0.0,0.0,572.878,0.085
-4.315039,-12.0,10.0,0.815798,0.0,0.0,572.894,0.085
-4.315039,-12.0,10.0,0.815798,0.0,0.0,572.911,0.085
-4.315039,-12.0,10.0,0.815798,0.0,0.0,572.928,0.085
-4.315039,-12.0,10.0,0.815798,0.0,0.0,572.945,0.085
-4.315039,-12.0,10.0,0.815798,0.0,0.0,572.961,0.085
-3.826975,-12.0,10.0,0.817385,0.0,0.0,572.978,0.085
-3.826975,-12.0,10.0,0.817385,0.0,0.0,572.994,0.085
-3.826975,-12.0,10.0,0.817385,0.0,0.0,573.011,0.085
-3.826975,-12.0,10.0,0.817385,0.0,0.0,573.028,0.085
-3.826975,-12.0,10.0,0.817385,0.0,0.0,573.044,0.085
-3.826975,-12.0,10.0,0.817385,0.0,0.0,573.061,0.085
-3.33856,-12.0,10.0,0.81099,0.0,0.0,573.078,0.085
-3.33856,-12.0,10.0,0.81099,0.0,0.0,573.095,0.085
-3.33856,-12.0,10.0,0.81099,0.0,0.0,573.111,0.085
-3.33856,-12.0,10.0,0.81099,0.0,0.0,573.128,0.085
-3.33856,-12.0,10.0,0.81099,0.0,0.0,573.145,0.085
-2.849119,-12.0,10.0,0.818911,0.0,0.0,573.161,0.069
-2.849119,-12.0,10.0,0.818911,0.0,0.0,573.178,0.069
-2.849119,-12.0,10.0,0.818911,0.0,0.0,573.194,0.069
-2.849119,-12.0,10.0,0.818911,0.0,0.0,573.211,0.069
-2.849119,-12.0,10.0,0.818911,0.0,0.0,573.228,0.069
-2.849119,-12.0,10.0,0.818911,0.0,0.0,573.245,0.069
-2.849119,-12.0,10.0,0.818911,0.0,0.0,573.261,0.069
-2.361623,-12.0,10.0,0.816532,0.0,0.0,573.278,0.085
-2.361623,-12.0,10.0,0.816532,0.0,0.0,573.295,0.085
-2.361623,-12.0,10.0,0.816532,0.0,0.0,573.311,0.085
-2.361623,-12.0,10.0,0.816532,0.0,0.0,573.328,0.085
-2.361623,-12.0,10.0,0.816532,0.0,0.0,573.345,0.085
-2.361623,-12.0,10.0,0.816532,0.0,0.0,573.361,0.085
-1.873927,-12.0,10.0,0.815841,0.0,0.0,573.378,0.085
-1.873927,-12.0,10.0,0.815841,0.0,0.0,573.394,0.085
-1.873927,-12.0,10.0,0.815841,0.0,0.0,573.411,0.085
-1.873927,-12.0,10.0,0.815841,0.0,0.0,573.428,0.085
-1.873927,-12.0,10.0,0.815841,0.0,0.0,573.444,0.085
-1.386078,-12.0,10.0,0.810161,0.0,0.0,573.461,0.069
-1.386078,-12.0,10.0,0.810161,0.0,0.0,573.478,0.069
-1.386078,-12.0,10.0,0.810161,0.0,0.0,573.494,0.069
-1.386078,-12.0,10.0,0.810161,0.0,0.0,573.511,0.069
-1.386078,-12.0,10.0,0.810161,0.0,0.0,573.528,0.069
-1.386078,-12.0,10.0,0.810161,0.0,0.0,573.544,0.069
-1.386078,-12.0,10.0,0.810161,0.0,0.0,573.562,0.069
-1.386078,-12.0,10.0,0.810161,0.0,0.0,573.578,0.069
-0.897722,-12.0,10.0,0.810486,0.0,0.0,573.595,0.102
-0.897722,-12.0,10.0,0.810486,0.0,0.0,573.611,0.102
-0.897722,-12.0,10.0,0.810486,0.0,0.0,573.628,0.102
-0.897722,-12.0,10.0,0.810486,0.0,0.0,573.645,0.102
-0.897722,-12.0,10.0,0.810486,0.0,0.0,573.661,0.102
-0.408847,-12.0,10.0,0.811547,0.0,0.0,573.678,0.085
-0.408847,-12.0,10.0,0.811547,0.0,0.0,573.695,0.085
-0.408847,-12.0,10.0,0.811547,0.0,0.0,573.711,0.085
-0.408847,-12.0,10.0,0.811547,0.0,0.0,573.728,0.085
-0.408847,-12.0,10.0,0.811547,0.0,0.0,573.744,0.085
0.079213,-12.0,10.0,0.812677,0.0,0.0,573.761,0.069
0.079213,-12.0,10.0,0.812677,0.0,0.0,573.778,0.069
0.079213,-12.0,10.0,0.812677,0.0,0.0,573.795,0.069
0.079213,-12.0,10.0,0.812677,0.0,0.0,573.811,0.069
0.079213,-12.0,10.0,0.812677,0.0,0.0,573.828,0.069
0.079213,-12.0,10.0,0.812677,0.0,0.0,573.845,0.069
0.079213,-12.0,10.0,0.812677,0.0,0.0,573.861,0.069
0.567831,-12.0,10.0,0.802776,0.0,0.0,573.878,0.085
0.567831,-12.0,10.0,0.802776,0.0,0.0,573.895,0.085
0.567831,-12.0,10.0,0.802776,0.0,0.0,573.911,0.085
0.567831,-12.0,10.0,0.802776,0.0,0.0,573.928,0.085
0.567831,-12.0,10.0,0.802776,0.0,0.0,573.945,0.085
0.567831,-12.0,10.0,0.802776,0.0,0.0,573.961,0.085
0.567831,-12.0,10.0,0.802776,0.0,0.0,573.978,0.085
1.056103,-12.0,10.0,0.816218,0.0,0.0,573.995,0.103
1.056103,-12.0,10.0,0.816218,0.0,0.0,574.011,0.103
1.056103,-12.0,10.0,0.816218,0.0,0.0,574.028,0.103
1.056103,-12.0,10.0,0.816218,0.0,0.0,574.045,0.103
1.548124,-12.0,10.0,0.845912,0.0,0.0,574.061,0.068
1.548124,-12.0,10.0,0.845912,0.0,0.0,574.078,0.068
1.548124,-12.0,10.0,0.845912,0.0,0.0,574.095,0.068
1.548124,-12.0,10.0,0.845912,0.0,0.0,574.111,0.068
1.548124,-12.0,10.0,0.845912,0.0,0.0,574.128,0.068
1.548124,-12.0,10.0,0.845912,0.0,0.0,574.145,0.068
1.548124,-12.0,10.0,0.845912,0.0,0.0,574.162,0.068
2.032578,-12.0,10.0,0.82343,0.0,0.0,574.18,0.087
2.032578,-12.0,10.0,0.82343,0.0,0.0,574.195,0.087
2.032578,-12.0,10.0,0.82343,0.0,0.0,574.211,0.087
2.032578,-12.0,10.0,0.82343,0.0,0.0,574.228,0.087
2.032578,-12.0,10.0,0.82343,0.0,0.0,574.245,0.087
2.52122,-12.0,10.0,0.713027,0.0,0.0,574.263,0.07
2.52122,-12.0,10.0,0.713027,0.0,0.0,574.278,0.07
2.52122,-12.0,10.0,0.713027,0.0,0.0,574.295,0.07
2.52122,-12.0,10.0,0.713027,0.0,0.0,574.311,0.07
2.52122,-12.0,10.0,0.713027,0.0,0.0,574.328,0.07
2.52122,-12.0,10.0,0.713027,0.0,0.0,574.345,0.07
2.52122,-12.0,10.0,0.713027,0.0,0.0,574.361,0.07
3.008851,-12.0,10.0,0.808803,0.0,0.0,574.378,0.086
3.008851,-12.0,10.0,0.808803,0.0,0.0,574.395,0.086
3.008851,-12.0,10.0,0.808803,0.0,0.0,574.411,0.086
3.008851,-12.0,10.0,0.808803,0.0,0.0,574.428,0.086
3.008851,-12.0,10.0,0.808803,0.0,0.0,574.445,0.086
3.008851,-12.0,10.0,0.808803,0.0,0.0,574.461,0.086
3.497133,-12.0,10.0,0.813528,0.0,0.0,574.478,0.086
3.497133,-12.0,10.0,0.813528,0.0,0.0,574.495,0.086
3.497133,-12.0,10.0,0.813528,0.0,0.0,574.511,0.086
3.497133,-12.0,10.0,0.813528,0.0,0.0,574.528,0.086
3.497133,-12.0,10.0,0.813528,0.0,0.0,574.545,0.086
3.497133,-12.0,10.0,0.813528,0.0,0.0,574.561,0.086
3.986376,-12.0,10.0,0.789423,0.0,0.0,574.578,0.085
3.986376,-12.0,10.0,0.789423,0.0,0.0,574.595,0.085
3.986376,-12.0,10.0,0.789423,0.0,0.0,574.611,0.085
3.986376,-12.0,10.0,0.789423,0.0,0.0,574.628,0.085
3.986376,-12.0,10.0,0.789423,0.0,0.0,574.645,0.085
3.986376,-12.0,10.0,0.789423,0.0,0.0,574.661,0.085
4.473478,-12.0,10.0,0.816066,0.0,0.0,574.678,0.085
4.473478,-12.0,10.0,0.816066,0.0,0.0,574.695,0.085
4.473478,-12.0,10.0,0.816066,0.0,0.0,574.711,0.085
4.473478,-12.0,10.0,0.816066,0.0,0.0,574.728,0.085
4.473478,-12.0,10.0,0.816066,0.0,0.0,574.745,0.085
4.473478,-12.0,10.0,0.816066,0.0,0.0,574.761,0.085
4.961925,-12.0,10.0,0.81548,0.0,0.0,574.778,0.086
4.961925,-12.0,10.0,0.81548,0.0,0.0,574.795,0.086
4.961925,-12.0,10.0,0.81548,0.0,0.0,574.811,0.086
4.961925,-12.0,10.0,0.81548,0.0,0.0,574.828,0.086
4.961925,-12.0,10.0,0.81548,0.0,0.0,574.845,0.086
4.961925,-12.0,10.0,0.81548,0.0,0.0,574.861,0.086
5.449931,-12.0,10.0,0.811515,0.0,0.0,574.878,0.085
5.449931,-12.0,10.0,0.811515,0.0,0.0,574.895,0.085
5.449931,-12.0,10.0,0.811515,0.0,0.0,574.911,0.085
5.449931,-12.0,10.0,0.811515,0.0,0.0,574.928,0.085
5.449931,-12.0,10.0,0.811515,0.0,0.0,574.945,0.085
5.938912,-12.0,10.0,0.812861,0.0,0.0,574.961,0.069
5.938912,-12.0,10.0,0.812861,0.0,0.0,574.978,0.069
5.938912,-12.0,10.0,0.812861,0.0,0.0,574.995,0.069
5.938912,-12.0,10.0,0.812861,0.0,0.0,575.011,0.069
5.938912,-12.0,10.0,0.812861,0.0,0.0,575.028,0.069
5.938912,-12.0,10.0,0.812861,0.0,0.0,575.045,0.069
5.938912,-12.0,10.0,0.812861,0.0,0.0,575.061,0.069
5.938912,-12.0,10.0,0.812861,0.0,0.0,575.078,0.069
6.426679,-12.0,10.0,0.813707,0.0,0.0,575.095,0.102
6.426679,-12.0,10.0,0.813707,0.0,0.0,575.111,0.102
6.426679,-12.0,10.0,0.813707,0.0,0.0,575.128,0.102
6.426679,-12.0,10.0,0.813707,0.0,0.0,575.145,0.102
6.426679,-12.0,10.0,0.813707,0.0,0.0,575.161,0.102
6.916459,-12.0,10.0,0.818814,0.0,0.0,575.178,0.086
6.916459,-12.0,10.0,0.818814,0.0,0.0,575.195,0.086
6.916459,-12.0,10.0,0.818814,0.0,0.0,575.211,0.086
6.916459,-12.0,10.0,0.818814,0.0,0.0,575.228,0.086
6.916459,-12.0,10.0,0.818814,0.0,0.0,575.245,0.086
7.403388,-12.0,10.0,0.817722,0.0,0.0,575.261,0.069
7.403388,-12.0,10.0,0.817722,0.0,0.0,575.278,0.069
7.403388,-12.0,10.0,0.817722,0.0,0.0,575.295,0.069
7.403388,-12.0,10.0,0.817722,0.0,0.0,575.311,0.069
7.403388,-12.0,10.0,0.817722,0.0,0.0,575.328,0.069
7.403388,-12.0,10.0,0.817722,0.0,0.0,575.345,0.069
7.403388,-12.0,10.0,0.817722,0.0,0.0,575.361,0.069
7.89195,-12.0,10.0,0.820773,0.0,0.0,575.378,0.086
7.89195,-12.0,10.0,0.820773,0.0,0.0,575.395,0.086
7.89195,-12.0,10.0,0.820773,0.0,0.0,575.412,0.086
7.89195,-12.0,10.0,0.820773,0.0,0.0,575.428,0.086
7.89195,-12.0,10.0,0.820773,0.0,0.0,575.445,0.086
7.89195,-12.0,10.0,0.820773,0.0,0.0,575.461,0.086
8.380247,-12.0,10.0,0.811471,0.0,0.0,575.478,0.086
8.380247,-12.0,10.0,0.811471,0.0,0.0,575.495,0.086
8.380247,-12.0,10.0,0.811471,0.0,0.0,575.511,0.086
8.380247,-12.0,10.0,0.811471,0.0,0.0,575.528,0.086
8.380247,-12.0,10.0,0.811471,0.0,0.0,575.545,0.086
8.868378,-12.0,10.0,0.814526,0.0,0.0,575.561,0.069
8.868378,-12.0,10.0,0.814526,0.0,0.0,575.578,0.069
8.868378,-12.0,10.0,0.814526,0.0,0.0,575.595,0.069
8.868378,-12.0,10.0,0.814526,0.0,0.0,575.611,0.069
8.868378,-12.0,10.0,0.814526,0.0,0.0,575.628,0.069
8.868378,-12.0,10.0,0.814526,0.0,0.0,575.645,0.069
8.868378,-12.0,10.0,0.814526,0.0,0.0,575.661,0.069
9.35607,-12.0,10.0,0.802292,0.0,0.0,575.678,0.086
9.35607,-12.0,10.0,0.802292,0.0,0.0,575.695,0.086
9.35607,-12.0,10.0,0.802292,0.0,0.0,575.711,0.086
9.35607,-12.0,10.0,0.802292,0.0,0.0,575.728,0.086
9.35607,-12.0,10.0,0.802292,0.0,0.0,575.745,0.086
9.35607,-12.0,10.0,0.802292,0.0,0.0,575.761,0.086
9.844218,-12.0,10.0,0.812282,0.0,0.0,575.778,0.085
9.844218,-12.0,10.0,0.812282,0.0,0.0,575.795,0.085
9.844218,-12.0,10.0,0.812282,0.0,0.0,575.811,0.085
9.844218,-12.0,10.0,0.812282,0.0,0.0,575.828,0.085
9.844218,-12.0,10.0,0.812282,0.0,0.0,575.845,0.085
9.844218,-12.0,10.0,0.812282,0.0,0.0,575.861,0.085
9.844218,-12.0,10.0,0.812282,0.0,0.0,575.878,0.085
10.07004,-12.0,10.0,-0.342397,0.0,0.0,575.895,0.102
10.07004,-12.0,10.0,-0.342397,0.0,0.0,575.911,0.102
10.07004,-12.0,10.0,-0.342397,0.0,0.0,575.928,0.102
10.07004,-12.0,10.0,-0.342397,0.0,0.0,575.945,0.102
10.07004,-12.0,10.0,-0.342397,0.0,0.0,575.961,0.102
9.656153,-12.0,10.0,-0.813093,0.0,0.0,575.979,0.086
9.656153,-12.0,10.0,-0.813093,0.0,0.0,575.995,0.086
9.656153,-12.0,10.0,-0.813093,0.0,0.0,576.011,0.086
9.656153,-12.0,10.0,-0.813093,0.0,0.0,576.028,0.086
9.656153,-12.0,10.0,-0.813093,0.0,0.0,576.045,0.086
9.168423,-12.0,10.0,-0.787853,0.0,0.0,576.061,0.069
9.168423,-12.0,10.0,-0.787853,0.0,0.0,576.078,0.069
9.168423,-12.0,10.0,-0.787853,0.0,0.0,576.095,0.069
9.168423,-12.0,10.0,-0.787853,0.0,0.0,576.111,0.069
9.168423,-12.0,10.0,-0.787853,0.0,0.0,576.128,0.069
9.168423,-12.0,10.0,-0.787853,0.0,0.0,576.145,0.069
9.168423,-12.0,10.0,-0.787853,0.0,0.0,576.161,0.069
9.168423,-12.0,10.0,-0.787853,0.0,0.0,576.178,0.069
8.679946,-12.0,10.0,-0.810765,0.0,0.0,576.195,0.103
8.679946,-12.0,10.0,-0.810765,0.0,0.0,576.211,0.103
8.679946,-12.0,10.0,-0.810765,0.0,0.0,576.228,0.103
8.679946,-12.0,10.0,-0.810765,0.0,0.0,576.245,0.103
8.679946,-12.0,10.0,-0.810765,0.0,0.0,576.261,0.103
8.679946,-12.0,10.0,-0.810765,0.0,0.0,576.278,0.103
8.189501,-12.0,10.0,-0.83001,0.0,0.0,576.295,0.101
8.189501,-12.0,10.0,-0.83001,0.0,0.0,576.311,0.101
8.189501,-12.0,10.0,-0.83001,0.0,0.0,576.328,0.101
8.189501,-12.0,10.0,-0.83001,0.0,0.0,576.345,0.101
7.70326,-12.0,10.0,-0.807621,0.0,0.0,576.361,0.069
0.019812,-12.0,10.0,1.219524,-738.6489,615.5407,1516.298,0.0
0.019812,-12.0,10.0,1.219524,-738.6489,615.5407,1516.315,0.0
0.019812,-12.0,10.0,1.219524,-738.6489,615.5407,1516.332,0.0
0.335038,-12.0,10.0,0.85546,0.0,0.0,1516.349,0.061
0.335038,-12.0,10.0,0.85546,0.0,0.0,1516.365,0.061
0.335038,-12.0,10.0,0.85546,0.0,0.0,1516.382,0.061
0.335038,-12.0,10.0,0.85546,0.0,0.0,1516.398,0.061
0.335038,-12.0,10.0,0.85546,0.0,0.0,1516.415,0.061
0.335038,-12.0,10.0,0.85546,0.0,0.0,1516.432,0.061
0.827213,-12.0,10.0,0.825657,0.0,0.0,1516.448,0.06
0.827213,-12.0,10.0,0.825657,0.0,0.0,1516.465,0.06
0.827213,-12.0,10.0,0.825657,0.0,0.0,1516.482,0.06
0.827213,-12.0,10.0,0.825657,0.0,0.0,1516.499,0.06
0.827213,-12.0,10.0,0.825657,0.0,0.0,1516.515,0.06
0.827213,-12.0,10.0,0.825657,0.0,0.0,1516.532,0.06
1.31516,-12.0,10.0,0.810175,0.0,0.0,1516.548,0.061
1.31516,-12.0,10.0,0.810175,0.0,0.0,1516.565,0.061
1.31516,-12.0,10.0,0.810175,0.0,0.0,1516.582,0.061
1.31516,-12.0,10.0,0.810175,0.0,0.0,1516.599,0.061
1.31516,-12.0,10.0,0.810175,0.0,0.0,1516.615,0.061
1.31516,-12.0,10.0,0.810175,0.0,0.0,1516.632,0.061
1.803134,-12.0,10.0,0.810808,0.0,0.0,1516.649,0.061
1.803134,-12.0,10.0,0.810808,0.0,0.0,1516.665,0.061
1.803134,-12.0,10.0,0.810808,0.0,0.0,1516.682,0.061
1.803134,-12.0,10.0,0.810808,0.0,0.0,1516.699,0.061
1.803134,-12.0,10.0,0.810808,0.0,0.0,1516.715,0.061
2.291422,-12.0,10.0,0.810552,0.0,0.0,1516.732,0.045
2.291422,-12.0,10.0,0.810552,0.0,0.0,1516.748,0.045
2.291422,-12.0,10.0,0.810552,0.0,0.0,1516.765,0.045
2.291422,-12.0,10.0,0.810552,0.0,0.0,1516.782,0.045
2.291422,-12.0,10.0,0.810552,0.0,0.0,1516.798,0.045
2.291422,-12.0,10.0,0.810552,0.0,0.0,1516.815,0.045
2.291422,-12.0,10.0,0.810552,0.0,0.0,1516.832,0.045
2.291422,-12.0,10.0,0.810552,0.0,0.0,1516.848,0.045
2.779921,-12.0,10.0,0.812601,0.0,0.0,1516.865,0.078
2.779921,-12.0,10.0,0.812601,0.0,0.0,1516.882,0.078
2.779921,-12.0,10.0,0.812601,0.0,0.0,1516.898,0.078
2.779921,-12.0,10.0,0.812601,0.0,0.0,1516.915,0.078
3.267764,-12.0,10.0,0.816347,0.0,0.0,1516.932,0.045
3.267764,-12.0,10.0,0.816347,0.0,0.0,1516.948,0.045
3.267764,-12.0,10.0,0.816347,0.0,0.0,1516.965,0.045
3.267764,-12.0,10.0,0.816347,0.0,0.0,1516.982,0.045
3.267764,-12.0,10.0,0.816347,0.0,0.0,1516.998,0.045
3.267764,-12.0,10.0,0.816347,0.0,0.0,1517.015,0.045
3.267764,-12.0,10.0,0.816347,0.0,0.0,1517.032,0.045
3.756148,-12.0,10.0,0.81624,0.0,0.0,1517.049,0.061
3.756148,-12.0,10.0,0.81624,0.0,0.0,1517.065,0.061
3.756148,-12.0,10.0,0.81624,0.0,0.0,1517.082,0.061
3.756148,-12.0,10.0,0.81624,0.0,0.0,1517.099,0.061
3.756148,-12.0,10.0,0.81624,0.0,0.0,1517.115,0.061
3.756148,-12.0,10.0,0.81624,0.0,0.0,1517.132,0.061
3.756148,-12.0,10.0,0.81624,0.0,0.0,1517.149,0.061
4.244563,-12.0,10.0,0.811114,0.0,0.0,1517.165,0.078
4.244563,-12.0,10.0,0.811114,0.0,0.0,1517.182,0.078
4.244563,-12.0,10.0,0.811114,0.0,0.0,1517.198,0.078
4.244563,-12.0,10.0,0.811114,0.0,0.0,1517.215,0.078
4.732524,-12.0,10.0,0.813754,0.0,0.0,1517.232,0.045
4.732524,-12.0,10.0,0.813754,0.0,0.0,1517.249,0.045
4.732524,-12.0,10.0,0.813754,0.0,0.0,1517.265,0.045
4.732524,-12.0,10.0,0.813754,0.0,0.0,1517.282,0.045
4.732524,-12.0,10.0,0.813754,0.0,0.0,1517.298,0.045
4.732524,-12.0,10.0,0.813754,0.0,0.0,1517.315,0.045
4.732524,-12.0,10.0,0.813754,0.0,0.0,1517.332,0.045
5.220721,-12.0,10.0,0.808126,0.0,0.0,1517.349,0.061
5.220721,-12.0,10.0,0.808126,0.0,0.0,1517.365,0.061
5.220721,-12.0,10.0,0.808126,0.0,0.0,1517.382,0.061
5.220721,-12.0,10.0,0.808126,0.0,0.0,1517.399,0.061
5.220721,-12.0,10.0,0.808126,0.0,0.0,1517.415,0.061
5.220721,-12.0,10.0,0.808126,0.0,0.0,1517.432,0.061
5.709363,-12.0,10.0,0.81305,0.0,0.0,1517.449,0.061
5.709363,-12.0,10.0,0.81305,0.0,0.0,1517.465,0.061
5.709363,-12.0,10.0,0.81305,0.0,0.0,1517.482,0.061
5.709363,-12.0,10.0,0.81305,0.0,0.0,1517.499,0.061
5.709363,-12.0,10.0,0.81305,0.0,0.0,1517.515,0.061
5.709363,-12.0,10.0,0.81305,0.0,0.0,1517.532,0.061
6.19812,-12.0,10.0,0.816464,0.0,0.0,1517.549,0.061
6.19812,-12.0,10.0,0.816464,0.0,0.0,1517.566,0.061
6.19812,-12.0,10.0,0.816464,0.0,0.0,1517.582,0.061
6.19812,-12.0,10.0,0.816464,0.0,0.0,1517.599,0.061
6.19812,-12.0,10.0,0.816464,0.0,0.0,1517.615,0.061
6.19812,-12.0,10.0,0.816464,0.0,0.0,1517.632,0.061
6.687979,-12.0,10.0,0.836921,0.0,0.0,1517.649,0.061
6.687979,-12.0,10.0,0.836921,0.0,0.0,1517.665,0.061
6.687979,-12.0,10.0,0.836921,0.0,0.0,1517.682,0.061
6.687979,-12.0,10.0,0.836921,0.0,0.0,1517.698,0.061
6.687979,-12.0,10.0,0.836921,0.0,0.0,1517.715,0.061
7.173665,-12.0,10.0,0.81635,0.0,0.0,1517.732,0.045
7.173665,-12.0,10.0,0.81635,0.0,0.0,1517.749,0.045
7.173665,-12.0,10.0,0.81635,0.0,0.0,1517.765,0.045
7.173665,-12.0,10.0,0.81635,0.0,0.0,1517.782,0.045
7.173665,-12.0,10.0,0.81635,0.0,0.0,1517.799,0.045
7.173665,-12.0,10.0,0.81635,0.0,0.0,1517.815,0.045
7.173665,-12.0,10.0,0.81635,0.0,0.0,1517.832,0.045
7.662162,-12.0,10.0,0.810798,0.0,0.0,1517.849,0.061
7.662162,-12.0,10.0,0.810798,0.0,0.0,1517.865,0.061
7.662162,-12.0,10.0,0.810798,0.0,0.0,1517.882,0.061
7.662162,-12.0,10.0,0.810798,0.0,0.0,1517.899,0.061
7.662162,-12.0,10.0,0.810798,0.0,0.0,1517.915,0.061
7.662162,-12.0,10.0,0.810798,0.0,0.0,1517.932,0.061
7.662162,-12.0,10.0,0.810798,0.0,0.0,1517.949,0.061
8.150411,-12.0,10.0,0.814143,0.0,0.0,1517.965,0.078
8.150411,-12.0,10.0,0.814143,0.0,0.0,1517.982,0.078
8.150411,-12.0,10.0,0.814143,0.0,0.0,1517.999,0.078
8.150411,-12.0,10.0,0.814143,0.0,0.0,1518.015,0.078
8.63874,-12.0,10.0,0.808655,0.0,0.0,1518.032,0.045
8.63874,-12.0,10.0,0.808655,0.0,0.0,1518.049,0.045
8.63874,-12.0,10.0,0.808655,0.0,0.0,1518.065,0.045
8.63874,-12.0,10.0,0.808655,0.0,0.0,1518.082,0.045
8.63874,-12.0,10.0,0.808655,0.0,0.0,1518.099,0.045
8.63874,-12.0,10.0,0.808655,0.0,0.0,1518.115,0.045
8.63874,-12.0,10.0,0.808655,0.0,0.0,1518.132,0.045
9.127184,-12.0,10.0,0.814202,0.0,0.0,1518.149,0.062
9.127184,-12.0,10.0,0.814202,0.0,0.0,1518.165,0.062
9.127184,-12.0,10.0,0.814202,0.0,0.0,1518.182,0.062
9.127184,-12.0,10.0,0.814202,0.0,0.0,1518.199,0.062
9.127184,-12.0,10.0,0.814202,0.0,0.0,1518.215,0.062
9.127184,-12.0,10.0,0.814202,0.0,0.0,1518.232,0.062
9.127184,-12.0,10.0,0.814202,0.0,0.0,1518.249,0.062
9.61544,-12.0,10.0,0.791105,0.0,0.0,1518.265,0.078
9.61544,-12.0,10.0,0.791105,0.0,0.0,1518.282,0.078
9.61544,-12.0,10.0,0.791105,0.0,0.0,1518.298,0.078
9.61544,-12.0,10.0,0.791105,0.0,0.0,1518.315,0.078
10.10311,-12.0,10.0,0.812477,0.0,0.0,1518.332,0.045
10.10311,-12.0,10.0,0.812477,0.0,0.0,1518.348,0.045
10.10311,-12.0,10.0,0.812477,0.0,0.0,1518.365,0.045
10.10311,-12.0,10.0,0.812477,0.0,0.0,1518.382,0.045
10.10311,-12.0,10.0,0.812477,0.0,0.0,1518.399,0.045
10.10311,-12.0,10.0,0.812477,0.0,0.0,1518.415,0.045
10.10311,-12.0,10.0,0.812477,0.0,0.0,1518.432,0.045
9.896835,-12.0,10.0,-0.748839,0.0,0.0,1518.449,0.061
9.896835,-12.0,10.0,-0.748839,0.0,0.0,1518.465,0.061
9.896835,-12.0,10.0,-0.748839,0.0,0.0,1518.482,0.061
9.896835,-12.0,10.0,-0.748839,0.0,0.0,1518.499,0.061
9.896835,-12.0,10.0,-0.748839,0.0,0.0,1518.515,0.061
9.397499,-12.0,10.0,-0.809294,0.0,0.0,1518.532,0.045
9.397499,-12.0,10.0,-0.809294,0.0,0.0,1518.549,0.045
9.397499,-12.0,10.0,-0.809294,0.0,0.0,1518.565,0.045
9.397499,-12.0,10.0,-0.809294,0.0,0.0,1518.582,0.045
9.397499,-12.0,10.0,-0.809294,0.0,0.0,1518.599,0.045
9.397499,-12.0,10.0,-0.809294,0.0,0.0,1518.615,0.045
9.397499,-12.0,10.0,-0.809294,0.0,0.0,1518.632,0.045
9.397499,-12.0,10.0,-0.809294,0.0,0.0,1518.649,0.045
8.90886,-12.0,10.0,-0.810257,0.0,0.0,1518.665,0.078
8.90886,-12.0,10.0,-0.810257,0.0,0.0,1518.682,0.078
8.90886,-12.0,10.0,-0.810257,0.0,0.0,1518.699,0.078
8.90886,-12.0,10.0,-0.810257,0.0,0.0,1518.715,0.078
8.90886,-12.0,10.0,-0.810257,0.0,0.0,1518.732,0.078
8.420485,-12.0,10.0,-0.812031,0.0,0.0,1518.748,0.061
8.420485,-12.0,10.0,-0.812031,0.0,0.0,1518.765,0.061
8.420485,-12.0,10.0,-0.812031,0.0,0.0,1518.782,0.061
8.420485,-12.0,10.0,-0.812031,0.0,0.0,1518.799,0.061
8.420485,-12.0,10.0,-0.812031,0.0,0.0,1518.815,0.061
7.93223,-12.0,10.0,-0.818421,0.0,0.0,1518.832,0.045
7.93223,-12.0,10.0,-0.818421,0.0,0.0,1518.848,0.045
7.93223,-12.0,10.0,-0.818421,0.0,0.0,1518.865,0.045
7.93223,-12.0,10.0,-0.818421,0.0,0.0,1518.882,0.045
7.93223,-12.0,10.0,-0.818421,0.0,0.0,1518.899,0.045
7.93223,-12.0,10.0,-0.818421,0.0,0.0,1518.915,0.045
7.93223,-12.0,10.0,-0.818421,0.0,0.0,1518.932,0.045
7.443952,-12.0,10.0,-0.818819,0.0,0.0,1518.949,0.062
7.443952,-12.0,10.0,-0.818819,0.0,0.0,1518.965,0.062
7.443952,-12.0,10.0,-0.818819,0.0,0.0,1518.982,0.062
7.443952,-12.0,10.0,-0.818819,0.0,0.0,1518.999,0.062
7.443952,-12.0,10.0,-0.818819,0.0,0.0,1519.015,0.062
7.443952,-12.0,10.0,-0.818819,0.0,0.0,1519.032,0.062
7.443952,-12.0,10.0,-0.818819,0.0,0.0,1519.049,0.062
6.95574,-12.0,10.0,-0.812924,0.0,0.0,1519.066,0.079
6.95574,-12.0,10.0,-0.812924,0.0,0.0,1519.082,0.079
6.95574,-12.0,10.0,-0.812924,0.0,0.0,1519.099,0.079
6.95574,-12.0,10.0,-0.812924,0.0,0.0,1519.115,0.079
6.95574,-12.0,10.0,-0.812924,0.0,0.0,1519.132,0.079
6.464693,-12.0,10.0,-0.840589,0.0,0.0,1519.149,0.06
6.464693,-12.0,10.0,-0.840589,0.0,0.0,1519.165,0.06
6.464693,-12.0,10.0,-0.840589,0.0,0.0,1519.182,0.06
6.464693,-12.0,10.0,-0.840589,0.0,0.0,1519.201,0.06
6.464693,-12.0,10.0,-0.840589,0.0,0.0,1519.222,0.06
6.464693,-12.0,10.0,-0.840589,0.0,0.0,1519.232,0.06
5.979486,-12.0,10.0,-0.817371,0.0,0.0,1519.249,0.062
5.979486,-12.0,10.0,-0.817371,0.0,0.0,1519.265,0.062
5.979486,-12.0,10.0,-0.817371,0.0,0.0,1519.282,0.062
5.979486,-12.0,10.0,-0.817371,0.0,0.0,1519.299,0.062
5.979486,-12.0,10.0,-0.817371,0.0,0.0,1519.315,0.062
5.490488,-12.0,10.0,-0.8002,0.0,0.0,1519.332,0.045
5.490488,-12.0,10.0,-0.8002,0.0,0.0,1519.349,0.045
5.490488,-12.0,10.0,-0.8002,0.0,0.0,1519.365,0.045
5.490488,-12.0,10.0,-0.8002,0.0,0.0,1519.382,0.045
5.490488,-12.0,10.0,-0.8002,0.0,0.0,1519.399,0.045
5.490488,-12.0,10.0,-0.8002,0.0,0.0,1519.416,0.045
5.490488,-12.0,10.0,-0.8002,0.0,0.0,1519.433,0.045
5.490488,-12.0,10.0,-0.8002,0.0,0.0,1519.449,0.045
5.00254,-12.0,10.0,-0.815156,0.0,0.0,1519.466,0.078
5.00254,-12.0,10.0,-0.815156,0.0,0.0,1519.482,0.078
5.00254,-12.0,10.0,-0.815156,0.0,0.0,1519.499,0.078
5.00254,-12.0,10.0,-0.815156,0.0,0.0,1519.515,0.078
5.00254,-12.0,10.0,-0.815156,0.0,0.0,1519.532,0.078
4.514483,-12.0,10.0,-0.813123,0.0,0.0,1519.549,0.062
4.514483,-12.0,10.0,-0.813123,0.0,0.0,1519.566,0.062
4.514483,-12.0,10.0,-0.813123,0.0,0.0,1519.582,0.062
4.514483,-12.0,10.0,-0.813123,0.0,0.0,1519.599,0.062
4.514483,-12.0,10.0,-0.813123,0.0,0.0,1519.615,0.062
4.026359,-12.0,10.0,-0.809957,0.0,0.0,1519.632,0.045
4.026359,-12.0,10.0,-0.809957,0.0,0.0,1519.649,0.045
4.026359,-12.0,10.0,-0.809957,0.0,0.0,1519.665,0.045
4.026359,-12.0,10.0,-0.809957,0.0,0.0,1519.682,0.045
