157.054,0.0,-0.006587,0.0
157.059,0.0,-0.015796,0.0
157.074,0.0,-0.027529,0.0
157.091,0.0,-0.041815,0.0
157.108,0.0,-0.059129,0.0
157.124,0.0,-12.0,10.0
157.141,0.0,-12.0,10.0
157.157,0.0,-12.0,10.0
157.174,0.0,-12.0,10.0
157.191,0.0,-12.0,10.5
157.207,0.63098,-12.0,10.0
157.224,0.73098,-12.0,10.0
157.241,0.63098,-12.0,10.0
157.257,0.63098,-12.0,10.0
157.274,0.73098,-12.0,10.0
157.291,0.63098,-12.0,10.0
157.307,1.12956,-12.0,10.0
157.324,1.22956,-12.0,10.0
157.341,1.12956,-12.0,10.0
157.358,1.12956,-12.0,10.0
157.374,1.22956,-12.0,10.0
157.391,1.12956,-12.0,10.0
157.408,1.619893,-12.0,10.0
157.424,1.719893,-12.0,10.0
157.441,1.619893,-12.0,10.0
157.457,1.619893,-12.0,10.0
157.474,1.719893,-12.0,10.0
157.491,1.619893,-12.0,10.0
157.507,2.10539,-12.0,10.0
157.524,2.20539,-12.0,10.0
157.541,2.10539,-12.0,10.0
157.557,2.10539,-12.0,10.0
157.574,2.20539,-12.0,10.0
157.591,2.10539,-12.0,10.0
157.607,2.592116,-12.0,10.0
157.624,2.692116,-12.0,10.0
157.641,2.592116,-12.0,10.0
157.663,2.592116,-12.0,10.0
157.674,2.419755,-12.0,10.0
157.691,3.180699,-12.0,10.0
157.707,2.984489,-12.0,10.0
157.724,3.080699,-12.0,10.0
157.741,2.984489,-12.0,10.0
157.758,2.984489,-12.0,10.0
157.774,3.080699,-12.0,10.0
157.791,2.984489,-12.0,10.0
157.807,3.180699,-12.0,10.0
157.824,3.769495,-12.0,10.0
157.841,3.669495,-12.0,10.0
157.858,3.669495,-12.0,10.0
157.874,3.769495,-12.0,10.0
157.891,3.569495,-12.0,10.0
157.908,4.057798,-12.0,10.0
157.924,4.057798,-12.0,10.0
157.941,4.157798,-12.0,10.0
157.957,4.057798,-12.0,10.0
157.974,4.157798,-12.0,10.0
157.991,4.057798,-12.0,10.0
158.007,4.547659,-12.0,10.0
158.024,4.647659,-12.0,10.0
158.041,4.547659,-12.0,10.0
158.057,4.547659,-12.0,10.0
158.074,4.647659,-12.0,10.0
158.091,4.547659,-12.0,10.0
158.107,4.647659,-12.0,10.0
158.124,5.234374,-12.0,10.0
158.141,5.134374,-12.0,10.0
158.157,5.134374,-12.0,10.0
158.174,5.234374,-12.0,10.0
158.191,5.034374,-12.0,10.0
158.207,5.522539,-12.0,10.0
158.224,5.622539,-12.0,10.0
158.241,5.522539,-12.0,10.0
158.257,5.522539,-12.0,10.0
158.274,5.622539,-12.0,10.0
158.291,5.522539,-12.0,10.0
158.307,6.011289,-12.0,10.0
158.324,6.111289,-12.0,10.0
158.341,6.011289,-12.0,10.0
158.357,6.011289,-12.0,10.0
158.375,6.111289,-12.0,10.0
158.391,6.011289,-12.0,10.0
158.407,6.598738,-12.0,10.0
158.424,6.598738,-12.0,10.0
158.441,6.498738,-12.0,10.0
158.458,6.498738,-12.0,10.0
158.474,6.598738,-12.0,10.0
158.491,6.498738,-12.0,10.0
158.507,6.985552,-12.0,10.0
158.524,7.085552,-12.0,10.0
158.541,6.985552,-12.0,10.0
158.558,6.985552,-12.0,10.0
158.574,6.985552,-12.0,10.0
158.591,7.085552,-12.0,10.0
158.607,7.476477,-12.0,10.0
158.625,7.576477,-12.0,10.0
158.641,7.476477,-12.0,10.0
158.658,7.476477,-12.0,10.0
158.674,7.576477,-12.0,10.0
158.691,7.476477,-12.0,10.0
158.707,7.965039,-12.0,10.0
158.724,8.06504,-12.0,10.0
158.741,7.965039,-12.0,10.0
158.758,7.965039,-12.0,10.0
158.774,7.868662,-12.0,10.0
158.791,8.450601,-12.0,10.0
158.807,8.354569,-12.0,10.0
158.824,8.450601,-12.0,10.0
158.841,8.354569,-12.0,10.0
158.857,8.354569,-12.0,10.0
158.874,8.450601,-12.0,10.0
158.891,8.354569,-12.0,10.0
158.907,8.550601,-12.0,10.0
158.924,9.139276,-12.0,10.0
158.941,9.039275,-12.0,10.0
158.958,9.039275,-12.0,10.0
158.974,9.039275,-12.0,10.0
158.991,9.039275,-12.0,10.0
159.007,9.429729,-12.0,10.0
159.024,9.529729,-12.0,10.0
159.041,9.429729,-12.0,10.0
159.058,9.429729,-12.0,10.0
159.074,9.333314,-12.0,10.0
159.091,9.820846,-12.0,10.0
159.108,9.820846,-12.0,10.0
159.124,9.820846,-12.0,10.0
159.141,9.917128,-12.0,10.0
159.158,9.820846,-12.0,10.0
159.174,9.820846,-12.0,10.0
159.191,9.917128,-12.0,10.0
159.207,10.40533,-12.0,10.0
159.224,10.50533,-12.0,10.0
159.241,10.40533,-12.0,10.0
159.257,10.40533,-12.0,10.0
159.274,10.50533,-12.0,10.0
159.291,10.40533,-12.0,10.0
159.307,10.50533,-12.0,10.0
159.324,10.38246,-12.0,10.0
159.341,10.28246,-12.0,10.0
159.358,10.28246,-12.0,10.0
159.374,10.18246,-12.0,10.0
159.391,9.576109,-12.0,10.0
159.407,9.576109,-12.0,10.0
159.424,9.576109,-12.0,10.0
159.441,9.576109,-12.0,10.0
159.458,9.576109,-12.0,10.0
159.474,9.676109,-12.0,10.0
159.491,9.676109,-12.0,10.0
159.508,9.187327,-12.0,10.0
159.524,9.187327,-12.0,10.0
159.541,9.287327,-12.0,10.0
159.558,9.187327,-12.0,10.0
159.574,9.187327,-12.0,10.0
159.591,9.287327,-12.0,10.0
159.607,8.699909,-12.0,10.0
159.624,8.799909,-12.0,10.0
159.641,8.699909,-12.0,10.0
159.658,8.699909,-12.0,10.0
159.674,8.699909,-12.0,10.0
159.691,8.799909,-12.0,10.0
159.708,8.212549,-12.0,10.0
159.725,8.312549,-12.0,10.0
159.741,8.212549,-12.0,10.0
159.758,8.312549,-12.0,10.0
159.774,8.212549,-12.0,10.0
159.791,7.532105,-12.0,10.0
159.808,7.143543,-12.0,10.0
159.824,7.043543,-12.0,10.0
159.841,7.143543,-12.0,10.0
159.858,7.143543,-12.0,10.0
159.874,7.143543,-12.0,10.0
159.891,7.043543,-12.0,10.0
159.908,6.653503,-12.0,10.0
159.924,6.553503,-12.0,10.0
159.941,6.653503,-12.0,10.0
159.958,7.235173,-12.0,10.0
159.974,7.335173,-12.0,10.0
159.991,7.235173,-12.0,10.0
160.007,6.747553,-12.0,10.0
160.024,6.847553,-12.0,10.0
160.041,6.747553,-12.0,10.0
160.057,6.747553,-12.0,10.0
160.074,6.847553,-12.0,10.0
160.091,6.747553,-12.0,10.0
160.107,6.259098,-12.0,10.0
160.124,6.359098,-12.0,10.0
160.141,6.259098,-12.0,10.0
160.158,6.259098,-12.0,10.0
160.174,6.159098,-12.0,10.0
160.191,5.670665,-12.0,10.0
160.207,5.670665,-12.0,10.0
160.224,5.770665,-12.0,10.0
160.241,5.670665,-12.0,10.0
160.258,5.670665,-12.0,10.0
160.274,5.770665,-12.0,10.0
160.291,5.770665,-12.0,10.0
160.308,5.282627,-12.0,10.0
160.324,5.282627,-12.0,10.0
160.341,5.382627,-12.0,10.0
160.358,5.282627,-12.0,10.0
160.374,5.282627,-12.0,10.0
160.391,5.382627,-12.0,10.0
160.407,5.382627,-12.0,10.0
160.424,4.99401,-12.0,10.0
160.441,4.89401,-12.0,10.0
160.458,4.89401,-12.0,10.0
160.474,4.69401,-12.0,10.0
160.491,4.306524,-12.0,10.0
160.507,4.206524,-12.0,10.0
160.524,4.306524,-12.0,10.0
160.541,4.206524,-12.0,10.0
160.558,4.206524,-12.0,10.0
160.574,4.206524,-12.0,10.0
160.591,4.406524,-12.0,10.0
160.607,3.818359,-12.0,10.0
160.624,3.918359,-12.0,10.0
160.641,3.818359,-12.0,10.0
160.658,3.818359,-12.0,10.0
160.674,3.818359,-12.0,10.0
160.691,3.918359,-12.0,10.0
160.708,3.329346,-12.0,10.0
160.724,3.329346,-12.0,10.0
160.741,3.429346,-12.0,10.0
160.758,3.329346,-12.0,10.0
160.774,3.329346,-12.0,10.0
160.791,3.429346,-12.0,10.0
160.807,2.84131,-12.0,10.0
160.825,2.94131,-12.0,10.0
160.854,2.84131,-12.0,10.0
160.858,2.66131,-12.0,10.0
160.875,4.14131,-12.0,10.0
160.892,2.84131,-12.0,10.0
160.909,2.453144,-12.0,10.0
160.925,2.353144,-12.0,10.0
160.942,2.453144,-12.0,10.0
160.958,2.353144,-12.0,10.0
160.975,2.353144,-12.0,10.0
160.991,1.766203,-12.0,10.0
161.008,1.866203,-12.0,10.0
161.025,1.766203,-12.0,10.0
161.041,1.766203,-12.0,10.0
161.058,1.866203,-12.0,10.0
161.075,1.766203,-12.0,10.0
161.092,1.277108,-12.0,10.0
161.109,1.277108,-12.0,10.0
161.124,1.277108,-12.0,10.0
161.141,1.377108,-12.0,10.0
161.158,1.277108,-12.0,10.0
161.175,1.277108,-12.0,10.0
161.191,1.277108,-12.0,10.0
161.208,1.577108,-12.0,10.0
161.224,0.989993,-12.0,10.0
161.241,1.089993,-12.0,10.0
161.258,0.989993,-12.0,10.0
161.275,0.989993,-12.0,10.0
161.292,0.889993,-12.0,10.0
161.308,0.502276,-12.0,10.0
161.325,0.402276,-12.0,10.0
161.341,0.402276,-12.0,10.0
161.358,0.502276,-12.0,10.0
161.374,0.402276,-12.0,10.0
161.391,0.502276,-12.0,10.0
161.408,-0.087308,-12.0,10.0
161.424,-0.087308,-12.0,10.0
161.441,0.012692,-12.0,10.0
161.458,-0.087308,-12.0,10.0
161.474,-0.087308,-12.0,10.0
161.491,0.012692,-12.0,10.0
161.508,0.012692,-12.0,10.0
161.525,-0.376329,-12.0,10.0
161.541,-0.476329,-12.0,10.0
161.558,-0.476329,-12.0,10.0
161.575,-0.476329,-12.0,10.0
161.591,-0.576329,-12.0,10.0
161.608,-0.964754,-12.0,10.0
161.624,-1.064754,-12.0,10.0
161.641,-0.964754,-12.0,10.0
161.658,-1.064754,-12.0,10.0
161.674,-1.164754,-12.0,10.0
161.691,-1.653528,-12.0,10.0
161.708,-1.653528,-12.0,10.0
161.725,-1.553528,-12.0,10.0
161.742,-1.653528,-12.0,10.0
161.758,-1.653528,-12.0,10.0
161.774,-1.653528,-12.0,10.0
161.791,-1.453528,-12.0,10.0
161.808,-2.041367,-12.0,10.0
161.824,-1.941367,-12.0,10.0
161.841,-2.041367,-12.0,10.0
161.858,-2.041367,-12.0,10.0
161.874,-2.041367,-12.0,10.0
161.891,-1.941367,-12.0,10.0
161.907,-1.941367,-12.0,10.0
161.924,-2.32991,-12.0,10.0
161.941,-2.42991,-12.0,10.0
161.958,-2.42991,-12.0,10.0
161.975,-2.62991,-12.0,10.0
161.991,-3.017564,-12.0,10.0
162.008,-3.117564,-12.0,10.0
162.024,-3.117564,-12.0,10.0
162.041,-3.017564,-12.0,10.0
162.058,-3.117564,-12.0,10.0
162.075,-3.117564,-12.0,10.0
162.091,-2.917564,-12.0,10.0
162.108,-3.506048,-12.0,10.0
162.124,-3.506048,-12.0,10.0
162.141,-3.406048,-12.0,10.0
162.158,-3.506048,-12.0,10.0
162.175,-3.506048,-12.0,10.0
162.191,-3.506048,-12.0,10.0
162.208,-3.894129,-12.0,10.0
162.224,-3.894129,-12.0,10.0
162.241,-3.994129,-12.0,10.0
162.258,-3.994129,-12.0,10.0
162.275,-3.994129,-12.0,10.0
162.291,-3.894129,-12.0,10.0
162.308,-3.894129,-12.0,10.0
162.324,-4.382362,-12.0,10.0
162.341,-4.282362,-12.0,10.0
162.358,-4.382362,-12.0,10.0
162.374,-4.382362,-12.0,10.0
162.391,-4.382362,-12.0,10.0
162.407,-4.970764,-12.0,10.0
162.424,-4.870764,-12.0,10.0
162.441,-4.970764,-12.0,10.0
162.458,-4.970764,-12.0,10.0
162.474,-5.070764,-12.0,10.0
162.491,-4.549854,-12.0,10.0
162.508,-4.644654,-12.0,10.0
162.524,-4.644654,-12.0,10.0
162.541,-4.549854,-12.0,10.0
162.558,-4.644654,-12.0,10.0
162.575,-4.644654,-12.0,10.0
162.591,-4.644654,-12.0,10.0
162.607,-4.449854,-12.0,10.0
162.624,-3.845305,-12.0,10.0
162.641,-3.945305,-12.0,10.0
162.658,-3.945305,-12.0,10.0
162.674,-3.945305,-12.0,10.0
162.692,-3.845305,-12.0,10.0
162.708,-3.945305,-12.0,10.0
162.724,-3.457031,-12.0,10.0
162.741,-3.357031,-12.0,10.0
162.758,-3.457031,-12.0,10.0
162.775,-3.653269,-12.0,10.0
162.791,-3.068863,-12.0,10.0
162.808,-3.165095,-12.0,10.0
162.824,-3.165095,-12.0,10.0
162.841,-3.068863,-12.0,10.0
162.858,-3.165095,-12.0,10.0
162.874,-3.165095,-12.0,10.0
162.891,-2.968863,-12.0,10.0
162.908,-2.58072,-12.0,10.0
162.924,-2.58072,-12.0,10.0
162.941,-2.48072,-12.0,10.0
162.958,-2.58072,-12.0,10.0
162.974,-2.58072,-12.0,10.0
162.991,-2.48072,-12.0,10.0
163.008,-2.48072,-12.0,10.0
163.025,-1.892923,-12.0,10.0
163.041,-1.992923,-12.0,10.0
163.058,-1.892923,-12.0,10.0
163.074,-2.189091,-12.0,10.0
163.091,-1.697847,-12.0,10.0
163.108,-1.697847,-12.0,10.0
163.124,-1.697847,-12.0,10.0
163.141,-1.601352,-12.0,10.0
163.158,-1.697847,-12.0,10.0
163.175,-1.697847,-12.0,10.0
163.191,-1.601352,-12.0,10.0
163.208,-1.014502,-12.0,10.0
163.224,-1.114502,-12.0,10.0
163.241,-1.014502,-12.0,10.0
163.258,-1.114502,-12.0,10.0
163.275,-1.114502,-12.0,10.0
163.291,-1.114502,-12.0,10.0
163.308,-0.529259,-12.0,10.0
163.324,-0.629259,-12.0,10.0
163.341,-0.529259,-12.0,10.0
163.358,-0.629259,-12.0,10.0
163.375,-0.629259,-12.0,10.0
163.391,-0.529259,-12.0,10.0
163.408,-0.13917,-12.0,10.0
163.424,-0.13917,-12.0,10.0
163.441,-0.03917,-12.0,10.0
163.458,-0.13917,-12.0,10.0
163.475,-0.13917,-12.0,10.0
163.492,-0.03917,-12.0,10.0
163.508,0.349273,-12.0,10.0
163.525,0.449273,-12.0,10.0
163.541,0.349273,-12.0,10.0
163.558,0.449273,-12.0,10.0
163.575,0.349273,-12.0,10.0
163.591,0.349273,-12.0,10.0
163.608,0.940696,-12.0,10.0
163.624,0.840696,-12.0,10.0
163.641,0.940696,-12.0,10.0
163.658,0.840696,-12.0,10.0
163.675,0.744105,-12.0,10.0
163.691,1.325301,-12.0,10.0
163.708,1.229154,-12.0,10.0
163.724,1.229154,-12.0,10.0
163.741,1.325301,-12.0,10.0
163.758,1.229154,-12.0,10.0
163.774,1.229154,-12.0,10.0
163.791,1.325301,-12.0,10.0
163.808,1.425301,-12.0,10.0
163.824,1.913829,-12.0,10.0
163.841,2.013829,-12.0,10.0
163.858,1.913829,-12.0,10.0
163.875,1.913829,-12.0,10.0
163.891,1.81383,-12.0,10.0
163.908,2.404392,-12.0,10.0
163.924,2.304392,-12.0,10.0
163.941,2.404392,-12.0,10.0
163.958,2.304392,-12.0,10.0
163.975,2.207879,-12.0,10.0
163.991,2.694291,-12.0,10.0
164.008,2.694291,-12.0,10.0
164.024,2.694291,-12.0,10.0
164.041,2.790572,-12.0,10.0
164.058,2.694291,-12.0,10.0
164.075,2.694291,-12.0,10.0
164.091,2.694291,-12.0,10.0
164.108,2.990572,-12.0,10.0
164.124,3.376967,-12.0,10.0
164.141,3.476967,-12.0,10.0
164.158,3.376967,-12.0,10.0
164.175,3.376967,-12.0,10.0
164.192,3.276967,-12.0,10.0
164.208,3.866132,-12.0,10.0
164.224,3.766132,-12.0,10.0
164.241,3.866132,-12.0,10.0
164.258,3.766132,-12.0,10.0
164.275,3.766132,-12.0,10.0
164.291,3.866132,-12.0,10.0
164.308,4.257608,-12.0,10.0
164.324,4.257608,-12.0,10.0
164.341,4.357608,-12.0,10.0
164.358,4.257608,-12.0,10.0
164.374,4.257608,-12.0,10.0
164.391,4.357608,-12.0,10.0
164.408,4.743781,-12.0,10.0
164.424,4.743781,-12.0,10.0
164.441,4.843781,-12.0,10.0
164.458,4.743781,-12.0,10.0
164.475,4.743781,-12.0,10.0
164.491,4.843781,-12.0,10.0
164.508,5.232253,-12.0,10.0
164.524,5.232253,-12.0,10.0
164.541,5.332253,-12.0,10.0
164.558,5.232253,-12.0,10.0
164.575,5.232253,-12.0,10.0
164.591,5.332253,-12.0,10.0
164.608,5.71994,-12.0,10.0
164.625,5.71994,-12.0,10.0
164.641,5.81994,-12.0,10.0
164.658,5.71994,-12.0,10.0
164.675,5.71994,-12.0,10.0
164.691,5.71994,-12.0,10.0
164.708,6.30785,-12.0,10.0
164.724,6.20785,-12.0,10.0
164.741,6.30785,-12.0,10.0
164.758,6.20785,-12.0,10.0
164.775,6.111567,-12.0,10.0
164.791,6.60067,-12.0,10.0
164.808,6.696995,-12.0,10.0
164.824,6.60067,-12.0,10.0
164.841,6.60067,-12.0,10.0
164.858,6.60067,-12.0,10.0
164.875,6.60067,-12.0,10.0
164.891,6.60067,-12.0,10.0
164.908,6.896995,-12.0,10.0
164.924,7.283665,-12.0,10.0
164.941,7.383665,-12.0,10.0
164.958,7.283665,-12.0,10.0
164.975,7.283665,-12.0,10.0
164.991,7.183665,-12.0,10.0
165.008,7.773274,-12.0,10.0
165.025,7.673274,-12.0,10.0
165.041,7.673274,-12.0,10.0
165.058,7.773274,-12.0,10.0
165.075,7.673274,-12.0,10.0
165.091,7.673274,-12.0,10.0
165.108,8.262167,-12.0,10.0
165.124,8.162168,-12.0,10.0
165.141,8.262167,-12.0,10.0
165.158,8.162168,-12.0,10.0
165.175,8.162168,-12.0,10.0
165.191,8.162168,-12.0,10.0
165.208,8.749315,-12.0,10.0
165.224,8.649316,-12.0,10.0
165.242,8.749315,-12.0,10.0
165.258,8.649316,-12.0,10.0
165.275,8.649316,-12.0,10.0
165.291,8.649316,-12.0,10.0
165.308,8.849316,-12.0,10.0
165.324,9.238113,-12.0,10.0
165.341,9.338114,-12.0,10.0
165.358,9.238113,-12.0,10.0
165.375,9.041771,-12.0,10.0
165.391,9.625809,-12.0,10.0
165.408,9.529558,-12.0,10.0
165.425,9.529558,-12.0,10.0
165.441,9.529558,-12.0,10.0
165.458,9.625809,-12.0,10.0
165.475,9.529558,-12.0,10.0
165.491,9.625809,-12.0,10.0
165.508,10.21355,-12.0,10.0
165.524,10.11355,-12.0,10.0
165.541,10.21355,-12.0,10.0
165.558,10.11355,-12.0,10.0
165.575,10.11355,-12.0,10.0
165.591,10.11355,-12.0,10.0
165.608,10.31355,-12.0,10.0
165.624,10.49174,-12.0,10.0
165.641,10.59174,-12.0,10.0
165.658,10.49174,-12.0,10.0
165.675,10.49174,-12.0,10.0
165.691,10.39174,-12.0,10.0
165.708,10.06791,-12.0,10.0
165.724,9.967909,-12.0,10.0
165.741,10.06791,-12.0,10.0
165.758,9.967909,-12.0,10.0
165.775,9.967909,-12.0,10.0
165.791,10.06791,-12.0,10.0
165.808,9.478342,-12.0,10.0
165.824,9.478342,-12.0,10.0
165.841,9.578342,-12.0,10.0
165.859,9.478342,-12.0,10.0
165.875,9.478342,-12.0,10.0
165.891,9.478342,-12.0,10.0
165.908,9.091515,-12.0,10.0
165.925,8.991515,-12.0,10.0
165.941,9.091515,-12.0,10.0
165.958,8.991515,-12.0,10.0
165.975,8.991515,-12.0,10.0
165.991,8.991515,-12.0,10.0
166.008,8.603193,-12.0,10.0
166.025,8.503193,-12.0,10.0
166.042,8.503193,-12.0,10.0
166.058,8.603193,-12.0,10.0
166.075,8.503193,-12.0,10.0
166.091,8.503193,-12.0,10.0
166.108,8.114627,-12.0,10.0
166.125,8.014627,-12.0,10.0
166.141,7.333642,-12.0,10.0
166.158,7.433642,-12.0,10.0
166.175,7.529839,-12.0,10.0
166.191,7.042013,-12.0,10.0
166.208,6.945977,-12.0,10.0
166.224,7.042013,-12.0,10.0
166.241,6.945977,-12.0,10.0
166.258,7.042013,-12.0,10.0
166.275,7.042013,-12.0,10.0
166.291,6.945977,-12.0,10.0
166.308,7.138518,-12.0,10.0
166.324,7.038518,-12.0,10.0
166.341,7.138518,-12.0,10.0
166.358,7.038518,-12.0,10.0
166.375,7.038518,-12.0,10.0
166.391,7.138518,-12.0,10.0
166.408,7.138518,-12.0,10.0
166.424,6.650506,-12.0,10.0
166.441,6.750506,-12.0,10.0
166.458,6.650506,-12.0,10.0
166.475,6.450506,-12.0,10.0
166.491,5.961478,-12.0,10.0
166.508,6.061478,-12.0,10.0
166.524,5.961478,-12.0,10.0
166.541,6.061478,-12.0,10.0
166.558,5.961478,-12.0,10.0
166.575,5.961478,-12.0,10.0
166.591,6.061478,-12.0,10.0
166.608,5.673416,-12.0,10.0
166.624,5.573416,-12.0,10.0
166.641,5.673416,-12.0,10.0
166.658,5.573416,-12.0,10.0
166.675,5.573416,-12.0,10.0
166.692,5.573416,-12.0,10.0
166.708,5.184971,-12.0,10.0
166.725,5.084971,-12.0,10.0
166.741,5.084971,-12.0,10.0
166.758,5.184971,-12.0,10.0
166.775,5.084971,-12.0,10.0
166.792,5.084971,-12.0,10.0
166.808,4.597002,-12.0,10.0
166.825,4.697002,-12.0,10.0
166.841,4.597002,-12.0,10.0
166.858,4.697002,-12.0,10.0
166.875,4.597002,-12.0,10.0
166.892,4.597002,-12.0,10.0
166.908,4.20824,-12.0,10.0
166.925,4.10824,-12.0,10.0
166.941,4.10824,-12.0,10.0
166.958,4.20824,-12.0,10.0
166.975,4.00824,-12.0,10.0
166.992,3.520088,-12.0,10.0
167.008,3.620088,-12.0,10.0
167.024,3.520088,-12.0,10.0
167.041,3.620088,-12.0,10.0
167.058,3.520088,-12.0,10.0
167.075,3.520088,-12.0,10.0
167.091,3.520088,-12.0,10.0
167.108,3.820088,-12.0,10.0
167.125,3.232084,-12.0,10.0
167.141,3.232084,-12.0,10.0
167.158,3.332084,-12.0,10.0
167.175,3.232084,-12.0,10.0
167.192,3.232084,-12.0,10.0
167.208,3.332084,-12.0,10.0
167.225,2.744273,-12.0,10.0
167.241,2.844273,-12.0,10.0
167.258,2.744273,-12.0,10.0
167.275,2.544273,-12.0,10.0
167.292,2.055513,-12.0,10.0
167.308,2.155513,-12.0,10.0
167.325,2.055513,-12.0,10.0
167.341,2.155513,-12.0,10.0
167.358,2.055513,-12.0,10.0
167.375,2.055513,-12.0,10.0
167.391,2.155513,-12.0,10.0
167.408,1.767137,-12.0,10.0
167.424,1.667137,-12.0,10.0
167.441,1.767137,-12.0,10.0
167.458,1.667137,-12.0,10.0
167.475,1.667137,-12.0,10.0
167.491,1.667137,-12.0,10.0
167.508,1.867137,-12.0,10.0
167.524,1.278772,-12.0,10.0
167.541,1.378772,-12.0,10.0
167.558,1.278772,-12.0,10.0
167.575,1.078772,-12.0,10.0
167.591,0.591018,-12.0,10.0
167.608,0.691018,-12.0,10.0
167.624,0.591018,-12.0,10.0
167.642,0.691018,-12.0,10.0
167.658,0.591018,-12.0,10.0
167.675,0.691018,-12.0,10.0
167.691,0.691018,-12.0,10.0
167.708,0.30229,-12.0,10.0
167.724,0.20229,-12.0,10.0
167.741,0.30229,-12.0,10.0
167.758,0.20229,-12.0,10.0
167.775,0.20229,-12.0,10.0
167.791,0.20229,-12.0,10.0
167.808,-0.185483,-12.0,10.0
167.825,-0.285483,-12.0,10.0
167.841,-0.285483,-12.0,10.0
167.858,-0.185483,-12.0,10.0
167.875,-0.285483,-12.0,10.0
167.892,-0.285483,-12.0,10.0
167.908,-0.674237,-12.0,10.0
167.925,-0.774237,-12.0,10.0
167.941,-0.674237,-12.0,10.0
167.958,-0.774237,-12.0,10.0
167.975,-0.774237,-12.0,10.0
167.992,-0.774237,-12.0,10.0
168.008,-1.26232,-12.0,10.0
168.025,-1.16232,-12.0,10.0
168.041,-1.16232,-12.0,10.0
168.058,-1.26232,-12.0,10.0
168.075,-1.36232,-12.0,10.0
168.092,-1.850885,-12.0,10.0
168.108,-1.750885,-12.0,10.0
168.125,-1.850885,-12.0,10.0
168.141,-1.750885,-12.0,10.0
168.158,-1.850885,-12.0,10.0
168.175,-1.850885,-12.0,10.0
168.191,-1.750885,-12.0,10.0
168.208,-2.138788,-12.0,10.0
168.225,-2.238788,-12.0,10.0
168.241,-2.238788,-12.0,10.0
168.258,-2.138788,-12.0,10.0
168.275,-2.238788,-12.0,10.0
168.292,-2.238788,-12.0,10.0
168.308,-2.038788,-12.0,10.0
168.325,-2.626841,-12.0,10.0
168.341,-2.626841,-12.0,10.0
168.358,-2.526841,-12.0,10.0
168.375,-2.826841,-12.0,10.0
168.391,-3.315638,-12.0,10.0
168.408,-3.215638,-12.0,10.0
168.424,-3.315638,-12.0,10.0
168.442,-3.215638,-12.0,10.0
168.458,-3.315638,-12.0,10.0
168.475,-3.315638,-12.0,10.0
168.491,-3.215638,-12.0,10.0
168.508,-3.603118,-12.0,10.0
168.524,-3.703118,-12.0,10.0
168.542,-3.603118,-12.0,10.0
168.558,-3.703118,-12.0,10.0
168.575,-3.703118,-12.0,10.0
168.591,-3.703118,-12.0,10.0
168.608,-3.503118,-12.0,10.0
168.625,-4.09088,-12.0,10.0
168.641,-3.99088,-12.0,10.0
168.658,-4.09088,-12.0,10.0
168.675,-4.09088,-12.0,10.0
168.691,-4.19088,-12.0,10.0
168.708,-4.580093,-12.0,10.0
168.725,-4.680093,-12.0,10.0
168.741,-4.580093,-12.0,10.0
168.758,-4.680093,-12.0,10.0
168.775,-4.680093,-12.0,10.0
168.792,-4.680093,-12.0,10.0
168.808,-4.757734,-12.0,10.0
168.825,-4.857734,-12.0,10.0
168.842,-4.757734,-12.0,10.0
168.858,-4.857734,-12.0,10.0
168.875,-4.857734,-12.0,10.0
168.892,-4.857734,-12.0,10.0
168.909,-4.235446,-12.0,10.0
168.925,-4.335446,-12.0,10.0
168.941,-4.235446,-12.0,10.0
168.958,-4.335446,-12.0,10.0
168.975,-4.335446,-12.0,10.0
168.992,-4.335446,-12.0,10.0
169.008,-4.135447,-12.0,10.0
169.025,-3.747548,-12.0,10.0
169.041,-3.647548,-12.0,10.0
169.058,-3.747548,-12.0,10.0
169.075,-3.747548,-12.0,10.0
169.092,-3.847548,-12.0,10.0
169.108,-3.358818,-12.0,10.0
169.125,-3.258818,-12.0,10.0
169.142,-3.358818,-12.0,10.0
169.158,-3.258818,-12.0,10.0
169.175,-3.455157,-12.0,10.0
169.191,-2.96601,-12.0,10.0
169.208,-2.869554,-12.0,10.0
169.225,-2.96601,-12.0,10.0
169.241,-2.96601,-12.0,10.0
169.258,-2.96601,-12.0,10.0
169.275,-2.96601,-12.0,10.0
169.291,-2.96601,-12.0,10.0
169.308,-2.669554,-12.0,10.0
169.325,-2.28267,-12.0,10.0
169.341,-2.28267,-12.0,10.0
169.358,-2.18267,-12.0,10.0
169.375,-2.28267,-12.0,10.0
169.391,-2.38267,-12.0,10.0
169.408,-1.796237,-12.0,10.0
169.425,-1.896237,-12.0,10.0
169.442,-1.896237,-12.0,10.0
169.458,-1.796237,-12.0,10.0
169.475,-1.896237,-12.0,10.0
169.491,-1.896237,-12.0,10.0
169.508,-1.306512,-12.0,10.0
169.525,-1.406512,-12.0,10.0
169.542,-1.406512,-12.0,10.0
169.558,-1.306512,-12.0,10.0
169.575,-1.406512,-12.0,10.0
169.592,-1.406512,-12.0,10.0
169.608,-0.817405,-12.0,10.0
169.625,-0.917405,-12.0,10.0
169.641,-0.917405,-12.0,10.0
169.658,-0.817405,-12.0,10.0
169.676,-1.013724,-12.0,10.0
169.692,-0.525823,-12.0,10.0
169.708,-0.429412,-12.0,10.0
169.725,-0.525823,-12.0,10.0
169.742,-0.525823,-12.0,10.0
169.758,-0.429412,-12.0,10.0
169.775,-0.525823,-12.0,10.0
169.792,-0.525823,-12.0,10.0
169.808,-0.229412,-12.0,10.0
169.825,0.154269,-12.0,10.0
169.842,0.154269,-12.0,10.0
169.858,0.154269,-12.0,10.0
169.875,0.254269,-12.0,10.0
169.892,0.054269,-12.0,10.0
169.908,0.545624,-12.0,10.0
169.925,0.645624,-12.0,10.0
169.942,0.545624,-12.0,10.0
169.958,0.645624,-12.0,10.0
169.975,0.545624,-12.0,10.0
169.992,0.545624,-12.0,10.0
170.008,1.137239,-12.0,10.0
170.025,1.037239,-12.0,10.0
170.042,1.037239,-12.0,10.0
170.058,1.137239,-12.0,10.0
170.075,1.037239,-12.0,10.0
170.092,1.037239,-12.0,10.0
170.108,1.237239,-12.0,10.0
170.125,1.624506,-12.0,10.0
170.142,1.624506,-12.0,10.0
170.158,1.724506,-12.0,10.0
170.175,1.624506,-12.0,10.0
170.192,1.524506,-12.0,10.0
170.208,2.01113,-12.0,10.0
170.225,2.11113,-12.0,10.0
170.242,2.01113,-12.0,10.0
170.258,2.11113,-12.0,10.0
170.275,2.01113,-12.0,10.0
170.292,2.01113,-12.0,10.0
170.308,2.49899,-12.0,10.0
170.325,2.59899,-12.0,10.0
170.341,2.49899,-12.0,10.0
170.358,2.59899,-12.0,10.0
170.375,2.49899,-12.0,10.0
170.392,2.49899,-12.0,10.0
170.408,3.089534,-12.0,10.0
170.425,2.989533,-12.0,10.0
170.441,2.989533,-12.0,10.0
170.458,3.089534,-12.0,10.0
170.475,2.989533,-12.0,10.0
170.492,2.989533,-12.0,10.0
170.509,3.089534,-12.0,10.0
170.525,3.575516,-12.0,10.0
170.542,3.675516,-12.0,10.0
170.558,3.575516,-12.0,10.0
170.575,3.675516,-12.0,10.0
170.592,3.475516,-12.0,10.0
170.608,3.963804,-12.0,10.0
170.625,4.063804,-12.0,10.0
170.642,3.963804,-12.0,10.0
170.658,4.063804,-12.0,10.0
170.675,3.963804,-12.0,10.0
170.692,3.963804,-12.0,10.0
170.708,4.45295,-12.0,10.0
170.725,4.552949,-12.0,10.0
170.742,4.45295,-12.0,10.0
170.758,4.45295,-12.0,10.0
170.775,4.552949,-12.0,10.0
170.792,4.45295,-12.0,10.0
170.818,4.941061,-12.0,10.0
170.825,4.768438,-12.0,10.0
170.842,5.741061,-12.0,10.0
170.858,5.041061,-12.0,10.0
170.875,4.941061,-12.0,10.0
170.892,4.941061,-12.0,10.0
170.909,5.428788,-12.0,10.0
170.925,5.428788,-12.0,10.0
170.942,5.528788,-12.0,10.0
170.958,5.428788,-12.0,10.0
170.975,5.528788,-12.0,10.0
170.992,5.428788,-12.0,10.0
171.008,6.017258,-12.0,10.0
171.025,5.917258,-12.0,10.0
171.042,5.917258,-12.0,10.0
171.058,6.017258,-12.0,10.0
171.075,5.917258,-12.0,10.0
171.092,5.917258,-12.0,10.0
171.108,6.404773,-12.0,10.0
171.125,6.504773,-12.0,10.0
171.142,6.404773,-12.0,10.0
171.159,6.404773,-12.0,10.0
171.175,6.404773,-12.0,10.0
171.192,6.798151,-12.0,10.0
171.209,6.798151,-12.0,10.0
171.225,6.894506,-12.0,10.0
171.242,6.798151,-12.0,10.0
171.258,6.894506,-12.0,10.0
171.275,6.798151,-12.0,10.0
171.292,6.894506,-12.0,10.0
171.308,7.383085,-12.0,10.0
171.325,7.483085,-12.0,10.0
171.342,7.383085,-12.0,10.0
171.358,7.383085,-12.0,10.0
171.375,7.483085,-12.0,10.0
171.392,7.383085,-12.0,10.0
171.408,7.970086,-12.0,10.0
171.425,7.870086,-12.0,10.0
171.442,7.870086,-12.0,10.0
171.458,7.870086,-12.0,10.0
171.475,7.970086,-12.0,10.0
171.492,7.870086,-12.0,10.0
171.508,8.357442,-12.0,10.0
171.525,8.457442,-12.0,10.0
171.542,8.357442,-12.0,10.0
171.558,8.357442,-12.0,10.0
171.575,8.357442,-12.0,10.0
171.592,8.750038,-12.0,10.0
171.608,8.750038,-12.0,10.0
171.625,8.846271,-12.0,10.0
171.642,8.750038,-12.0,10.0
171.658,8.750038,-12.0,10.0
171.675,8.846271,-12.0,10.0
171.692,8.846271,-12.0,10.0
171.708,9.336797,-12.0,10.0
171.725,9.436797,-12.0,10.0
171.742,9.336797,-12.0,10.0
171.758,9.336797,-12.0,10.0
171.775,9.436797,-12.0,10.0
171.792,9.336797,-12.0,10.0
171.809,9.824153,-12.0,10.0
171.825,9.824153,-12.0,10.0
171.842,9.924153,-12.0,10.0
171.859,9.824153,-12.0,10.0
171.875,9.727794,-12.0,10.0
171.892,10.31183,-12.0,10.0
171.908,10.21555,-12.0,10.0
171.925,10.31183,-12.0,10.0
171.942,10.21555,-12.0,10.0
171.958,10.21555,-12.0,10.0
171.975,10.31183,-12.0,10.0
171.992,10.31183,-12.0,10.0
172.009,10.24979,-12.0,10.0
172.025,10.34978,-12.0,10.0
172.042,10.24979,-12.0,10.0
172.058,10.24979,-12.0,10.0
172.075,10.34978,-12.0,10.0
172.092,10.24979,-12.0,10.0
172.108,9.770534,-12.0,10.0
172.125,9.870534,-12.0,10.0
172.142,9.770534,-12.0,10.0
172.158,9.770534,-12.0,10.0
172.175,9.770534,-12.0,10.0
172.192,9.182277,-12.0,10.0
172.208,9.182277,-12.0,10.0
172.225,9.282277,-12.0,10.0
172.242,9.182277,-12.0,10.0
172.258,9.182277,-12.0,10.0
172.275,9.282277,-12.0,10.0
172.292,9.282277,-12.0,10.0
172.308,8.794426,-12.0,10.0
172.325,8.894426,-12.0,10.0
172.342,8.794426,-12.0,10.0
172.358,8.794426,-12.0,10.0
172.375,8.894426,-12.0,10.0
172.392,8.794426,-12.0,10.0
172.408,8.894426,-12.0,10.0
172.425,8.50564,-12.0,10.0
172.442,8.40564,-12.0,10.0
172.459,8.40564,-12.0,10.0
172.475,7.723943,-12.0,10.0
172.492,7.331632,-12.0,10.0
172.508,7.717096,-12.0,10.0
172.525,7.235265,-12.0,10.0
172.542,7.331632,-12.0,10.0
172.558,7.331632,-12.0,10.0
172.575,7.235265,-12.0,10.0
172.592,7.235265,-12.0,10.0
172.608,6.746904,-12.0,10.0
172.625,6.646904,-12.0,10.0
172.642,7.329026,-12.0,10.0
172.658,6.746904,-12.0,10.0
172.675,7.429026,-12.0,10.0
172.692,7.329026,-12.0,10.0
172.708,6.840994,-12.0,10.0
172.725,6.940994,-12.0,10.0
172.742,6.840994,-12.0,10.0
172.759,6.840994,-12.0,10.0
172.775,6.940994,-12.0,10.0
172.792,6.840994,-12.0,10.0
172.809,6.352248,-12.0,10.0
172.825,6.352248,-12.0,10.0
172.842,6.452248,-12.0,10.0
172.859,6.352248,-12.0,10.0
172.875,6.452248,-12.0,10.0
172.892,6.352248,-12.0,10.0
172.908,5.864006,-12.0,10.0
172.925,5.964006,-12.0,10.0
172.942,5.864006,-12.0,10.0
172.959,5.864006,-12.0,10.0
172.975,5.964006,-12.0,10.0
172.992,5.864006,-12.0,10.0
173.009,5.376185,-12.0,10.0
173.025,5.376185,-12.0,10.0
173.042,5.476185,-12.0,10.0
173.059,5.376185,-12.0,10.0
173.075,5.376185,-12.0,10.0
173.092,5.476185,-12.0,10.0
173.108,5.476185,-12.0,10.0
173.125,5.086807,-12.0,10.0
173.142,4.986807,-12.0,10.0
173.159,4.986807,-12.0,10.0
173.175,4.986807,-12.0,10.0
173.192,5.086807,-12.0,10.0
173.209,4.986807,-12.0,10.0
173.225,4.598909,-12.0,10.0
173.242,4.498909,-12.0,10.0
173.259,4.498909,-12.0,10.0
173.275,4.298909,-12.0,10.0
173.292,3.810917,-12.0,10.0
173.308,3.810917,-12.0,10.0
173.325,3.910917,-12.0,10.0
173.342,3.810917,-12.0,10.0
173.358,3.810917,-12.0,10.0
173.375,3.910917,-12.0,10.0
173.392,3.910917,-12.0,10.0
173.409,3.423006,-12.0,10.0
173.425,3.423006,-12.0,10.0
173.442,3.523006,-12.0,10.0
173.459,3.423006,-12.0,10.0
173.475,3.423006,-12.0,10.0
173.492,3.523006,-12.0,10.0
173.509,3.523006,-12.0,10.0
173.525,3.133108,-12.0,10.0
173.542,3.033108,-12.0,10.0
173.559,3.033108,-12.0,10.0
173.575,2.833108,-12.0,10.0
173.592,2.44616,-12.0,10.0
173.608,2.34616,-12.0,10.0
173.625,2.44616,-12.0,10.0
173.642,2.34616,-12.0,10.0
173.658,2.34616,-12.0,10.0
173.675,2.44616,-12.0,10.0
173.692,2.44616,-12.0,10.0
173.708,1.958024,-12.0,10.0
173.725,2.058024,-12.0,10.0
173.742,1.958024,-12.0,10.0
173.758,1.958024,-12.0,10.0
173.775,2.058024,-12.0,10.0
173.792,1.958024,-12.0,10.0
173.809,1.470298,-12.0,10.0
173.825,1.570298,-12.0,10.0
173.842,1.470298,-12.0,10.0
173.858,1.470298,-12.0,10.0
173.875,1.570298,-12.0,10.0
173.892,1.470298,-12.0,10.0
173.908,0.981708,-12.0,10.0
173.925,1.081708,-12.0,10.0
173.942,0.981708,-12.0,10.0
173.959,0.981708,-12.0,10.0
173.975,0.881708,-12.0,10.0
173.992,0.493668,-12.0,10.0
174.009,0.393668,-12.0,10.0
174.025,0.493668,-12.0,10.0
174.042,0.393668,-12.0,10.0
174.059,0.393668,-12.0,10.0
174.075,0.493668,-12.0,10.0
174.092,0.493668,-12.0,10.0
174.108,0.005139,-12.0,10.0
174.125,0.105139,-12.0,10.0
174.142,0.005139,-12.0,10.0
174.158,0.005139,-12.0,10.0
174.175,0.105139,-12.0,10.0
174.192,0.005139,-12.0,10.0
174.208,-0.482935,-12.0,10.0
174.225,-0.382935,-12.0,10.0
174.242,-0.482935,-12.0,10.0
174.258,-0.482935,-12.0,10.0
174.275,-0.382935,-12.0,10.0
174.292,-0.482935,-12.0,10.0
174.309,-0.971191,-12.0,10.0
174.325,-0.871191,-12.0,10.0
174.342,-0.971191,-12.0,10.0
174.359,-0.971191,-12.0,10.0
174.375,-0.871191,-12.0,10.0
174.392,-0.971191,-12.0,10.0
174.408,-1.459773,-12.0,10.0
174.425,-1.359773,-12.0,10.0
174.442,-1.459773,-12.0,10.0
174.458,-1.459773,-12.0,10.0
174.475,-1.359773,-12.0,10.0
174.492,-1.459773,-12.0,10.0
174.508,-1.947349,-12.0,10.0
174.525,-1.847349,-12.0,10.0
174.542,-1.947349,-12.0,10.0
174.559,-1.947349,-12.0,10.0
174.575,-1.947349,-12.0,10.0
174.592,-2.535489,-12.0,10.0
174.609,-2.535489,-12.0,10.0
174.625,-2.435489,-12.0,10.0
174.642,-2.535489,-12.0,10.0
174.658,-2.535489,-12.0,10.0
174.675,-2.435489,-12.0,10.0
174.692,-2.435489,-12.0,10.0
174.709,-2.923999,-12.0,10.0
174.725,-2.823999,-12.0,10.0
174.742,-2.923999,-12.0,10.0
174.759,-2.923999,-12.0,10.0
174.775,-2.823999,-12.0,10.0
174.792,-2.923999,-12.0,10.0
174.809,-3.412511,-12.0,10.0
174.825,-3.312511,-12.0,10.0
174.842,-3.412511,-12.0,10.0
174.859,-3.412511,-12.0,10.0
174.875,-3.412511,-12.0,10.0
174.892,-4.000967,-12.0,10.0
174.909,-4.000967,-12.0,10.0
174.925,-3.900967,-12.0,10.0
174.943,-4.000967,-12.0,10.0
174.959,-4.000967,-12.0,10.0
174.975,-3.900967,-12.0,10.0
174.992,-4.000967,-12.0,10.0
175.009,-3.800967,-12.0,10.0
175.025,-4.288955,-12.0,10.0
175.042,-4.188955,-12.0,10.0
175.059,-4.288955,-12.0,10.0
175.075,-4.388955,-12.0,10.0
175.092,-4.977283,-12.0,10.0
175.109,-4.977283,-12.0,10.0
175.125,-4.977283,-12.0,10.0
175.142,-4.877283,-12.0,10.0
175.159,-4.977283,-12.0,10.0
175.175,-4.977283,-12.0,10.0
175.192,-4.777283,-12.0,10.0
175.209,-4.631887,-12.0,10.0
175.225,-4.631887,-12.0,10.0
175.242,-4.531888,-12.0,10.0
175.259,-4.631887,-12.0,10.0
175.275,-4.631887,-12.0,10.0
175.292,-4.531888,-12.0,10.0
175.309,-4.139132,-12.0,10.0
175.325,-4.039132,-12.0,10.0
175.342,-4.139132,-12.0,10.0
175.359,-4.139132,-12.0,10.0
175.375,-4.039132,-12.0,10.0
175.392,-4.139132,-12.0,10.0
175.409,-3.650436,-12.0,10.0
175.425,-3.650436,-12.0,10.0
175.442,-3.550436,-12.0,10.0
175.459,-3.650436,-12.0,10.0
175.475,-3.550436,-12.0,10.0
175.492,-3.650436,-12.0,10.0
175.509,-3.16292,-12.0,10.0
175.525,-3.16292,-12.0,10.0
175.542,-3.06292,-12.0,10.0
175.559,-3.16292,-12.0,10.0
175.575,-3.16292,-12.0,10.0
175.592,-3.06292,-12.0,10.0
175.609,-2.673773,-12.0,10.0
175.625,-2.573773,-12.0,10.0
175.642,-2.673773,-12.0,10.0
175.659,-2.673773,-12.0,10.0
175.675,-2.673773,-12.0,10.0
175.692,-2.28147,-12.0,10.0
175.709,-2.28147,-12.0,10.0
175.725,-2.28147,-12.0,10.0
175.742,-2.185075,-12.0,10.0
175.758,-2.28147,-12.0,10.0
175.775,-2.28147,-12.0,10.0
175.792,-2.28147,-12.0,10.0
175.809,-2.085075,-12.0,10.0
175.825,-1.597447,-12.0,10.0
175.842,-1.497447,-12.0,10.0
175.859,-1.597447,-12.0,10.0
175.875,-1.497447,-12.0,10.0
175.892,-1.697447,-12.0,10.0
175.909,-1.209653,-12.0,10.0
175.925,-1.109653,-12.0,10.0
175.942,-1.209653,-12.0,10.0
175.959,-1.209653,-12.0,10.0
175.975,-1.305859,-12.0,10.0
175.992,-0.721248,-12.0,10.0
176.009,-0.817541,-12.0,10.0
176.025,-0.817541,-12.0,10.0
176.042,-0.721248,-12.0,10.0
176.059,-0.817541,-12.0,10.0
176.075,-0.817541,-12.0,10.0
176.092,-0.721248,-12.0,10.0
176.109,-0.621248,-12.0,10.0
176.125,-0.132378,-12.0,10.0
176.142,-0.032378,-12.0,10.0
176.159,-0.132378,-12.0,10.0
176.175,-0.132378,-12.0,10.0
176.192,-0.132378,-12.0,10.0
176.209,0.255242,-12.0,10.0
176.225,0.255242,-12.0,10.0
176.242,0.355242,-12.0,10.0
176.259,0.255242,-12.0,10.0
176.275,0.355242,-12.0,10.0
176.292,0.255242,-12.0,10.0
176.309,0.744348,-12.0,10.0
176.325,0.744348,-12.0,10.0
176.342,0.844348,-12.0,10.0
176.359,0.744348,-12.0,10.0
176.375,0.744348,-12.0,10.0
176.392,0.844348,-12.0,10.0
176.409,1.232326,-12.0,10.0
176.425,1.232326,-12.0,10.0
176.442,1.332326,-12.0,10.0
176.459,1.232326,-12.0,10.0
176.476,1.232326,-12.0,10.0
176.492,1.232326,-12.0,10.0
176.509,1.820338,-12.0,10.0
176.525,1.720338,-12.0,10.0
176.542,1.820338,-12.0,10.0
176.559,1.720338,-12.0,10.0
176.575,1.720338,-12.0,10.0
176.592,1.820338,-12.0,10.0
176.609,2.208559,-12.0,10.0
176.625,2.208559,-12.0,10.0
176.642,2.308559,-12.0,10.0
176.659,2.208559,-12.0,10.0
176.675,2.208559,-12.0,10.0
176.692,2.308559,-12.0,10.0
176.709,2.695982,-12.0,10.0
176.725,2.695982,-12.0,10.0
176.742,2.795981,-12.0,10.0
176.759,2.695982,-12.0,10.0
176.775,2.599833,-12.0,10.0
176.792,3.08903,-12.0,10.0
176.809,3.08903,-12.0,10.0
176.825,3.08903,-12.0,10.0
176.842,3.185284,-12.0,10.0
176.859,3.08903,-12.0,10.0
176.875,3.08903,-12.0,10.0
176.892,3.185284,-12.0,10.0
176.909,3.285284,-12.0,10.0
176.925,3.773316,-12.0,10.0
176.942,3.873316,-12.0,10.0
176.959,3.773316,-12.0,10.0
176.975,3.773316,-12.0,10.0
176.992,3.773316,-12.0,10.0
177.009,4.161947,-12.0,10.0
177.025,4.161947,-12.0,10.0
177.042,4.261947,-12.0,10.0
177.059,4.161947,-12.0,10.0
177.075,4.06562,-12.0,10.0
177.092,4.649685,-12.0,10.0
177.109,4.553459,-12.0,10.0
177.125,4.553459,-12.0,10.0
177.142,4.649685,-12.0,10.0
177.159,4.553459,-12.0,10.0
177.175,4.553459,-12.0,10.0
177.192,4.749686,-12.0,10.0
177.209,5.138144,-12.0,10.0
177.225,5.138144,-12.0,10.0
177.242,5.238145,-12.0,10.0
177.259,5.138144,-12.0,10.0
177.275,5.138144,-12.0,10.0
177.292,5.238145,-12.0,10.0
177.309,5.626566,-12.0,10.0
177.325,5.626566,-12.0,10.0
177.342,5.726566,-12.0,10.0
177.359,5.626566,-12.0,10.0
177.375,5.626566,-12.0,10.0
177.392,5.726566,-12.0,10.0
177.409,6.115026,-12.0,10.0
177.425,6.115026,-12.0,10.0
177.442,6.215025,-12.0,10.0
177.459,6.115026,-12.0,10.0
177.475,6.115026,-12.0,10.0
177.492,6.215025,-12.0,10.0
177.509,6.602765,-12.0,10.0
177.525,6.602765,-12.0,10.0
177.542,6.702765,-12.0,10.0
177.559,6.602765,-12.0,10.0
177.576,6.602765,-12.0,10.0
177.592,6.702765,-12.0,10.0
177.609,6.702765,-12.0,10.0
177.625,7.191613,-12.0,10.0
177.642,7.291613,-12.0,10.0
177.659,7.191613,-12.0,10.0
177.676,7.191613,-12.0,10.0
177.692,7.191613,-12.0,10.0
177.709,7.579186,-12.0,10.0
177.725,7.579186,-12.0,10.0
177.742,7.679186,-12.0,10.0
177.759,7.579186,-12.0,10.0
177.775,7.579186,-12.0,10.0
177.792,7.679186,-12.0,10.0
177.809,8.066603,-12.0,10.0
177.825,8.066603,-12.0,10.0
177.842,8.166602,-12.0,10.0
177.859,8.066603,-12.0,10.0
177.875,8.066603,-12.0,10.0
177.892,8.166602,-12.0,10.0
177.909,8.555193,-12.0,10.0
177.925,8.555193,-12.0,10.0
177.942,8.655192,-12.0,10.0
177.959,8.555193,-12.0,10.0
177.975,8.555193,-12.0,10.0
177.992,8.655192,-12.0,10.0
178.009,9.044061,-12.0,10.0
178.025,9.044061,-12.0,10.0
178.042,9.14406,-12.0,10.0
178.059,9.044061,-12.0,10.0
178.076,9.044061,-12.0,10.0
178.092,9.14406,-12.0,10.0
178.109,9.532567,-12.0,10.0
178.125,9.532567,-12.0,10.0
178.142,9.632567,-12.0,10.0
178.159,9.532567,-12.0,10.0
178.175,9.632567,-12.0,10.0
178.192,9.532567,-12.0,10.0
178.209,10.02022,-12.0,10.0
178.225,10.02022,-12.0,10.0
178.242,10.12022,-12.0,10.0
178.259,10.02022,-12.0,10.0
178.275,9.924015,-12.0,10.0
178.292,10.30853,-12.0,10.0
178.309,10.30853,-12.0,10.0
178.325,10.30853,-12.0,10.0
178.342,10.40853,-12.0,10.0
178.359,10.30853,-12.0,10.0
178.375,10.30853,-12.0,10.0
178.392,10.40853,-12.0,10.0
178.409,10.30853,-12.0,10.0
178.425,10.60853,-12.0,10.0
178.442,10.35986,-12.0,10.0
178.459,10.25986,-12.0,10.0
178.475,10.25986,-12.0,10.0
178.492,10.15986,-12.0,10.0
178.509,9.571853,-12.0,10.0
178.525,9.571853,-12.0,10.0
178.542,9.671853,-12.0,10.0
178.559,9.571853,-12.0,10.0
178.575,9.471853,-12.0,10.0
178.592,9.084931,-12.0,10.0
178.609,8.984931,-12.0,10.0
178.625,8.984931,-12.0,10.0
178.642,9.084931,-12.0,10.0
178.659,8.984931,-12.0,10.0
178.676,8.984931,-12.0,10.0
178.692,9.184931,-12.0,10.0
178.709,8.596739,-12.0,10.0
178.725,8.596739,-12.0,10.0
178.742,8.696739,-12.0,10.0
178.759,8.596739,-12.0,10.0
178.775,8.596739,-12.0,10.0
178.792,8.696739,-12.0,10.0
178.809,8.696739,-12.0,10.0
178.825,8.207858,-12.0,10.0
178.842,8.307858,-12.0,10.0
178.859,7.426328,-12.0,10.0
178.876,7.426328,-12.0,10.0
178.892,7.426328,-12.0,10.0
178.909,7.038386,-12.0,10.0
178.925,7.038386,-12.0,10.0
178.942,7.71986,-12.0,10.0
178.959,7.154681,-12.0,10.0
178.975,7.038386,-12.0,10.0
178.992,6.938386,-12.0,10.0
179.009,7.131448,-12.0,10.0
179.025,7.131448,-12.0,10.0
179.042,7.231448,-12.0,10.0
179.059,7.131448,-12.0,10.0
179.075,7.131448,-12.0,10.0
179.092,7.231448,-12.0,10.0
179.109,7.231448,-12.0,10.0
179.125,6.743471,-12.0,10.0
179.142,6.843471,-12.0,10.0
179.159,6.743471,-12.0,10.0
179.176,6.743471,-12.0,10.0
179.192,6.643471,-12.0,10.0
179.209,6.253974,-12.0,10.0
179.225,6.153974,-12.0,10.0
179.242,6.253974,-12.0,10.0
179.259,6.153974,-12.0,10.0
179.275,6.153974,-12.0,10.0
179.292,6.253974,-12.0,10.0
179.309,5.666553,-12.0,10.0
179.325,5.666553,-12.0,10.0
179.342,5.766553,-12.0,10.0
179.359,5.666553,-12.0,10.0
179.376,5.666553,-12.0,10.0
179.392,5.766553,-12.0,10.0
179.409,5.178477,-12.0,10.0
179.425,5.178477,-12.0,10.0
179.442,5.278477,-12.0,10.0
179.459,5.178477,-12.0,10.0
179.475,5.178477,-12.0,10.0
179.492,5.278477,-12.0,10.0
179.509,5.278477,-12.0,10.0
179.525,4.79094,-12.0,10.0
179.542,4.89094,-12.0,10.0
179.559,4.79094,-12.0,10.0
179.576,4.79094,-12.0,10.0
179.592,4.69094,-12.0,10.0
179.609,4.300935,-12.0,10.0
179.625,4.200935,-12.0,10.0
179.642,4.300935,-12.0,10.0
179.659,4.200935,-12.0,10.0
179.675,4.100935,-12.0,10.0
179.692,3.713322,-12.0,10.0
179.709,3.613322,-12.0,10.0
179.725,3.613322,-12.0,10.0
179.742,3.713322,-12.0,10.0
179.759,3.613322,-12.0,10.0
179.776,3.613322,-12.0,10.0
179.792,3.813322,-12.0,10.0
179.809,3.225671,-12.0,10.0
179.825,3.225671,-12.0,10.0
179.843,3.325671,-12.0,10.0
179.859,3.225671,-12.0,10.0
179.875,3.225671,-12.0,10.0
179.892,3.325671,-12.0,10.0
179.909,3.325671,-12.0,10.0
179.925,2.837313,-12.0,10.0
179.942,2.937313,-12.0,10.0
179.959,2.837313,-12.0,10.0
179.975,2.637313,-12.0,10.0
179.992,2.247804,-12.0,10.0
180.009,2.147804,-12.0,10.0
180.025,2.147804,-12.0,10.0
180.042,2.247804,-12.0,10.0
180.059,2.147804,-12.0,10.0
180.076,2.147804,-12.0,10.0
180.092,2.247804,-12.0,10.0
180.109,1.860865,-12.0,10.0
180.125,1.760865,-12.0,10.0
180.142,1.860865,-12.0,10.0
180.159,1.760865,-12.0,10.0
180.176,1.760865,-12.0,10.0
180.192,1.760865,-12.0,10.0
180.209,1.372602,-12.0,10.0
180.225,1.272602,-12.0,10.0
180.242,1.372602,-12.0,10.0
180.259,1.272602,-12.0,10.0
180.275,1.272602,-12.0,10.0
180.292,1.372602,-12.0,10.0
180.309,0.784762,-12.0,10.0
180.325,0.784762,-12.0,10.0
180.342,0.884762,-12.0,10.0
180.359,0.784762,-12.0,10.0
180.376,0.784762,-12.0,10.0
180.392,0.884762,-12.0,10.0
180.409,0.295273,-12.0,10.0
180.425,0.295273,-12.0,10.0
180.442,0.395273,-12.0,10.0
180.459,0.295273,-12.0,10.0
180.476,0.195273,-12.0,10.0
180.492,-0.192153,-12.0,10.0
180.509,-0.292153,-12.0,10.0
180.525,-0.292153,-12.0,10.0
180.542,-0.192153,-12.0,10.0
180.559,-0.292153,-12.0,10.0
180.576,-0.292153,-12.0,10.0
180.592,-0.292153,-12.0,10.0
180.609,0.007847,-12.0,10.0
180.625,-0.580716,-12.0,10.0
180.642,-0.480716,-12.0,10.0
180.659,-0.580716,-12.0,10.0
180.676,-0.580716,-12.0,10.0
180.692,-0.580716,-12.0,10.0
180.709,-1.168781,-12.0,10.0
180.726,-1.168781,-12.0,10.0
180.742,-1.168781,-12.0,10.0
180.759,-1.068781,-12.0,10.0
180.776,-1.168781,-12.0,10.0
180.792,-1.068781,-12.0,10.0
180.809,-1.656958,-12.0,10.0
180.825,-1.656958,-12.0,10.0
180.842,-1.556958,-12.0,10.0
180.859,-1.656958,-12.0,10.0
180.876,-1.656958,-12.0,10.0
180.892,-1.556958,-12.0,10.0
180.909,-2.145028,-12.0,10.0
180.925,-2.145028,-12.0,10.0
180.942,-2.045028,-12.0,10.0
180.959,-2.145028,-12.0,10.0
180.976,-2.145028,-12.0,10.0
180.992,-2.145028,-12.0,10.0
181.009,-1.945028,-12.0,10.0
181.025,-2.533724,-12.0,10.0
181.042,-2.433724,-12.0,10.0
181.059,-2.533724,-12.0,10.0
181.076,-2.733724,-12.0,10.0
181.092,-3.222201,-12.0,10.0
181.109,-3.122201,-12.0,10.0
181.126,-3.222201,-12.0,10.0
181.142,-3.222201,-12.0,10.0
181.159,-3.122201,-12.0,10.0
181.176,-3.222201,-12.0,10.0
181.192,-3.122201,-12.0,10.0
181.209,-3.510052,-12.0,10.0
181.225,-3.610052,-12.0,10.0
181.242,-3.510052,-12.0,10.0
181.259,-3.610052,-12.0,10.0
181.276,-3.610052,-12.0,10.0
181.292,-3.510052,-12.0,10.0
181.309,-4.098234,-12.0,10.0
181.325,-4.098234,-12.0,10.0
181.343,-3.998234,-12.0,10.0
181.359,-4.098234,-12.0,10.0
181.376,-3.998234,-12.0,10.0
181.392,-4.098234,-12.0,10.0
181.409,-4.486287,-12.0,10.0
181.425,-4.586287,-12.0,10.0
181.442,-4.486287,-12.0,10.0
181.459,-4.586287,-12.0,10.0
181.476,-4.586287,-12.0,10.0
181.492,-4.586287,-12.0,10.0
181.509,-4.787739,-12.0,10.0
181.526,-4.887739,-12.0,10.0
181.542,-4.787739,-12.0,10.0
181.559,-4.887739,-12.0,10.0
181.576,-4.974344,-12.0,10.0
181.592,-4.526037,-12.0,10.0
181.609,-4.42983,-12.0,10.0
181.625,-4.526037,-12.0,10.0
181.642,-4.42983,-12.0,10.0
181.659,-4.526037,-12.0,10.0
181.676,-4.526037,-12.0,10.0
181.692,-4.42983,-12.0,10.0
181.709,-3.840261,-12.0,10.0
181.725,-3.940261,-12.0,10.0
181.742,-3.840261,-12.0,10.0
181.759,-3.940261,-12.0,10.0
181.776,-3.940261,-12.0,10.0
181.792,-3.940261,-12.0,10.0
181.809,-3.740261,-12.0,10.0
181.825,-3.353285,-12.0,10.0
181.842,-3.253285,-12.0,10.0
181.859,-3.353285,-12.0,10.0
181.876,-3.549531,-12.0,10.0
181.892,-3.061365,-12.0,10.0
181.909,-2.965175,-12.0,10.0
181.925,-3.061365,-12.0,10.0
181.942,-2.965175,-12.0,10.0
181.96,-3.061365,-12.0,10.0
181.976,-3.061365,-12.0,10.0
181.992,-2.865175,-12.0,10.0
182.009,-2.376209,-12.0,10.0
182.025,-2.476209,-12.0,10.0
182.042,-2.376209,-12.0,10.0
182.059,-2.476209,-12.0,10.0
182.076,-2.476209,-12.0,10.0
182.092,-2.476209,-12.0,10.0
182.109,-2.276209,-12.0,10.0
182.125,-1.888255,-12.0,10.0
182.142,-1.788255,-12.0,10.0
182.159,-1.888255,-12.0,10.0
182.176,-1.888255,-12.0,10.0
182.192,-1.888255,-12.0,10.0
182.209,-1.788255,-12.0,10.0
182.225,-1.400277,-12.0,10.0
182.242,-1.300277,-12.0,10.0
182.259,-1.400277,-12.0,10.0
182.276,-1.400277,-12.0,10.0
182.292,-1.500277,-12.0,10.0
182.309,-0.91654,-12.0,10.0
182.326,-1.01654,-12.0,10.0
182.342,-0.91654,-12.0,10.0
182.359,-1.01654,-12.0,10.0
182.376,-1.01654,-12.0,10.0
182.392,-1.01654,-12.0,10.0
182.409,-0.42381,-12.0,10.0
182.425,-0.52381,-12.0,10.0
182.442,-0.42381,-12.0,10.0
182.459,-0.52381,-12.0,10.0
182.476,-0.52381,-12.0,10.0
182.492,-0.52381,-12.0,10.0
182.509,0.06383,-12.0,10.0
182.525,-0.03617,-12.0,10.0
182.542,0.06383,-12.0,10.0
182.559,-0.03617,-12.0,10.0
182.576,-0.03617,-12.0,10.0
182.592,-0.03617,-12.0,10.0
182.609,0.553036,-12.0,10.0
182.625,0.453036,-12.0,10.0
182.642,0.553036,-12.0,10.0
182.659,0.453036,-12.0,10.0
182.676,0.453036,-12.0,10.0
182.692,0.453036,-12.0,10.0
182.709,1.041206,-12.0,10.0
182.725,0.941207,-12.0,10.0
182.742,1.041206,-12.0,10.0
182.759,0.941207,-12.0,10.0
182.776,0.844985,-12.0,10.0
182.792,1.333654,-12.0,10.0
182.809,1.429947,-12.0,10.0
182.826,1.333654,-12.0,10.0
182.842,1.333654,-12.0,10.0
182.859,1.429947,-12.0,10.0
182.875,1.333654,-12.0,10.0
182.892,1.429947,-12.0,10.0
182.909,1.529947,-12.0,10.0
182.925,2.017681,-12.0,10.0
182.942,2.117681,-12.0,10.0
182.959,2.017681,-12.0,10.0
182.976,2.017681,-12.0,10.0
182.992,1.917681,-12.0,10.0
183.009,2.50646,-12.0,10.0
183.026,2.40646,-12.0,10.0
183.042,2.50646,-12.0,10.0
183.059,2.40646,-12.0,10.0
183.076,2.40646,-12.0,10.0
183.092,2.40646,-12.0,10.0
183.109,2.993902,-12.0,10.0
183.125,2.893902,-12.0,10.0
183.142,2.993902,-12.0,10.0
183.159,2.893902,-12.0,10.0
183.176,2.893902,-12.0,10.0
183.192,2.893902,-12.0,10.0
183.209,3.480871,-12.0,10.0
183.225,3.380871,-12.0,10.0
183.242,3.480871,-12.0,10.0
183.259,3.380871,-12.0,10.0
183.276,3.380871,-12.0,10.0
183.292,3.480871,-12.0,10.0
183.309,3.480871,-12.0,10.0
183.326,3.970923,-12.0,10.0
183.342,4.070923,-12.0,10.0
183.359,3.970923,-12.0,10.0
183.376,3.774652,-12.0,10.0
183.392,4.263831,-12.0,10.0
183.409,4.360197,-12.0,10.0
183.425,4.263831,-12.0,10.0
183.442,4.360197,-12.0,10.0
183.459,4.263831,-12.0,10.0
183.476,4.263831,-12.0,10.0
183.492,4.360197,-12.0,10.0
183.509,4.947703,-12.0,10.0
183.525,4.847703,-12.0,10.0
183.542,4.947703,-12.0,10.0
183.559,4.847703,-12.0,10.0
183.576,4.847703,-12.0,10.0
183.592,4.847703,-12.0,10.0
183.609,5.047703,-12.0,10.0
183.625,5.435811,-12.0,10.0
183.642,5.53581,-12.0,10.0
183.659,5.435811,-12.0,10.0
183.676,5.435811,-12.0,10.0
183.692,5.335811,-12.0,10.0
183.709,5.923728,-12.0,10.0
183.726,5.823729,-12.0,10.0
183.742,5.823729,-12.0,10.0
183.759,5.923728,-12.0,10.0
183.776,5.823729,-12.0,10.0
183.792,5.823729,-12.0,10.0
183.809,6.411963,-12.0,10.0
183.826,6.311963,-12.0,10.0
183.842,6.311963,-12.0,10.0
183.859,6.411963,-12.0,10.0
183.876,6.2157,-12.0,10.0
183.892,6.704267,-12.0,10.0
183.909,6.800555,-12.0,10.0
183.926,6.704267,-12.0,10.0
183.944,6.800555,-12.0,10.0
183.961,6.704267,-12.0,10.0
183.976,6.704267,-12.0,10.0
183.993,6.800555,-12.0,10.0
184.009,6.900555,-12.0,10.0
184.026,7.489364,-12.0,10.0
184.043,7.389364,-12.0,10.0
184.059,7.389364,-12.0,10.0
184.078,7.489364,-12.0,10.0
184.092,7.289364,-12.0,10.0
184.109,7.878492,-12.0,10.0
184.126,7.778492,-12.0,10.0
184.142,7.878492,-12.0,10.0
184.159,7.778492,-12.0,10.0
184.176,7.682121,-12.0,10.0
184.192,8.164265,-12.0,10.0
184.209,8.25913,-12.0,10.0
184.226,8.164265,-12.0,10.0
184.242,8.25913,-12.0,10.0
184.259,8.164265,-12.0,10.0
184.276,8.164265,-12.0,10.0
184.293,8.25913,-12.0,10.0
184.309,8.753395,-12.0,10.0
184.326,8.853395,-12.0,10.0
184.342,8.853395,-12.0,10.0
184.359,8.753395,-12.0,10.0
184.377,8.753395,-12.0,10.0
184.392,8.753395,-12.0,10.0
184.409,9.34223,-12.0,10.0
184.425,9.24223,-12.0,10.0
184.442,9.34223,-12.0,10.0
184.459,9.24223,-12.0,10.0
184.476,9.24223,-12.0,10.0
184.492,9.24223,-12.0,10.0
184.509,9.826578,-12.0,10.0
184.526,9.726578,-12.0,10.0
184.542,9.826578,-12.0,10.0
184.559,9.726578,-12.0,10.0
184.576,9.726578,-12.0,10.0
184.593,9.726578,-12.0,10.0
184.609,10.21764,-12.0,10.0
184.626,10.31764,-12.0,10.0
184.642,10.31764,-12.0,10.0
184.659,10.21764,-12.0,10.0
184.676,10.21764,-12.0,10.0
184.692,10.21764,-12.0,10.0
184.709,10.31683,-12.0,10.0
184.726,10.31683,-12.0,10.0
184.742,10.41683,-12.0,10.0
184.759,10.31683,-12.0,10.0
184.776,10.31683,-12.0,10.0
184.792,10.31683,-12.0,10.0
184.809,10.51683,-12.0,10.0
184.825,9.964259,-12.0,10.0
184.842,10.06426,-12.0,10.0
184.859,9.964259,-12.0,10.0
184.876,9.764259,-12.0,10.0
184.892,9.274515,-12.0,10.0
184.909,9.374515,-12.0,10.0
184.926,9.274515,-12.0,10.0
184.942,9.374515,-12.0,10.0
184.959,9.274515,-12.0,10.0
184.976,9.274515,-12.0,10.0
184.992,9.374515,-12.0,10.0
185.009,8.987255,-12.0,10.0
185.026,8.887255,-12.0,10.0
