567.356,0.0,-0.006873,0.0,0.0,0.0,0.0
567.363,0.0,-0.016619,0.0,0.0,0.0,0.0
567.378,0.0,-0.028717,0.0,0.0,0.0,0.0
567.394,0.0,-0.043211,0.0,0.0,0.0,0.0
567.411,0.0,-0.060699,0.0,0.0,0.0,0.0
567.428,0.0,-12.0,10.0,0.0,-12.0,10.0
567.444,0.0,-12.0,10.0,0.0,-12.0,10.0
567.461,0.0,-12.0,10.0,0.0,-12.0,10.0
567.478,0.0,-12.0,10.0,0.0,-12.0,10.0
567.494,-0.3,-12.0,10.0,-0.3,-12.0,10.0
567.511,0.638826,-12.0,10.0,0.6388255,-12.0,10.0
567.527,0.638826,-12.0,10.0,0.6388255,-12.0,10.0
567.544,0.638826,-12.0,10.0,0.6388255,-12.0,10.0
567.561,0.638826,-12.0,10.0,0.6388255,-12.0,10.0
567.578,0.638826,-12.0,10.0,0.6388255,-12.0,10.0
567.595,0.638826,-12.0,10.0,0.6388255,-12.0,10.0
567.611,0.738826,-12.0,10.0,0.7388255,-12.0,10.0
567.627,1.240789,-12.0,10.0,1.240789,-12.0,10.0
567.644,1.240789,-12.0,10.0,1.240789,-12.0,10.0
567.661,1.240789,-12.0,10.0,1.240789,-12.0,10.0
567.678,1.240789,-12.0,10.0,1.240789,-12.0,10.0
567.694,1.140789,-12.0,10.0,1.140789,-12.0,10.0
567.711,1.633647,-12.0,10.0,1.633647,-12.0,10.0
567.728,1.633647,-12.0,10.0,1.633647,-12.0,10.0
567.744,1.633647,-12.0,10.0,1.633647,-12.0,10.0
567.761,1.633647,-12.0,10.0,1.633647,-12.0,10.0
567.778,1.53684,-12.0,10.0,1.53684,-12.0,10.0
567.795,2.021277,-12.0,10.0,2.021277,-12.0,10.0
567.811,2.021277,-12.0,10.0,2.021277,-12.0,10.0
567.828,2.021277,-12.0,10.0,2.021277,-12.0,10.0
567.845,2.021277,-12.0,10.0,2.021277,-12.0,10.0
567.861,2.021277,-12.0,10.0,2.021277,-12.0,10.0
567.878,2.021277,-12.0,10.0,2.021277,-12.0,10.0
567.894,2.117763,-12.0,10.0,2.117763,-12.0,10.0
567.911,2.60544,-12.0,10.0,2.60544,-12.0,10.0
567.927,2.60544,-12.0,10.0,2.60544,-12.0,10.0
567.944,2.60544,-12.0,10.0,2.60544,-12.0,10.0
567.961,2.60544,-12.0,10.0,2.60544,-12.0,10.0
567.978,2.60544,-12.0,10.0,2.60544,-12.0,10.0
567.995,2.60544,-12.0,10.0,2.60544,-12.0,10.0
568.011,2.70544,-12.0,10.0,2.70544,-12.0,10.0
568.028,3.193991,-12.0,10.0,3.193991,-12.0,10.0
568.044,3.193991,-12.0,10.0,3.193991,-12.0,10.0
568.061,3.193991,-12.0,10.0,3.193991,-12.0,10.0
568.078,2.997678,-12.0,10.0,2.997678,-12.0,10.0
568.094,3.491341,-12.0,10.0,3.491341,-12.0,10.0
568.111,3.491341,-12.0,10.0,3.491341,-12.0,10.0
568.127,3.491341,-12.0,10.0,3.491341,-12.0,10.0
568.144,3.491341,-12.0,10.0,3.491341,-12.0,10.0
568.161,3.491341,-12.0,10.0,3.491341,-12.0,10.0
568.178,3.491341,-12.0,10.0,3.491341,-12.0,10.0
568.194,3.588279,-12.0,10.0,3.588279,-12.0,10.0
568.211,4.070896,-12.0,10.0,4.070896,-12.0,10.0
568.228,4.070896,-12.0,10.0,4.070896,-12.0,10.0
568.244,4.070896,-12.0,10.0,4.070896,-12.0,10.0
568.261,4.070896,-12.0,10.0,4.070896,-12.0,10.0
568.278,3.974431,-12.0,10.0,3.974431,-12.0,10.0
568.294,4.462059,-12.0,10.0,4.462059,-12.0,10.0
568.311,4.462059,-12.0,10.0,4.462059,-12.0,10.0
568.327,4.462059,-12.0,10.0,4.462059,-12.0,10.0
568.344,4.462059,-12.0,10.0,4.462059,-12.0,10.0
568.361,4.462059,-12.0,10.0,4.462059,-12.0,10.0
568.378,4.462059,-12.0,10.0,4.462059,-12.0,10.0
568.394,4.462059,-12.0,10.0,4.462059,-12.0,10.0
568.411,4.658401,-12.0,10.0,4.658401,-12.0,10.0
568.427,5.146457,-12.0,10.0,5.146457,-12.0,10.0
568.444,5.146457,-12.0,10.0,5.146457,-12.0,10.0
568.461,5.146457,-12.0,10.0,5.146457,-12.0,10.0
568.478,4.95014,-12.0,10.0,4.95014,-12.0,10.0
568.495,5.437084,-12.0,10.0,5.437084,-12.0,10.0
568.511,5.437084,-12.0,10.0,5.437084,-12.0,10.0
568.528,5.437084,-12.0,10.0,5.437084,-12.0,10.0
568.544,5.437084,-12.0,10.0,5.437084,-12.0,10.0
568.561,5.437084,-12.0,10.0,5.437084,-12.0,10.0
568.578,5.437084,-12.0,10.0,5.437084,-12.0,10.0
568.594,5.533213,-12.0,10.0,5.533213,-12.0,10.0
568.611,6.022948,-12.0,10.0,6.022948,-12.0,10.0
568.627,6.022948,-12.0,10.0,6.022948,-12.0,10.0
568.644,6.022948,-12.0,10.0,6.022948,-12.0,10.0
568.661,6.022948,-12.0,10.0,6.022948,-12.0,10.0
568.678,6.022948,-12.0,10.0,6.022948,-12.0,10.0
568.694,6.022948,-12.0,10.0,6.022948,-12.0,10.0
568.711,6.511545,-12.0,10.0,6.511545,-12.0,10.0
568.728,6.511545,-12.0,10.0,6.511545,-12.0,10.0
568.744,6.511545,-12.0,10.0,6.511545,-12.0,10.0
568.761,6.511545,-12.0,10.0,6.511545,-12.0,10.0
568.778,6.511545,-12.0,10.0,6.511545,-12.0,10.0
568.794,6.511545,-12.0,10.0,6.511545,-12.0,10.0
568.811,6.999582,-12.0,10.0,6.999582,-12.0,10.0
568.828,6.999582,-12.0,10.0,6.999582,-12.0,10.0
568.844,6.999582,-12.0,10.0,6.999582,-12.0,10.0
568.861,6.999582,-12.0,10.0,6.999582,-12.0,10.0
568.878,6.999582,-12.0,10.0,6.999582,-12.0,10.0
568.894,6.999582,-12.0,10.0,6.999582,-12.0,10.0
568.911,7.486897,-12.0,10.0,7.486897,-12.0,10.0
568.927,7.486897,-12.0,10.0,7.486897,-12.0,10.0
568.944,7.486897,-12.0,10.0,7.486897,-12.0,10.0
568.961,7.486897,-12.0,10.0,7.486897,-12.0,10.0
568.978,7.390642,-12.0,10.0,7.390642,-12.0,10.0
568.994,7.879397,-12.0,10.0,7.879397,-12.0,10.0
569.011,7.879397,-12.0,10.0,7.879397,-12.0,10.0
569.028,7.879397,-12.0,10.0,7.879397,-12.0,10.0
569.044,7.879397,-12.0,10.0,7.879397,-12.0,10.0
569.061,7.879397,-12.0,10.0,7.879397,-12.0,10.0
569.078,7.879397,-12.0,10.0,7.879397,-12.0,10.0
569.094,7.879397,-12.0,10.0,7.879397,-12.0,10.0
569.111,8.075688,-12.0,10.0,8.075688,-12.0,10.0
569.127,8.561719,-12.0,10.0,8.561719,-12.0,10.0
569.144,8.561719,-12.0,10.0,8.561719,-12.0,10.0
569.161,8.561719,-12.0,10.0,8.561719,-12.0,10.0
569.178,8.365793,-12.0,10.0,8.365793,-12.0,10.0
569.194,8.855526,-12.0,10.0,8.855526,-12.0,10.0
569.211,8.855526,-12.0,10.0,8.855526,-12.0,10.0
569.227,8.855526,-12.0,10.0,8.855526,-12.0,10.0
569.245,8.855526,-12.0,10.0,8.855526,-12.0,10.0
569.261,8.855526,-12.0,10.0,8.855526,-12.0,10.0
569.278,8.855526,-12.0,10.0,8.855526,-12.0,10.0
569.294,8.951814,-12.0,10.0,8.951814,-12.0,10.0
569.311,9.440513,-12.0,10.0,9.440513,-12.0,10.0
569.327,9.440513,-12.0,10.0,9.440513,-12.0,10.0
569.344,9.440513,-12.0,10.0,9.440513,-12.0,10.0
569.361,9.440513,-12.0,10.0,9.440513,-12.0,10.0
569.378,9.440513,-12.0,10.0,9.440513,-12.0,10.0
569.394,9.440513,-12.0,10.0,9.440513,-12.0,10.0
569.411,9.928053,-12.0,10.0,9.928053,-12.0,10.0
569.427,9.928053,-12.0,10.0,9.928053,-12.0,10.0
569.444,9.928053,-12.0,10.0,9.928053,-12.0,10.0
569.461,9.928053,-12.0,10.0,9.928053,-12.0,10.0
569.478,9.928053,-12.0,10.0,9.928053,-12.0,10.0
569.494,9.928053,-12.0,10.0,9.928053,-12.0,10.0
569.511,10.02805,-12.0,10.0,10.02805,-12.0,10.0
569.527,10.51597,-12.0,10.0,10.51597,-12.0,10.0
569.544,10.51597,-12.0,10.0,10.51597,-12.0,10.0
569.561,10.51597,-12.0,10.0,10.51597,-12.0,10.0
569.578,10.31979,-12.0,10.0,10.31979,-12.0,10.0
569.599,10.05462,-12.0,10.0,10.05462,-12.0,10.0
569.611,9.974619,-12.0,10.0,9.974619,-12.0,10.0
569.627,9.5767,-12.0,10.0,9.5767,-12.0,10.0
569.644,9.672284,-12.0,10.0,9.672284,-12.0,10.0
569.661,9.672284,-12.0,10.0,9.672284,-12.0,10.0
569.678,9.672284,-12.0,10.0,9.672284,-12.0,10.0
569.694,9.5767,-12.0,10.0,9.5767,-12.0,10.0
569.711,9.047535,-12.0,10.0,9.047535,-12.0,10.0
569.728,9.047535,-12.0,10.0,9.047535,-12.0,10.0
569.744,9.047535,-12.0,10.0,9.047535,-12.0,10.0
569.761,9.047535,-12.0,10.0,9.047535,-12.0,10.0
569.778,9.047535,-12.0,10.0,9.047535,-12.0,10.0
569.794,9.047535,-12.0,10.0,9.047535,-12.0,10.0
569.811,8.592524,-12.0,10.0,8.592524,-12.0,10.0
569.828,8.592524,-12.0,10.0,8.592524,-12.0,10.0
569.844,8.592524,-12.0,10.0,8.592524,-12.0,10.0
569.861,8.592524,-12.0,10.0,8.592524,-12.0,10.0
569.878,8.592524,-12.0,10.0,8.592524,-12.0,10.0
569.894,8.592524,-12.0,10.0,8.592524,-12.0,10.0
569.911,8.107907,-12.0,10.0,8.107907,-12.0,10.0
569.927,8.688914,-12.0,10.0,8.688914,-12.0,10.0
569.944,8.688914,-12.0,10.0,8.688914,-12.0,10.0
569.961,8.107907,-12.0,10.0,8.107907,-12.0,10.0
569.978,8.107907,-12.0,10.0,8.107907,-12.0,10.0
569.995,8.107907,-12.0,10.0,8.107907,-12.0,10.0
570.011,7.61731,-12.0,10.0,7.61731,-12.0,10.0
570.028,8.199686,-12.0,10.0,8.199686,-12.0,10.0
570.044,8.199686,-12.0,10.0,8.199686,-12.0,10.0
570.061,7.61731,-12.0,10.0,7.61731,-12.0,10.0
570.078,8.199686,-12.0,10.0,8.199686,-12.0,10.0
570.094,8.199686,-12.0,10.0,8.199686,-12.0,10.0
570.111,7.712035,-12.0,10.0,7.712035,-12.0,10.0
570.127,7.712035,-12.0,10.0,7.712035,-12.0,10.0
570.145,7.712035,-12.0,10.0,7.712035,-12.0,10.0
570.161,7.712035,-12.0,10.0,7.712035,-12.0,10.0
570.178,7.612035,-12.0,10.0,7.612035,-12.0,10.0
570.194,7.123717,-12.0,10.0,7.123717,-12.0,10.0
570.211,7.123717,-12.0,10.0,7.123717,-12.0,10.0
570.228,7.123717,-12.0,10.0,7.123717,-12.0,10.0
570.244,7.123717,-12.0,10.0,7.123717,-12.0,10.0
570.261,7.123717,-12.0,10.0,7.123717,-12.0,10.0
570.278,7.123717,-12.0,10.0,7.123717,-12.0,10.0
570.294,7.223717,-12.0,10.0,7.223717,-12.0,10.0
570.311,6.736106,-12.0,10.0,6.736106,-12.0,10.0
570.328,6.736106,-12.0,10.0,6.736106,-12.0,10.0
570.344,6.736106,-12.0,10.0,6.736106,-12.0,10.0
570.361,6.736106,-12.0,10.0,6.736106,-12.0,10.0
570.378,6.636106,-12.0,10.0,6.636106,-12.0,10.0
570.394,6.147264,-12.0,10.0,6.147264,-12.0,10.0
570.411,6.147264,-12.0,10.0,6.147264,-12.0,10.0
570.428,6.147264,-12.0,10.0,6.147264,-12.0,10.0
570.445,6.147264,-12.0,10.0,6.147264,-12.0,10.0
570.461,6.147264,-12.0,10.0,6.147264,-12.0,10.0
570.478,6.147264,-12.0,10.0,6.147264,-12.0,10.0
570.494,6.247264,-12.0,10.0,6.247264,-12.0,10.0
570.511,5.759131,-12.0,10.0,5.759131,-12.0,10.0
570.528,5.759131,-12.0,10.0,5.759131,-12.0,10.0
570.545,5.759131,-12.0,10.0,5.759131,-12.0,10.0
570.561,5.759131,-12.0,10.0,5.759131,-12.0,10.0
570.578,5.759131,-12.0,10.0,5.759131,-12.0,10.0
570.594,5.759131,-12.0,10.0,5.759131,-12.0,10.0
570.611,5.27065,-12.0,10.0,5.27065,-12.0,10.0
570.628,5.27065,-12.0,10.0,5.27065,-12.0,10.0
570.645,5.27065,-12.0,10.0,5.27065,-12.0,10.0
570.661,5.27065,-12.0,10.0,5.27065,-12.0,10.0
570.678,5.17065,-12.0,10.0,5.17065,-12.0,10.0
570.694,4.68212,-12.0,10.0,4.68212,-12.0,10.0
570.711,4.68212,-12.0,10.0,4.68212,-12.0,10.0
570.728,4.68212,-12.0,10.0,4.68212,-12.0,10.0
570.744,4.68212,-12.0,10.0,4.68212,-12.0,10.0
570.761,4.68212,-12.0,10.0,4.68212,-12.0,10.0
570.778,4.68212,-12.0,10.0,4.68212,-12.0,10.0
570.794,4.78212,-12.0,10.0,4.78212,-12.0,10.0
570.811,4.293668,-12.0,10.0,4.293668,-12.0,10.0
570.828,4.293668,-12.0,10.0,4.293668,-12.0,10.0
570.844,4.293668,-12.0,10.0,4.293668,-12.0,10.0
570.862,4.293668,-12.0,10.0,4.293668,-12.0,10.0
570.878,4.293668,-12.0,10.0,4.293668,-12.0,10.0
570.894,4.293668,-12.0,10.0,4.293668,-12.0,10.0
570.911,3.80577,-12.0,10.0,3.80577,-12.0,10.0
570.928,3.80577,-12.0,10.0,3.80577,-12.0,10.0
570.944,3.80577,-12.0,10.0,3.80577,-12.0,10.0
570.961,3.80577,-12.0,10.0,3.80577,-12.0,10.0
570.978,3.80577,-12.0,10.0,3.80577,-12.0,10.0
570.994,3.80577,-12.0,10.0,3.80577,-12.0,10.0
571.011,3.317629,-12.0,10.0,3.317629,-12.0,10.0
571.028,3.317629,-12.0,10.0,3.317629,-12.0,10.0
571.044,3.317629,-12.0,10.0,3.317629,-12.0,10.0
571.061,3.317629,-12.0,10.0,3.317629,-12.0,10.0
571.078,3.217629,-12.0,10.0,3.217629,-12.0,10.0
571.095,2.729469,-12.0,10.0,2.729469,-12.0,10.0
571.111,2.729469,-12.0,10.0,2.729469,-12.0,10.0
571.128,2.729469,-12.0,10.0,2.729469,-12.0,10.0
571.144,2.729469,-12.0,10.0,2.729469,-12.0,10.0
571.161,2.729469,-12.0,10.0,2.729469,-12.0,10.0
571.178,2.729469,-12.0,10.0,2.729469,-12.0,10.0
571.195,2.829469,-12.0,10.0,2.829469,-12.0,10.0
571.211,2.34039,-12.0,10.0,2.34039,-12.0,10.0
571.228,2.34039,-12.0,10.0,2.34039,-12.0,10.0
571.244,2.34039,-12.0,10.0,2.34039,-12.0,10.0
571.261,2.34039,-12.0,10.0,2.34039,-12.0,10.0
571.279,2.34039,-12.0,10.0,2.34039,-12.0,10.0
571.295,2.34039,-12.0,10.0,2.34039,-12.0,10.0
571.311,1.852533,-12.0,10.0,1.852533,-12.0,10.0
571.328,1.852533,-12.0,10.0,1.852533,-12.0,10.0
571.349,1.852533,-12.0,10.0,1.852533,-12.0,10.0
571.361,1.752533,-12.0,10.0,1.752533,-12.0,10.0
571.378,2.052533,-12.0,10.0,2.052533,-12.0,10.0
571.394,1.852533,-12.0,10.0,1.852533,-12.0,10.0
571.412,1.364139,-12.0,10.0,1.364139,-12.0,10.0
571.428,1.364139,-12.0,10.0,1.364139,-12.0,10.0
571.444,1.364139,-12.0,10.0,1.364139,-12.0,10.0
571.461,1.364139,-12.0,10.0,1.364139,-12.0,10.0
571.478,1.364139,-12.0,10.0,1.364139,-12.0,10.0
571.494,1.364139,-12.0,10.0,1.364139,-12.0,10.0
571.511,0.87628,-12.0,10.0,0.87628,-12.0,10.0
571.528,0.87628,-12.0,10.0,0.87628,-12.0,10.0
571.544,0.87628,-12.0,10.0,0.87628,-12.0,10.0
571.561,0.87628,-12.0,10.0,0.87628,-12.0,10.0
571.578,0.77628,-12.0,10.0,0.77628,-12.0,10.0
571.594,0.287692,-12.0,10.0,0.287692,-12.0,10.0
571.611,0.287692,-12.0,10.0,0.287692,-12.0,10.0
571.628,0.287692,-12.0,10.0,0.287692,-12.0,10.0
571.645,0.287692,-12.0,10.0,0.287692,-12.0,10.0
571.661,0.287692,-12.0,10.0,0.287692,-12.0,10.0
571.678,0.287692,-12.0,10.0,0.287692,-12.0,10.0
571.695,0.287692,-12.0,10.0,0.287692,-12.0,10.0
571.711,0.487692,-12.0,10.0,0.487692,-12.0,10.0
571.728,-0.000497,-12.0,10.0,-0.000497,-12.0,10.0
571.745,-0.000497,-12.0,10.0,-0.000497,-12.0,10.0
571.761,-0.000497,-12.0,10.0,-0.000497,-12.0,10.0
571.778,-0.000497,-12.0,10.0,-0.000497,-12.0,10.0
571.794,-0.100497,-12.0,10.0,-0.100497,-12.0,10.0
571.811,-0.587968,-12.0,10.0,-0.587968,-12.0,10.0
571.828,-0.587968,-12.0,10.0,-0.587968,-12.0,10.0
571.845,-0.587968,-12.0,10.0,-0.587968,-12.0,10.0
571.861,-0.587968,-12.0,10.0,-0.587968,-12.0,10.0
571.878,-0.587968,-12.0,10.0,-0.587968,-12.0,10.0
571.894,-0.587968,-12.0,10.0,-0.587968,-12.0,10.0
571.911,-1.076662,-12.0,10.0,-1.076662,-12.0,10.0
571.928,-1.076662,-12.0,10.0,-1.076662,-12.0,10.0
571.944,-1.076662,-12.0,10.0,-1.076662,-12.0,10.0
571.961,-1.076662,-12.0,10.0,-1.076662,-12.0,10.0
571.978,-1.076662,-12.0,10.0,-1.076662,-12.0,10.0
571.994,-1.076662,-12.0,10.0,-1.076662,-12.0,10.0
572.011,-1.565225,-12.0,10.0,-1.565225,-12.0,10.0
572.028,-1.565225,-12.0,10.0,-1.565225,-12.0,10.0
572.044,-1.565225,-12.0,10.0,-1.565225,-12.0,10.0
572.061,-1.565225,-12.0,10.0,-1.565225,-12.0,10.0
572.078,-1.565225,-12.0,10.0,-1.565225,-12.0,10.0
572.094,-1.565225,-12.0,10.0,-1.565225,-12.0,10.0
572.111,-2.053246,-12.0,10.0,-2.053246,-12.0,10.0
572.128,-2.053246,-12.0,10.0,-2.053246,-12.0,10.0
572.144,-2.053246,-12.0,10.0,-2.053246,-12.0,10.0
572.161,-2.053246,-12.0,10.0,-2.053246,-12.0,10.0
572.178,-2.053246,-12.0,10.0,-2.053246,-12.0,10.0
572.195,-2.053246,-12.0,10.0,-2.053246,-12.0,10.0
572.211,-2.541634,-12.0,10.0,-2.541634,-12.0,10.0
572.228,-2.541634,-12.0,10.0,-2.541634,-12.0,10.0
572.245,-2.541634,-12.0,10.0,-2.541634,-12.0,10.0
572.261,-2.541634,-12.0,10.0,-2.541634,-12.0,10.0
572.278,-2.541634,-12.0,10.0,-2.541634,-12.0,10.0
572.295,-2.541634,-12.0,10.0,-2.541634,-12.0,10.0
572.311,-3.029663,-12.0,10.0,-3.029663,-12.0,10.0
572.328,-3.029663,-12.0,10.0,-3.029663,-12.0,10.0
572.344,-3.029663,-12.0,10.0,-3.029663,-12.0,10.0
572.361,-3.029663,-12.0,10.0,-3.029663,-12.0,10.0
572.378,-3.129663,-12.0,10.0,-3.129663,-12.0,10.0
572.395,-3.617816,-12.0,10.0,-3.617816,-12.0,10.0
572.411,-3.617816,-12.0,10.0,-3.617816,-12.0,10.0
572.428,-3.617816,-12.0,10.0,-3.617816,-12.0,10.0
572.445,-3.617816,-12.0,10.0,-3.617816,-12.0,10.0
572.461,-3.617816,-12.0,10.0,-3.617816,-12.0,10.0
572.478,-3.617816,-12.0,10.0,-3.617816,-12.0,10.0
572.495,-3.617816,-12.0,10.0,-3.617816,-12.0,10.0
572.512,-3.417816,-12.0,10.0,-3.417816,-12.0,10.0
572.528,-3.90618,-12.0,10.0,-3.90618,-12.0,10.0
572.545,-3.90618,-12.0,10.0,-3.90618,-12.0,10.0
572.561,-3.90618,-12.0,10.0,-3.90618,-12.0,10.0
572.578,-3.90618,-12.0,10.0,-3.90618,-12.0,10.0
572.595,-4.00618,-12.0,10.0,-4.00618,-12.0,10.0
572.611,-4.494173,-12.0,10.0,-4.494173,-12.0,10.0
572.628,-4.494173,-12.0,10.0,-4.494173,-12.0,10.0
572.644,-4.494173,-12.0,10.0,-4.494173,-12.0,10.0
572.661,-4.494173,-12.0,10.0,-4.494173,-12.0,10.0
572.678,-4.494173,-12.0,10.0,-4.494173,-12.0,10.0
572.694,-4.494173,-12.0,10.0,-4.494173,-12.0,10.0
572.711,-4.910623,-12.0,10.0,-4.910623,-12.0,10.0
572.728,-4.910623,-12.0,10.0,-4.910623,-12.0,10.0
572.745,-4.910623,-12.0,10.0,-4.910623,-12.0,10.0
572.761,-4.910623,-12.0,10.0,-4.910623,-12.0,10.0
572.778,-4.910623,-12.0,10.0,-4.910623,-12.0,10.0
572.795,-4.910623,-12.0,10.0,-4.910623,-12.0,10.0
572.811,-4.519186,-12.0,10.0,-4.519186,-12.0,10.0
572.828,-4.519186,-12.0,10.0,-4.519186,-12.0,10.0
572.845,-4.519186,-12.0,10.0,-4.519186,-12.0,10.0
572.861,-4.519186,-12.0,10.0,-4.519186,-12.0,10.0
572.878,-4.519186,-12.0,10.0,-4.519186,-12.0,10.0
572.895,-4.519186,-12.0,10.0,-4.519186,-12.0,10.0
572.911,-4.033459,-12.0,10.0,-4.033459,-12.0,10.0
572.928,-4.033459,-12.0,10.0,-4.033459,-12.0,10.0
572.945,-4.033459,-12.0,10.0,-4.033459,-12.0,10.0
572.961,-4.033459,-12.0,10.0,-4.033459,-12.0,10.0
572.978,-4.033459,-12.0,10.0,-4.033459,-12.0,10.0
572.995,-4.033459,-12.0,10.0,-4.033459,-12.0,10.0
573.011,-3.545237,-12.0,10.0,-3.545237,-12.0,10.0
573.028,-3.545237,-12.0,10.0,-3.545237,-12.0,10.0
573.045,-3.545237,-12.0,10.0,-3.545237,-12.0,10.0
573.061,-3.545237,-12.0,10.0,-3.545237,-12.0,10.0
573.078,-3.545237,-12.0,10.0,-3.545237,-12.0,10.0
573.095,-3.545237,-12.0,10.0,-3.545237,-12.0,10.0
573.111,-3.057461,-12.0,10.0,-3.057461,-12.0,10.0
573.128,-3.057461,-12.0,10.0,-3.057461,-12.0,10.0
573.145,-3.057461,-12.0,10.0,-3.057461,-12.0,10.0
573.161,-3.057461,-12.0,10.0,-3.057461,-12.0,10.0
573.178,-3.153681,-12.0,10.0,-3.153681,-12.0,10.0
573.195,-2.663606,-12.0,10.0,-2.663606,-12.0,10.0
573.211,-2.663606,-12.0,10.0,-2.663606,-12.0,10.0
573.228,-2.663606,-12.0,10.0,-2.663606,-12.0,10.0
573.245,-2.663606,-12.0,10.0,-2.663606,-12.0,10.0
573.261,-2.663606,-12.0,10.0,-2.663606,-12.0,10.0
573.278,-2.663606,-12.0,10.0,-2.663606,-12.0,10.0
573.295,-2.567228,-12.0,10.0,-2.567228,-12.0,10.0
573.311,-2.07997,-12.0,10.0,-2.07997,-12.0,10.0
573.328,-2.07997,-12.0,10.0,-2.07997,-12.0,10.0
573.345,-2.07997,-12.0,10.0,-2.07997,-12.0,10.0
573.361,-2.07997,-12.0,10.0,-2.07997,-12.0,10.0
573.378,-2.07997,-12.0,10.0,-2.07997,-12.0,10.0
573.395,-2.07997,-12.0,10.0,-2.07997,-12.0,10.0
573.411,-1.592343,-12.0,10.0,-1.592343,-12.0,10.0
573.428,-1.592343,-12.0,10.0,-1.592343,-12.0,10.0
573.444,-1.592343,-12.0,10.0,-1.592343,-12.0,10.0
573.461,-1.592343,-12.0,10.0,-1.592343,-12.0,10.0
573.478,-1.68866,-12.0,10.0,-1.68866,-12.0,10.0
573.495,-1.201265,-12.0,10.0,-1.201265,-12.0,10.0
573.511,-1.201265,-12.0,10.0,-1.201265,-12.0,10.0
573.528,-1.201265,-12.0,10.0,-1.201265,-12.0,10.0
573.544,-1.201265,-12.0,10.0,-1.201265,-12.0,10.0
573.562,-1.201265,-12.0,10.0,-1.201265,-12.0,10.0
573.578,-1.201265,-12.0,10.0,-1.201265,-12.0,10.0
573.595,-1.201265,-12.0,10.0,-1.201265,-12.0,10.0
573.611,-1.005062,-12.0,10.0,-1.005062,-12.0,10.0
573.628,-0.516673,-12.0,10.0,-0.5166734,-12.0,10.0
573.645,-0.516673,-12.0,10.0,-0.5166734,-12.0,10.0
573.661,-0.516673,-12.0,10.0,-0.5166734,-12.0,10.0
573.678,-0.516673,-12.0,10.0,-0.5166734,-12.0,10.0
573.695,-0.616673,-12.0,10.0,-0.6166734,-12.0,10.0
573.711,-0.127692,-12.0,10.0,-0.1276923,-12.0,10.0
573.728,-0.127692,-12.0,10.0,-0.1276923,-12.0,10.0
573.744,-0.127692,-12.0,10.0,-0.1276923,-12.0,10.0
573.761,-0.127692,-12.0,10.0,-0.1276923,-12.0,10.0
573.778,-0.223923,-12.0,10.0,-0.2239232,-12.0,10.0
573.795,0.264227,-12.0,10.0,0.2642272,-12.0,10.0
573.811,0.264227,-12.0,10.0,0.2642272,-12.0,10.0
573.828,0.264227,-12.0,10.0,0.2642272,-12.0,10.0
573.845,0.264227,-12.0,10.0,0.2642272,-12.0,10.0
573.862,0.264227,-12.0,10.0,0.2642272,-12.0,10.0
573.878,0.264227,-12.0,10.0,0.2642272,-12.0,10.0
573.895,0.360481,-12.0,10.0,0.3604807,-12.0,10.0
573.911,0.848109,-12.0,10.0,0.8481086,-12.0,10.0
573.928,0.848109,-12.0,10.0,0.8481086,-12.0,10.0
573.945,0.848109,-12.0,10.0,0.8481086,-12.0,10.0
573.961,0.848109,-12.0,10.0,0.8481086,-12.0,10.0
573.978,0.848109,-12.0,10.0,0.8481086,-12.0,10.0
573.995,0.848109,-12.0,10.0,0.8481086,-12.0,10.0
574.011,0.948109,-12.0,10.0,0.9481086,-12.0,10.0
574.028,1.437725,-12.0,10.0,1.437725,-12.0,10.0
574.045,1.437725,-12.0,10.0,1.437725,-12.0,10.0
574.061,1.437725,-12.0,10.0,1.437725,-12.0,10.0
574.078,1.2414,-12.0,10.0,1.2414,-12.0,10.0
574.095,1.735797,-12.0,10.0,1.735797,-12.0,10.0
574.111,1.735797,-12.0,10.0,1.735797,-12.0,10.0
574.128,1.735797,-12.0,10.0,1.735797,-12.0,10.0
574.145,1.735797,-12.0,10.0,1.735797,-12.0,10.0
574.162,1.735797,-12.0,10.0,1.735797,-12.0,10.0
574.18,1.735797,-12.0,10.0,1.735797,-12.0,10.0
574.195,1.832715,-12.0,10.0,1.832715,-12.0,10.0
574.212,2.414921,-12.0,10.0,2.414921,-12.0,10.0
574.228,2.314921,-12.0,10.0,2.314921,-12.0,10.0
574.245,2.314921,-12.0,10.0,2.314921,-12.0,10.0
574.263,2.314921,-12.0,10.0,2.314921,-12.0,10.0
574.278,2.218452,-12.0,10.0,2.218452,-12.0,10.0
574.295,2.792523,-12.0,10.0,2.792523,-12.0,10.0
574.311,2.698262,-12.0,10.0,2.698262,-12.0,10.0
574.328,2.698262,-12.0,10.0,2.698262,-12.0,10.0
574.345,2.698262,-12.0,10.0,2.698262,-12.0,10.0
574.361,2.698262,-12.0,10.0,2.698262,-12.0,10.0
574.378,2.698262,-12.0,10.0,2.698262,-12.0,10.0
574.395,2.792523,-12.0,10.0,2.792523,-12.0,10.0
574.411,3.289731,-12.0,10.0,3.289731,-12.0,10.0
574.428,3.289731,-12.0,10.0,3.289731,-12.0,10.0
574.445,3.289731,-12.0,10.0,3.289731,-12.0,10.0
574.461,3.289731,-12.0,10.0,3.289731,-12.0,10.0
574.478,3.289731,-12.0,10.0,3.289731,-12.0,10.0
574.495,3.289731,-12.0,10.0,3.289731,-12.0,10.0
574.511,3.778486,-12.0,10.0,3.778486,-12.0,10.0
574.528,3.778486,-12.0,10.0,3.778486,-12.0,10.0
574.545,3.778486,-12.0,10.0,3.778486,-12.0,10.0
574.561,3.778486,-12.0,10.0,3.778486,-12.0,10.0
574.578,3.778486,-12.0,10.0,3.778486,-12.0,10.0
574.595,3.778486,-12.0,10.0,3.778486,-12.0,10.0
574.611,4.265318,-12.0,10.0,4.265318,-12.0,10.0
574.628,4.265318,-12.0,10.0,4.265318,-12.0,10.0
574.645,4.265318,-12.0,10.0,4.265318,-12.0,10.0
574.661,4.265318,-12.0,10.0,4.265318,-12.0,10.0
574.678,4.265318,-12.0,10.0,4.265318,-12.0,10.0
574.695,4.265318,-12.0,10.0,4.265318,-12.0,10.0
574.711,4.755085,-12.0,10.0,4.755085,-12.0,10.0
574.728,4.755085,-12.0,10.0,4.755085,-12.0,10.0
574.745,4.755085,-12.0,10.0,4.755085,-12.0,10.0
574.761,4.755085,-12.0,10.0,4.755085,-12.0,10.0
574.778,4.755085,-12.0,10.0,4.755085,-12.0,10.0
574.795,4.755085,-12.0,10.0,4.755085,-12.0,10.0
574.812,5.243473,-12.0,10.0,5.243473,-12.0,10.0
574.828,5.243473,-12.0,10.0,5.243473,-12.0,10.0
574.845,5.243473,-12.0,10.0,5.243473,-12.0,10.0
574.861,5.243473,-12.0,10.0,5.243473,-12.0,10.0
574.878,5.243473,-12.0,10.0,5.243473,-12.0,10.0
574.895,5.243473,-12.0,10.0,5.243473,-12.0,10.0
574.911,5.731082,-12.0,10.0,5.731082,-12.0,10.0
574.928,5.731082,-12.0,10.0,5.731082,-12.0,10.0
574.945,5.731082,-12.0,10.0,5.731082,-12.0,10.0
574.961,5.731082,-12.0,10.0,5.731082,-12.0,10.0
574.978,5.634852,-12.0,10.0,5.634852,-12.0,10.0
574.995,6.123941,-12.0,10.0,6.123941,-12.0,10.0
575.011,6.123941,-12.0,10.0,6.123941,-12.0,10.0
575.028,6.123941,-12.0,10.0,6.123941,-12.0,10.0
575.045,6.123941,-12.0,10.0,6.123941,-12.0,10.0
575.061,6.123941,-12.0,10.0,6.123941,-12.0,10.0
575.078,6.123941,-12.0,10.0,6.123941,-12.0,10.0
575.095,6.123941,-12.0,10.0,6.123941,-12.0,10.0
575.111,6.320198,-12.0,10.0,6.320198,-12.0,10.0
575.128,6.80805,-12.0,10.0,6.80805,-12.0,10.0
575.145,6.80805,-12.0,10.0,6.80805,-12.0,10.0
575.161,6.80805,-12.0,10.0,6.80805,-12.0,10.0
575.178,6.80805,-12.0,10.0,6.80805,-12.0,10.0
575.195,6.70805,-12.0,10.0,6.70805,-12.0,10.0
575.211,7.19834,-12.0,10.0,7.19834,-12.0,10.0
575.228,7.19834,-12.0,10.0,7.19834,-12.0,10.0
575.245,7.19834,-12.0,10.0,7.19834,-12.0,10.0
575.261,7.19834,-12.0,10.0,7.19834,-12.0,10.0
575.278,7.101964,-12.0,10.0,7.101964,-12.0,10.0
575.295,7.588806,-12.0,10.0,7.588806,-12.0,10.0
575.311,7.588806,-12.0,10.0,7.588806,-12.0,10.0
575.328,7.588806,-12.0,10.0,7.588806,-12.0,10.0
575.345,7.588806,-12.0,10.0,7.588806,-12.0,10.0
575.361,7.588806,-12.0,10.0,7.588806,-12.0,10.0
575.378,7.588806,-12.0,10.0,7.588806,-12.0,10.0
575.395,7.68516,-12.0,10.0,7.68516,-12.0,10.0
575.412,8.174027,-12.0,10.0,8.174027,-12.0,10.0
575.428,8.174027,-12.0,10.0,8.174027,-12.0,10.0
575.445,8.174027,-12.0,10.0,8.174027,-12.0,10.0
575.461,8.174027,-12.0,10.0,8.174027,-12.0,10.0
575.478,8.174027,-12.0,10.0,8.174027,-12.0,10.0
575.495,8.174027,-12.0,10.0,8.174027,-12.0,10.0
575.511,8.661394,-12.0,10.0,8.661394,-12.0,10.0
575.528,8.661394,-12.0,10.0,8.661394,-12.0,10.0
575.545,8.661394,-12.0,10.0,8.661394,-12.0,10.0
575.561,8.661394,-12.0,10.0,8.661394,-12.0,10.0
575.578,8.565165,-12.0,10.0,8.565165,-12.0,10.0
575.595,9.05354,-12.0,10.0,9.05354,-12.0,10.0
575.611,9.05354,-12.0,10.0,9.05354,-12.0,10.0
575.628,9.05354,-12.0,10.0,9.05354,-12.0,10.0
575.645,9.05354,-12.0,10.0,9.05354,-12.0,10.0
575.661,9.05354,-12.0,10.0,9.05354,-12.0,10.0
575.678,9.05354,-12.0,10.0,9.05354,-12.0,10.0
575.695,9.149831,-12.0,10.0,9.149831,-12.0,10.0
575.711,9.636299,-12.0,10.0,9.636299,-12.0,10.0
575.728,9.636299,-12.0,10.0,9.636299,-12.0,10.0
575.745,9.636299,-12.0,10.0,9.636299,-12.0,10.0
575.762,9.636299,-12.0,10.0,9.636299,-12.0,10.0
575.778,9.636299,-12.0,10.0,9.636299,-12.0,10.0
575.795,9.636299,-12.0,10.0,9.636299,-12.0,10.0
575.811,10.12545,-12.0,10.0,10.12545,-12.0,10.0
575.828,10.12545,-12.0,10.0,10.12545,-12.0,10.0
575.845,10.12545,-12.0,10.0,10.12545,-12.0,10.0
575.861,10.12545,-12.0,10.0,10.12545,-12.0,10.0
575.878,10.12545,-12.0,10.0,10.12545,-12.0,10.0
575.895,10.12545,-12.0,10.0,10.12545,-12.0,10.0
575.911,10.22545,-12.0,10.0,10.22545,-12.0,10.0
575.928,10.47004,-12.0,10.0,10.47004,-12.0,10.0
575.945,10.47004,-12.0,10.0,10.47004,-12.0,10.0
575.961,10.47004,-12.0,10.0,10.47004,-12.0,10.0
575.979,10.47004,-12.0,10.0,10.47004,-12.0,10.0
575.995,9.8358,-12.0,10.0,9.8358,-12.0,10.0
576.011,9.374844,-12.0,10.0,9.374844,-12.0,10.0
576.028,9.374844,-12.0,10.0,9.374844,-12.0,10.0
576.045,9.374844,-12.0,10.0,9.374844,-12.0,10.0
576.061,9.374844,-12.0,10.0,9.374844,-12.0,10.0
576.078,9.471106,-12.0,10.0,9.471106,-12.0,10.0
576.095,8.985394,-12.0,10.0,8.985394,-12.0,10.0
576.112,8.985394,-12.0,10.0,8.985394,-12.0,10.0
576.128,8.985394,-12.0,10.0,8.985394,-12.0,10.0
576.145,8.985394,-12.0,10.0,8.985394,-12.0,10.0
576.161,8.985394,-12.0,10.0,8.985394,-12.0,10.0
576.178,8.985394,-12.0,10.0,8.985394,-12.0,10.0
576.195,8.985394,-12.0,10.0,8.985394,-12.0,10.0
576.211,8.789638,-12.0,10.0,8.789638,-12.0,10.0
576.228,8.298869,-12.0,10.0,8.298869,-12.0,10.0
576.245,8.298869,-12.0,10.0,8.298869,-12.0,10.0
576.261,8.298869,-12.0,10.0,8.298869,-12.0,10.0
576.278,8.298869,-12.0,10.0,8.298869,-12.0,10.0
576.295,9.079946,-12.0,10.0,9.079946,-12.0,10.0
576.311,8.298869,-12.0,10.0,8.298869,-12.0,10.0
576.328,8.589501,-12.0,10.0,8.589501,-12.0,10.0
576.345,8.589501,-12.0,10.0,8.589501,-12.0,10.0
576.361,8.589501,-12.0,10.0,8.589501,-12.0,10.0
1516.244,0.0,-0.006949,0.0,0.0,0.0,0.0
1516.25,0.0,-0.016555,0.0,0.0,0.0,0.0
1516.265,0.0,-0.028686,0.0,0.0,0.0,0.0
1516.282,0.0,-0.043516,0.0,0.0,0.0,0.0
1516.298,0.0,-0.060879,0.0,0.0,0.0,0.0
1516.315,0.019812,-12.0,10.0,0.019812,-12.0,10.0
1516.332,0.019812,-12.0,10.0,0.019812,-12.0,10.0
1516.349,0.019812,-12.0,10.0,0.019812,-12.0,10.0
1516.365,-0.180188,-12.0,10.0,-0.180188,-12.0,10.0
1516.382,0.523475,-12.0,10.0,0.5234748,-12.0,10.0
1516.399,0.523475,-12.0,10.0,0.5234748,-12.0,10.0
1516.415,0.523475,-12.0,10.0,0.5234748,-12.0,10.0
1516.432,0.523475,-12.0,10.0,0.5234748,-12.0,10.0
1516.449,0.523475,-12.0,10.0,0.5234748,-12.0,10.0
1516.465,0.523475,-12.0,10.0,0.5234748,-12.0,10.0
1516.482,1.013266,-12.0,10.0,1.013266,-12.0,10.0
1516.499,1.013266,-12.0,10.0,1.013266,-12.0,10.0
1516.515,1.013266,-12.0,10.0,1.013266,-12.0,10.0
1516.532,1.013266,-12.0,10.0,1.013266,-12.0,10.0
1516.549,1.013266,-12.0,10.0,1.013266,-12.0,10.0
1516.565,1.013266,-12.0,10.0,1.013266,-12.0,10.0
1516.582,1.499974,-12.0,10.0,1.499974,-12.0,10.0
1516.599,1.499974,-12.0,10.0,1.499974,-12.0,10.0
1516.615,1.499974,-12.0,10.0,1.499974,-12.0,10.0
1516.632,1.499974,-12.0,10.0,1.499974,-12.0,10.0
1516.649,1.499974,-12.0,10.0,1.499974,-12.0,10.0
1516.665,1.499974,-12.0,10.0,1.499974,-12.0,10.0
1516.682,1.987999,-12.0,10.0,1.987999,-12.0,10.0
1516.699,1.987999,-12.0,10.0,1.987999,-12.0,10.0
1516.715,1.987999,-12.0,10.0,1.987999,-12.0,10.0
1516.732,1.987999,-12.0,10.0,1.987999,-12.0,10.0
1516.749,1.911783,-12.0,10.0,1.911783,-12.0,10.0
1516.765,2.400055,-12.0,10.0,2.400055,-12.0,10.0
1516.782,2.400055,-12.0,10.0,2.400055,-12.0,10.0
1516.799,2.400055,-12.0,10.0,2.400055,-12.0,10.0
1516.815,2.400055,-12.0,10.0,2.400055,-12.0,10.0
1516.832,2.400055,-12.0,10.0,2.400055,-12.0,10.0
1516.848,2.400055,-12.0,10.0,2.400055,-12.0,10.0
1516.865,2.400055,-12.0,10.0,2.400055,-12.0,10.0
1516.882,2.572477,-12.0,10.0,2.572477,-12.0,10.0
1516.899,3.061181,-12.0,10.0,3.061181,-12.0,10.0
1516.915,3.061181,-12.0,10.0,3.061181,-12.0,10.0
1516.932,3.061181,-12.0,10.0,3.061181,-12.0,10.0
1516.948,2.888677,-12.0,10.0,2.888677,-12.0,10.0
1516.965,3.376745,-12.0,10.0,3.376745,-12.0,10.0
1516.982,3.376745,-12.0,10.0,3.376745,-12.0,10.0
1516.998,3.376745,-12.0,10.0,3.376745,-12.0,10.0
1517.015,3.376745,-12.0,10.0,3.376745,-12.0,10.0
1517.032,3.376745,-12.0,10.0,3.376745,-12.0,10.0
1517.049,3.376745,-12.0,10.0,3.376745,-12.0,10.0
1517.065,3.453072,-12.0,10.0,3.453072,-12.0,10.0
1517.082,3.941447,-12.0,10.0,3.941447,-12.0,10.0
1517.099,3.941447,-12.0,10.0,3.941447,-12.0,10.0
1517.115,3.941447,-12.0,10.0,3.941447,-12.0,10.0
1517.132,3.941447,-12.0,10.0,3.941447,-12.0,10.0
1517.149,3.941447,-12.0,10.0,3.941447,-12.0,10.0
1517.165,3.941447,-12.0,10.0,3.941447,-12.0,10.0
1517.182,4.037772,-12.0,10.0,4.037772,-12.0,10.0
1517.199,4.525674,-12.0,10.0,4.525674,-12.0,10.0
1517.215,4.525674,-12.0,10.0,4.525674,-12.0,10.0
1517.232,4.525674,-12.0,10.0,4.525674,-12.0,10.0
1517.249,4.35323,-12.0,10.0,4.35323,-12.0,10.0
1517.265,4.841349,-12.0,10.0,4.841349,-12.0,10.0
1517.282,4.841349,-12.0,10.0,4.841349,-12.0,10.0
1517.299,4.841349,-12.0,10.0,4.841349,-12.0,10.0
1517.315,4.841349,-12.0,10.0,4.841349,-12.0,10.0
1517.332,4.841349,-12.0,10.0,4.841349,-12.0,10.0
1517.349,4.841349,-12.0,10.0,4.841349,-12.0,10.0
1517.365,4.917624,-12.0,10.0,4.917624,-12.0,10.0
1517.382,5.405371,-12.0,10.0,5.405371,-12.0,10.0
1517.399,5.405371,-12.0,10.0,5.405371,-12.0,10.0
1517.415,5.405371,-12.0,10.0,5.405371,-12.0,10.0
1517.432,5.405371,-12.0,10.0,5.405371,-12.0,10.0
1517.449,5.405371,-12.0,10.0,5.405371,-12.0,10.0
1517.465,5.405371,-12.0,10.0,5.405371,-12.0,10.0
1517.482,5.894407,-12.0,10.0,5.894407,-12.0,10.0
1517.499,5.894407,-12.0,10.0,5.894407,-12.0,10.0
1517.515,5.894407,-12.0,10.0,5.894407,-12.0,10.0
1517.532,5.894407,-12.0,10.0,5.894407,-12.0,10.0
1517.549,5.894407,-12.0,10.0,5.894407,-12.0,10.0
1517.566,5.894407,-12.0,10.0,5.894407,-12.0,10.0
1517.582,6.383437,-12.0,10.0,6.383437,-12.0,10.0
1517.599,6.383437,-12.0,10.0,6.383437,-12.0,10.0
1517.615,6.383437,-12.0,10.0,6.383437,-12.0,10.0
1517.632,6.383437,-12.0,10.0,6.383437,-12.0,10.0
1517.649,6.383437,-12.0,10.0,6.383437,-12.0,10.0
1517.665,6.383437,-12.0,10.0,6.383437,-12.0,10.0
1517.682,6.874933,-12.0,10.0,6.874933,-12.0,10.0
1517.699,6.874933,-12.0,10.0,6.874933,-12.0,10.0
1517.715,6.874933,-12.0,10.0,6.874933,-12.0,10.0
1517.732,6.874933,-12.0,10.0,6.874933,-12.0,10.0
1517.749,6.798194,-12.0,10.0,6.798194,-12.0,10.0
1517.765,7.282646,-12.0,10.0,7.282646,-12.0,10.0
1517.782,7.282646,-12.0,10.0,7.282646,-12.0,10.0
1517.799,7.282646,-12.0,10.0,7.282646,-12.0,10.0
1517.815,7.282646,-12.0,10.0,7.282646,-12.0,10.0
1517.832,7.282646,-12.0,10.0,7.282646,-12.0,10.0
1517.849,7.282646,-12.0,10.0,7.282646,-12.0,10.0
1517.865,7.358973,-12.0,10.0,7.358973,-12.0,10.0
1517.882,7.847026,-12.0,10.0,7.847026,-12.0,10.0
1517.899,7.847026,-12.0,10.0,7.847026,-12.0,10.0
1517.915,7.847026,-12.0,10.0,7.847026,-12.0,10.0
1517.932,7.847026,-12.0,10.0,7.847026,-12.0,10.0
1517.949,7.847026,-12.0,10.0,7.847026,-12.0,10.0
1517.965,7.847026,-12.0,10.0,7.847026,-12.0,10.0
1517.982,7.943242,-12.0,10.0,7.943242,-12.0,10.0
1517.999,8.431826,-12.0,10.0,8.431826,-12.0,10.0
1518.015,8.431826,-12.0,10.0,8.431826,-12.0,10.0
1518.032,8.431826,-12.0,10.0,8.431826,-12.0,10.0
1518.049,8.259259,-12.0,10.0,8.259259,-12.0,10.0
1518.065,8.747259,-12.0,10.0,8.747259,-12.0,10.0
1518.082,8.747259,-12.0,10.0,8.747259,-12.0,10.0
1518.099,8.747259,-12.0,10.0,8.747259,-12.0,10.0
1518.115,8.747259,-12.0,10.0,8.747259,-12.0,10.0
1518.132,8.747259,-12.0,10.0,8.747259,-12.0,10.0
1518.149,8.747259,-12.0,10.0,8.747259,-12.0,10.0
1518.165,8.823432,-12.0,10.0,8.823432,-12.0,10.0
1518.182,9.31232,-12.0,10.0,9.31232,-12.0,10.0
1518.199,9.31232,-12.0,10.0,9.31232,-12.0,10.0
1518.215,9.31232,-12.0,10.0,9.31232,-12.0,10.0
1518.232,9.31232,-12.0,10.0,9.31232,-12.0,10.0
1518.249,9.31232,-12.0,10.0,9.31232,-12.0,10.0
1518.265,9.31232,-12.0,10.0,9.31232,-12.0,10.0
1518.282,9.408605,-12.0,10.0,9.408605,-12.0,10.0
1518.299,9.89455,-12.0,10.0,9.89455,-12.0,10.0
1518.315,9.89455,-12.0,10.0,9.89455,-12.0,10.0
1518.332,9.89455,-12.0,10.0,9.89455,-12.0,10.0
1518.349,9.722906,-12.0,10.0,9.722906,-12.0,10.0
1518.365,10.21186,-12.0,10.0,10.21186,-12.0,10.0
1518.382,10.21186,-12.0,10.0,10.21186,-12.0,10.0
1518.399,10.21186,-12.0,10.0,10.21186,-12.0,10.0
1518.415,10.21186,-12.0,10.0,10.21186,-12.0,10.0
1518.432,10.21186,-12.0,10.0,10.21186,-12.0,10.0
1518.449,10.21186,-12.0,10.0,10.21186,-12.0,10.0
1518.465,9.90311,-12.0,10.0,9.90311,-12.0,10.0
1518.482,9.716928,-12.0,10.0,9.716928,-12.0,10.0
1518.499,9.716928,-12.0,10.0,9.716928,-12.0,10.0
1518.515,9.716928,-12.0,10.0,9.716928,-12.0,10.0
1518.532,9.716928,-12.0,10.0,9.716928,-12.0,10.0
1518.549,9.791904,-12.0,10.0,9.791904,-12.0,10.0
1518.565,9.288941,-12.0,10.0,9.288941,-12.0,10.0
1518.582,9.288941,-12.0,10.0,9.288941,-12.0,10.0
1518.599,9.288941,-12.0,10.0,9.288941,-12.0,10.0
1518.615,9.288941,-12.0,10.0,9.288941,-12.0,10.0
1518.632,9.288941,-12.0,10.0,9.288941,-12.0,10.0
1518.649,9.288941,-12.0,10.0,9.288941,-12.0,10.0
1518.665,9.288941,-12.0,10.0,9.288941,-12.0,10.0
1518.682,9.11657,-12.0,10.0,9.11657,-12.0,10.0
1518.699,8.627834,-12.0,10.0,8.627834,-12.0,10.0
1518.715,8.627834,-12.0,10.0,8.627834,-12.0,10.0
1518.732,8.627834,-12.0,10.0,8.627834,-12.0,10.0
1518.749,8.627834,-12.0,10.0,8.627834,-12.0,10.0
1518.765,8.724039,-12.0,10.0,8.724039,-12.0,10.0
1518.782,8.235522,-12.0,10.0,8.235522,-12.0,10.0
1518.799,8.235522,-12.0,10.0,8.235522,-12.0,10.0
1518.816,8.235522,-12.0,10.0,8.235522,-12.0,10.0
1518.832,8.235522,-12.0,10.0,8.235522,-12.0,10.0
1518.849,8.311763,-12.0,10.0,8.311763,-12.0,10.0
1518.865,7.823125,-12.0,10.0,7.823125,-12.0,10.0
1518.882,7.823125,-12.0,10.0,7.823125,-12.0,10.0
1518.899,7.823125,-12.0,10.0,7.823125,-12.0,10.0
1518.915,7.823125,-12.0,10.0,7.823125,-12.0,10.0
1518.932,7.823125,-12.0,10.0,7.823125,-12.0,10.0
1518.949,7.823125,-12.0,10.0,7.823125,-12.0,10.0
1518.965,7.746757,-12.0,10.0,7.746757,-12.0,10.0
1518.982,7.258447,-12.0,10.0,7.258447,-12.0,10.0
1518.999,7.258447,-12.0,10.0,7.258447,-12.0,10.0
1519.015,7.258447,-12.0,10.0,7.258447,-12.0,10.0
1519.032,7.258447,-12.0,10.0,7.258447,-12.0,10.0
1519.049,7.258447,-12.0,10.0,7.258447,-12.0,10.0
1519.066,7.258447,-12.0,10.0,7.258447,-12.0,10.0
1519.082,7.16207,-12.0,10.0,7.16207,-12.0,10.0
1519.099,6.674448,-12.0,10.0,6.674448,-12.0,10.0
1519.115,6.674448,-12.0,10.0,6.674448,-12.0,10.0
1519.132,6.674448,-12.0,10.0,6.674448,-12.0,10.0
1519.149,6.674448,-12.0,10.0,6.674448,-12.0,10.0
1519.165,6.770706,-12.0,10.0,6.770706,-12.0,10.0
1519.182,6.277446,-12.0,10.0,6.277446,-12.0,10.0
1519.201,6.277446,-12.0,10.0,6.277446,-12.0,10.0
1519.222,6.354258,-12.0,10.0,6.354258,-12.0,10.0
1519.232,6.354258,-12.0,10.0,6.354258,-12.0,10.0
1519.249,6.080634,-12.0,10.0,6.080634,-12.0,10.0
1519.266,6.277446,-12.0,10.0,6.277446,-12.0,10.0
1519.282,5.794096,-12.0,10.0,5.794096,-12.0,10.0
1519.299,5.794096,-12.0,10.0,5.794096,-12.0,10.0
1519.316,5.794096,-12.0,10.0,5.794096,-12.0,10.0
1519.332,5.794096,-12.0,10.0,5.794096,-12.0,10.0
1519.349,5.870444,-12.0,10.0,5.870444,-12.0,10.0
1519.366,5.382476,-12.0,10.0,5.382476,-12.0,10.0
1519.382,5.382476,-12.0,10.0,5.382476,-12.0,10.0
1519.399,5.382476,-12.0,10.0,5.382476,-12.0,10.0
1519.416,5.382476,-12.0,10.0,5.382476,-12.0,10.0
1519.433,5.382476,-12.0,10.0,5.382476,-12.0,10.0
1519.449,5.382476,-12.0,10.0,5.382476,-12.0,10.0
1519.466,5.382476,-12.0,10.0,5.382476,-12.0,10.0
1519.482,5.210468,-12.0,10.0,5.210468,-12.0,10.0
1519.499,4.721025,-12.0,10.0,4.721025,-12.0,10.0
1519.515,4.721025,-12.0,10.0,4.721025,-12.0,10.0
1519.532,4.721025,-12.0,10.0,4.721025,-12.0,10.0
1519.549,4.721025,-12.0,10.0,4.721025,-12.0,10.0
1519.566,4.817327,-12.0,10.0,4.817327,-12.0,10.0
1519.583,4.329433,-12.0,10.0,4.329433,-12.0,10.0
1519.599,4.329433,-12.0,10.0,4.329433,-12.0,10.0
1519.615,4.329433,-12.0,10.0,4.329433,-12.0,10.0
1519.632,4.329433,-12.0,10.0,4.329433,-12.0,10.0
1519.649,4.405695,-12.0,10.0,4.405695,-12.0,10.0
1519.666,3.917762,-12.0,10.0,3.917762,-12.0,10.0
1519.682,3.917762,-12.0,10.0,3.917762,-12.0,10.0
