567.264,00.000000,-12.000000,10.000000,00.000000,00.000000,00.000000
567.303,00.000000,-12.000000,10.000000,00.000000,00.000000,00.000000
567.320,00.033284,-12.000000,10.000000,00.882280,00.000000,00.000000
567.343,00.134549,-12.000000,10.000000,02.646840,00.000000,00.000000
567.344,00.137709,-12.000000,10.000000,02.646840,00.000000,00.000000
567.361,00.205594,-12.000000,10.000000,03.529120,00.000000,00.000000
567.378,00.288298,-12.000000,10.000000,04.411400,00.000000,00.000000
567.394,00.370386,-12.000000,10.000000,04.882280,00.000000,00.000000
567.410,00.451851,-12.000000,10.000000,04.882280,00.000000,00.000000
567.427,00.533297,-12.000000,10.000000,04.882280,00.000000,00.000000
567.444,00.613955,-12.000000,10.000000,04.882280,00.000000,00.000000
567.461,00.696340,-12.000000,10.000000,04.882280,00.000000,00.000000
567.477,00.776905,-12.000000,10.000000,04.882280,00.000000,00.000000
567.494,00.858868,-12.000000,10.000000,04.882280,00.000000,00.000000
567.510,00.940369,-12.000000,10.000000,04.882280,00.000000,00.000000
567.527,01.021022,-12.000000,10.000000,04.882280,00.000000,00.000000
567.544,01.103103,-12.000000,10.000000,04.882280,00.000000,00.000000
567.561,01.183902,-12.000000,10.000000,04.882280,00.000000,00.000000
567.577,01.265141,-12.000000,10.000000,04.882280,00.000000,00.000000
567.595,01.349611,-12.000000,10.000000,04.882280,00.000000,00.000000
567.610,01.427798,-12.000000,10.000000,04.882280,00.000000,00.000000
567.627,01.509678,-12.000000,10.000000,04.882280,00.000000,00.000000
567.644,01.590996,-12.000000,10.000000,04.882280,00.000000,00.000000
567.661,01.672091,-12.000000,10.000000,04.882280,00.000000,00.000000
567.677,01.753332,-12.000000,10.000000,04.882280,00.000000,00.000000
567.694,01.835336,-12.000000,10.000000,04.882280,00.000000,00.000000
567.711,01.916814,-12.000000,10.000000,04.882280,00.000000,00.000000
567.727,01.998614,-12.000000,10.000000,04.882280,00.000000,00.000000
567.744,02.079698,-12.000000,10.000000,04.882280,00.000000,00.000000
567.761,02.161123,-12.000000,10.000000,04.882280,00.000000,00.000000
567.777,02.242085,-12.000000,10.000000,04.882280,00.000000,00.000000
567.794,02.323781,-12.000000,10.000000,04.882280,00.000000,00.000000
567.810,02.404631,-12.000000,10.000000,04.882280,00.000000,00.000000
567.827,02.486220,-12.000000,10.000000,04.882280,00.000000,00.000000
567.845,02.575231,-12.000000,10.000000,04.882280,00.000000,00.000000
567.861,02.649717,-12.000000,10.000000,04.882280,00.000000,00.000000
567.877,02.730797,-12.000000,10.000000,04.882280,00.000000,00.000000
567.894,02.812429,-12.000000,10.000000,04.882280,00.000000,00.000000
567.911,02.893595,-12.000000,10.000000,04.882280,00.000000,00.000000
567.927,02.974344,-12.000000,10.000000,04.882280,00.000000,00.000000
567.944,03.056228,-12.000000,10.000000,04.882280,00.000000,00.000000
567.961,03.137342,-12.000000,10.000000,04.882280,00.000000,00.000000
567.977,03.218398,-12.000000,10.000000,04.882280,00.000000,00.000000
567.995,03.303593,-12.000000,10.000000,04.882280,00.000000,00.000000
568.010,03.381187,-12.000000,10.000000,04.882280,00.000000,00.000000
568.027,03.463155,-12.000000,10.000000,04.882280,00.000000,00.000000
568.044,03.544375,-12.000000,10.000000,04.882280,00.000000,00.000000
568.061,03.625675,-12.000000,10.000000,04.882280,00.000000,00.000000
568.077,03.706800,-12.000000,10.000000,04.882280,00.000000,00.000000
568.094,03.788574,-12.000000,10.000000,04.882280,00.000000,00.000000
568.111,03.870611,-12.000000,10.000000,04.882280,00.000000,00.000000
568.127,03.951691,-12.000000,10.000000,04.882280,00.000000,00.000000
568.144,04.032561,-12.000000,10.000000,04.882280,00.000000,00.000000
568.161,04.113842,-12.000000,10.000000,04.882280,00.000000,00.000000
568.177,04.195001,-12.000000,10.000000,04.882280,00.000000,00.000000
568.194,04.276692,-12.000000,10.000000,04.882280,00.000000,00.000000
568.210,04.357680,-12.000000,10.000000,04.882280,00.000000,00.000000
568.228,04.444643,-12.000000,10.000000,04.882280,00.000000,00.000000
568.244,04.520452,-12.000000,10.000000,04.882280,00.000000,00.000000
568.261,04.601951,-12.000000,10.000000,04.882280,00.000000,00.000000
568.277,04.683297,-12.000000,10.000000,04.882280,00.000000,00.000000
568.294,04.764873,-12.000000,10.000000,04.882280,00.000000,00.000000
568.310,04.845871,-12.000000,10.000000,04.882280,00.000000,00.000000
568.327,04.927856,-12.000000,10.000000,04.882280,00.000000,00.000000
568.344,05.008829,-12.000000,10.000000,04.882280,00.000000,00.000000
568.361,05.089825,-12.000000,10.000000,04.882280,00.000000,00.000000
568.377,05.172011,-12.000000,10.000000,04.882280,00.000000,00.000000
568.394,05.252568,-12.000000,10.000000,04.882280,00.000000,00.000000
568.411,05.335126,-12.000000,10.000000,04.882280,00.000000,00.000000
568.427,05.415651,-12.000000,10.000000,04.882280,00.000000,00.000000
568.444,05.496767,-12.000000,10.000000,04.882280,00.000000,00.000000
568.461,05.578452,-12.000000,10.000000,04.882280,00.000000,00.000000
568.477,05.659959,-12.000000,10.000000,04.882280,00.000000,00.000000
568.494,05.741514,-12.000000,10.000000,04.882280,00.000000,00.000000
568.510,05.822372,-12.000000,10.000000,04.882280,00.000000,00.000000
568.527,05.903720,-12.000000,10.000000,04.882280,00.000000,00.000000
568.544,05.984821,-12.000000,10.000000,04.882280,00.000000,00.000000
568.561,06.066562,-12.000000,10.000000,04.882280,00.000000,00.000000
568.577,06.147851,-12.000000,10.000000,04.882280,00.000000,00.000000
568.594,06.229694,-12.000000,10.000000,04.882280,00.000000,00.000000
568.610,06.310912,-12.000000,10.000000,04.882280,00.000000,00.000000
568.627,06.392933,-12.000000,10.000000,04.882280,00.000000,00.000000
568.644,06.473459,-12.000000,10.000000,04.882280,00.000000,00.000000
568.661,06.554750,-12.000000,10.000000,04.882280,00.000000,00.000000
568.677,06.636042,-12.000000,10.000000,04.882280,00.000000,00.000000
568.694,06.717802,-12.000000,10.000000,04.882280,00.000000,00.000000
568.710,06.798755,-12.000000,10.000000,04.882280,00.000000,00.000000
568.727,06.880074,-12.000000,10.000000,04.882280,00.000000,00.000000
568.744,06.961749,-12.000000,10.000000,04.882280,00.000000,00.000000
568.761,07.043049,-12.000000,10.000000,04.882280,00.000000,00.000000
568.777,07.124419,-12.000000,10.000000,04.882280,00.000000,00.000000
568.794,07.205624,-12.000000,10.000000,04.882280,00.000000,00.000000
568.811,07.287877,-12.000000,10.000000,04.882280,00.000000,00.000000
568.827,07.368955,-12.000000,10.000000,04.882280,00.000000,00.000000
568.844,07.449955,-12.000000,10.000000,04.882280,00.000000,00.000000
568.861,07.531590,-12.000000,10.000000,04.882280,00.000000,00.000000
568.877,07.612713,-12.000000,10.000000,04.882280,00.000000,00.000000
568.894,07.694233,-12.000000,10.000000,04.882280,00.000000,00.000000
568.911,07.776151,-12.000000,10.000000,04.882280,00.000000,00.000000
568.927,07.857111,-12.000000,10.000000,04.882280,00.000000,00.000000
568.944,07.938387,-12.000000,10.000000,04.882280,00.000000,00.000000
568.961,08.019745,-12.000000,10.000000,04.882280,00.000000,00.000000
568.978,08.102527,-12.000000,10.000000,04.882280,00.000000,00.000000
568.994,08.182093,-12.000000,10.000000,04.882280,00.000000,00.000000
569.010,08.263942,-12.000000,10.000000,04.882280,00.000000,00.000000
569.027,08.345325,-12.000000,10.000000,04.882280,00.000000,00.000000
569.044,08.427356,-12.000000,10.000000,04.882280,00.000000,00.000000
569.061,08.507914,-12.000000,10.000000,04.882280,00.000000,00.000000
569.077,08.588929,-12.000000,10.000000,04.882280,00.000000,00.000000
569.094,08.670376,-12.000000,10.000000,04.882280,00.000000,00.000000
569.110,08.751690,-12.000000,10.000000,04.882280,00.000000,00.000000
569.127,08.834147,-12.000000,10.000000,04.882280,00.000000,00.000000
569.144,08.914636,-12.000000,10.000000,04.882280,00.000000,00.000000
569.161,08.995853,-12.000000,10.000000,04.882280,00.000000,00.000000
569.177,09.077355,-12.000000,10.000000,04.882280,00.000000,00.000000
569.194,09.158964,-12.000000,10.000000,04.882280,00.000000,00.000000
569.211,09.241091,-12.000000,10.000000,04.882280,00.000000,00.000000
569.227,09.321382,-12.000000,10.000000,04.882280,00.000000,00.000000
569.244,09.403301,-12.000000,10.000000,04.882280,00.000000,00.000000
569.261,09.484208,-12.000000,10.000000,04.882280,00.000000,00.000000
569.277,09.565746,-12.000000,10.000000,04.882280,00.000000,00.000000
569.294,09.646873,-12.000000,10.000000,04.882280,00.000000,00.000000
569.310,09.728003,-12.000000,10.000000,04.882280,00.000000,00.000000
569.327,09.810140,-12.000000,10.000000,04.882280,00.000000,00.000000
569.344,09.891565,-12.000000,10.000000,04.882280,00.000000,00.000000
569.361,09.972632,-12.000000,10.000000,04.882280,00.000000,00.000000
569.377,10.054150,-12.000000,10.000000,04.882280,00.000000,00.000000
569.394,10.135060,-12.000000,10.000000,04.882280,00.000000,00.000000
569.410,10.216610,-12.000000,10.000000,04.882280,00.000000,00.000000
569.427,10.096010,-12.000000,10.000000,-00.882280,00.000000,00.000000
569.444,10.053100,-12.000000,10.000000,-01.764560,00.000000,00.000000
569.461,09.998570,-12.000000,10.000000,-02.646840,00.000000,00.000000
569.477,09.932570,-12.000000,10.000000,-03.529120,00.000000,00.000000
569.494,09.854619,-12.000000,10.000000,-04.411400,00.000000,00.000000
569.510,09.781304,-12.000000,10.000000,-04.411400,00.000000,00.000000
569.527,09.691377,-12.000000,10.000000,-04.882280,00.000000,00.000000
569.544,09.609804,-12.000000,10.000000,-04.882280,00.000000,00.000000
569.561,09.527513,-12.000000,10.000000,-04.882280,00.000000,00.000000
569.577,09.446939,-12.000000,10.000000,-04.882280,00.000000,00.000000
569.598,09.345198,-12.000000,10.000000,-04.882280,00.000000,00.000000
569.610,09.284449,-12.000000,10.000000,-04.882280,00.000000,00.000000
569.627,09.202513,-12.000000,10.000000,-04.882280,00.000000,00.000000
569.644,09.121238,-12.000000,10.000000,-04.882280,00.000000,00.000000
569.661,09.039950,-12.000000,10.000000,-04.882280,00.000000,00.000000
569.677,08.958557,-12.000000,10.000000,-04.882280,00.000000,00.000000
569.694,08.877306,-12.000000,10.000000,-04.882280,00.000000,00.000000
569.710,08.795973,-12.000000,10.000000,-04.882280,00.000000,00.000000
569.727,08.713836,-12.000000,10.000000,-04.882280,00.000000,00.000000
569.744,08.633239,-12.000000,10.000000,-04.882280,00.000000,00.000000
569.761,08.551127,-12.000000,10.000000,-04.882280,00.000000,00.000000
569.777,08.469948,-12.000000,10.000000,-04.882280,00.000000,00.000000
569.794,08.388914,-12.000000,10.000000,-04.882280,00.000000,00.000000
569.810,08.307823,-12.000000,10.000000,-04.882280,00.000000,00.000000
569.827,08.226117,-12.000000,10.000000,-04.882280,00.000000,00.000000
569.844,08.144891,-12.000000,10.000000,-04.882280,00.000000,00.000000
569.861,08.063483,-12.000000,10.000000,-04.882280,00.000000,00.000000
569.877,07.982231,-12.000000,10.000000,-04.882280,00.000000,00.000000
569.894,07.899686,-12.000000,10.000000,-04.882280,00.000000,00.000000
569.911,07.818853,-12.000000,10.000000,-04.882280,00.000000,00.000000
569.927,07.737886,-12.000000,10.000000,-04.882280,00.000000,00.000000
569.944,07.656144,-12.000000,10.000000,-04.882280,00.000000,00.000000
569.961,07.574581,-12.000000,10.000000,-04.882280,00.000000,00.000000
569.977,07.493649,-12.000000,10.000000,-04.882280,00.000000,00.000000
569.994,07.412035,-12.000000,10.000000,-04.882280,00.000000,00.000000
570.010,07.330938,-12.000000,10.000000,-04.882280,00.000000,00.000000
570.027,07.249406,-12.000000,10.000000,-04.882280,00.000000,00.000000
570.044,07.168385,-12.000000,10.000000,-04.882280,00.000000,00.000000
570.061,07.086839,-12.000000,10.000000,-04.882280,00.000000,00.000000
570.077,07.005103,-12.000000,10.000000,-04.882280,00.000000,00.000000
570.094,06.923717,-12.000000,10.000000,-04.882280,00.000000,00.000000
570.111,06.841655,-12.000000,10.000000,-04.882280,00.000000,00.000000
570.127,06.761164,-12.000000,10.000000,-04.882280,00.000000,00.000000
570.144,06.678979,-12.000000,10.000000,-04.882280,00.000000,00.000000
570.161,06.598711,-12.000000,10.000000,-04.882280,00.000000,00.000000
570.177,06.517268,-12.000000,10.000000,-04.882280,00.000000,00.000000
570.194,06.436106,-12.000000,10.000000,-04.882280,00.000000,00.000000
570.211,06.354221,-12.000000,10.000000,-04.882280,00.000000,00.000000
570.227,06.272801,-12.000000,10.000000,-04.882280,00.000000,00.000000
570.244,06.191329,-12.000000,10.000000,-04.882280,00.000000,00.000000
570.261,06.109695,-12.000000,10.000000,-04.882280,00.000000,00.000000
570.277,06.028684,-12.000000,10.000000,-04.882280,00.000000,00.000000
570.294,05.947264,-12.000000,10.000000,-04.882280,00.000000,00.000000
570.311,05.865912,-12.000000,10.000000,-04.882280,00.000000,00.000000
570.328,05.784122,-12.000000,10.000000,-04.882280,00.000000,00.000000
570.344,05.703015,-12.000000,10.000000,-04.882280,00.000000,00.000000
570.361,05.621835,-12.000000,10.000000,-04.882280,00.000000,00.000000
570.377,05.540812,-12.000000,10.000000,-04.882280,00.000000,00.000000
570.394,05.459131,-12.000000,10.000000,-04.882280,00.000000,00.000000
570.410,05.378076,-12.000000,10.000000,-04.882280,00.000000,00.000000
570.428,05.295340,-12.000000,10.000000,-04.882280,00.000000,00.000000
570.444,05.214622,-12.000000,10.000000,-04.882280,00.000000,00.000000
570.461,05.133319,-12.000000,10.000000,-04.882280,00.000000,00.000000
570.477,05.052046,-12.000000,10.000000,-04.882280,00.000000,00.000000
570.494,04.970650,-12.000000,10.000000,-04.882280,00.000000,00.000000
570.511,04.889685,-12.000000,10.000000,-04.882280,00.000000,00.000000
570.527,04.808564,-12.000000,10.000000,-04.882280,00.000000,00.000000
570.544,04.725712,-12.000000,10.000000,-04.882280,00.000000,00.000000
570.561,04.645792,-12.000000,10.000000,-04.882280,00.000000,00.000000
570.577,04.563926,-12.000000,10.000000,-04.882280,00.000000,00.000000
570.594,04.482120,-12.000000,10.000000,-04.882280,00.000000,00.000000
570.611,04.401103,-12.000000,10.000000,-04.882280,00.000000,00.000000
570.627,04.320282,-12.000000,10.000000,-04.882280,00.000000,00.000000
570.644,04.237703,-12.000000,10.000000,-04.882280,00.000000,00.000000
570.661,04.157106,-12.000000,10.000000,-04.882280,00.000000,00.000000
570.677,04.075811,-12.000000,10.000000,-04.882280,00.000000,00.000000
570.694,03.993668,-12.000000,10.000000,-04.882280,00.000000,00.000000
570.711,03.912756,-12.000000,10.000000,-04.882280,00.000000,00.000000
570.727,03.831830,-12.000000,10.000000,-04.882280,00.000000,00.000000
570.744,03.750245,-12.000000,10.000000,-04.882280,00.000000,00.000000
570.761,03.668930,-12.000000,10.000000,-04.882280,00.000000,00.000000
570.777,03.587851,-12.000000,10.000000,-04.882280,00.000000,00.000000
570.794,03.505770,-12.000000,10.000000,-04.882280,00.000000,00.000000
570.811,03.424917,-12.000000,10.000000,-04.882280,00.000000,00.000000
570.827,03.343364,-12.000000,10.000000,-04.882280,00.000000,00.000000
570.844,03.261813,-12.000000,10.000000,-04.882280,00.000000,00.000000
570.861,03.179769,-12.000000,10.000000,-04.882280,00.000000,00.000000
570.878,03.099077,-12.000000,10.000000,-04.882280,00.000000,00.000000
570.894,03.017629,-12.000000,10.000000,-04.882280,00.000000,00.000000
570.911,02.936508,-12.000000,10.000000,-04.882280,00.000000,00.000000
570.928,02.854885,-12.000000,10.000000,-04.882280,00.000000,00.000000
570.944,02.773737,-12.000000,10.000000,-04.882280,00.000000,00.000000
570.961,02.692474,-12.000000,10.000000,-04.882280,00.000000,00.000000
570.978,02.610487,-12.000000,10.000000,-04.882280,00.000000,00.000000
570.994,02.529469,-12.000000,10.000000,-04.882280,00.000000,00.000000
571.011,02.448178,-12.000000,10.000000,-04.882280,00.000000,00.000000
571.028,02.366787,-12.000000,10.000000,-04.882280,00.000000,00.000000
571.044,02.285400,-12.000000,10.000000,-04.882280,00.000000,00.000000
571.061,02.204105,-12.000000,10.000000,-04.882280,00.000000,00.000000
571.078,02.122016,-12.000000,10.000000,-04.882280,00.000000,00.000000
571.094,02.040390,-12.000000,10.000000,-04.882280,00.000000,00.000000
571.111,01.959476,-12.000000,10.000000,-04.882280,00.000000,00.000000
571.128,01.878436,-12.000000,10.000000,-04.882280,00.000000,00.000000
571.144,01.797150,-12.000000,10.000000,-04.882280,00.000000,00.000000
571.161,01.715829,-12.000000,10.000000,-04.882280,00.000000,00.000000
571.178,01.634340,-12.000000,10.000000,-04.882280,00.000000,00.000000
571.194,01.552533,-12.000000,10.000000,-04.882280,00.000000,00.000000
571.211,01.471623,-12.000000,10.000000,-04.882280,00.000000,00.000000
571.228,01.390296,-12.000000,10.000000,-04.882280,00.000000,00.000000
571.244,01.309032,-12.000000,10.000000,-04.882280,00.000000,00.000000
571.261,01.227423,-12.000000,10.000000,-04.882280,00.000000,00.000000
571.278,01.142871,-12.000000,10.000000,-04.882280,00.000000,00.000000
571.294,01.064139,-12.000000,10.000000,-04.882280,00.000000,00.000000
571.311,00.983057,-12.000000,10.000000,-04.882280,00.000000,00.000000
571.327,00.902125,-12.000000,10.000000,-04.882280,00.000000,00.000000
571.344,00.820721,-12.000000,10.000000,-04.882280,00.000000,00.000000
571.361,00.739144,-12.000000,10.000000,-04.882280,00.000000,00.000000
571.378,00.657684,-12.000000,10.000000,-04.882280,00.000000,00.000000
571.394,00.576280,-12.000000,10.000000,-04.882280,00.000000,00.000000
571.411,00.494644,-12.000000,10.000000,-04.882280,00.000000,00.000000
571.428,00.413568,-12.000000,10.000000,-04.882280,00.000000,00.000000
571.444,00.332193,-12.000000,10.000000,-04.882280,00.000000,00.000000
571.467,00.250648,-12.000000,10.000000,-04.882280,00.000000,00.000000
571.478,00.169320,-12.000000,10.000000,-04.882280,00.000000,00.000000
571.494,00.087692,-12.000000,10.000000,-04.882280,00.000000,00.000000
571.511,00.006285,-12.000000,10.000000,-04.882280,00.000000,00.000000
571.528,-00.074927,-12.000000,10.000000,-04.882280,00.000000,00.000000
571.544,-00.155936,-12.000000,10.000000,-04.882280,00.000000,00.000000
571.561,-00.237472,-12.000000,10.000000,-04.882280,00.000000,00.000000
571.578,-00.318862,-12.000000,10.000000,-04.882280,00.000000,00.000000
571.594,-00.400497,-12.000000,10.000000,-04.882280,00.000000,00.000000
571.611,-00.481550,-12.000000,10.000000,-04.882280,00.000000,00.000000
571.628,-00.563469,-12.000000,10.000000,-04.882280,00.000000,00.000000
571.644,-00.644406,-12.000000,10.000000,-04.882280,00.000000,00.000000
571.661,-00.725588,-12.000000,10.000000,-04.882280,00.000000,00.000000
571.678,-00.807140,-12.000000,10.000000,-04.882280,00.000000,00.000000
571.694,-00.887968,-12.000000,10.000000,-04.882280,00.000000,00.000000
571.711,-00.969237,-12.000000,10.000000,-04.882280,00.000000,00.000000
571.727,-01.050961,-12.000000,10.000000,-04.882280,00.000000,00.000000
571.744,-01.133246,-12.000000,10.000000,-04.882280,00.000000,00.000000
571.761,-01.213622,-12.000000,10.000000,-04.882280,00.000000,00.000000
571.778,-01.295442,-12.000000,10.000000,-04.882280,00.000000,00.000000
571.794,-01.376662,-12.000000,10.000000,-04.882280,00.000000,00.000000
571.811,-01.458030,-12.000000,10.000000,-04.882280,00.000000,00.000000
571.828,-01.539276,-12.000000,10.000000,-04.882280,00.000000,00.000000
571.844,-01.621278,-12.000000,10.000000,-04.882280,00.000000,00.000000
571.861,-01.702176,-12.000000,10.000000,-04.882280,00.000000,00.000000
571.878,-01.783620,-12.000000,10.000000,-04.882280,00.000000,00.000000
571.894,-01.865225,-12.000000,10.000000,-04.882280,00.000000,00.000000
571.911,-01.946363,-12.000000,10.000000,-04.882280,00.000000,00.000000
571.928,-02.027843,-12.000000,10.000000,-04.882280,00.000000,00.000000
571.944,-02.109462,-12.000000,10.000000,-04.882280,00.000000,00.000000
571.961,-02.191478,-12.000000,10.000000,-04.882280,00.000000,00.000000
571.978,-02.272464,-12.000000,10.000000,-04.882280,00.000000,00.000000
571.994,-02.353246,-12.000000,10.000000,-04.882280,00.000000,00.000000
572.011,-02.435148,-12.000000,10.000000,-04.882280,00.000000,00.000000
572.028,-02.516675,-12.000000,10.000000,-04.882280,00.000000,00.000000
572.044,-02.597229,-12.000000,10.000000,-04.882280,00.000000,00.000000
572.061,-02.679181,-12.000000,10.000000,-04.882280,00.000000,00.000000
572.078,-02.759924,-12.000000,10.000000,-04.882280,00.000000,00.000000
572.094,-02.841634,-12.000000,10.000000,-04.882280,00.000000,00.000000
572.111,-02.922979,-12.000000,10.000000,-04.882280,00.000000,00.000000
572.128,-03.003929,-12.000000,10.000000,-04.882280,00.000000,00.000000
572.144,-03.085636,-12.000000,10.000000,-04.882280,00.000000,00.000000
572.161,-03.167335,-12.000000,10.000000,-04.882280,00.000000,00.000000
572.178,-03.248069,-12.000000,10.000000,-04.882280,00.000000,00.000000
572.194,-03.329663,-12.000000,10.000000,-04.882280,00.000000,00.000000
572.211,-03.411331,-12.000000,10.000000,-04.882280,00.000000,00.000000
572.227,-03.492050,-12.000000,10.000000,-04.882280,00.000000,00.000000
572.244,-03.573646,-12.000000,10.000000,-04.882280,00.000000,00.000000
572.261,-03.654780,-12.000000,10.000000,-04.882280,00.000000,00.000000
572.278,-03.736373,-12.000000,10.000000,-04.882280,00.000000,00.000000
572.294,-03.817816,-12.000000,10.000000,-04.882280,00.000000,00.000000
572.311,-03.899255,-12.000000,10.000000,-04.882280,00.000000,00.000000
572.327,-03.980198,-12.000000,10.000000,-04.882280,00.000000,00.000000
572.344,-04.061147,-12.000000,10.000000,-04.882280,00.000000,00.000000
572.361,-04.142621,-12.000000,10.000000,-04.882280,00.000000,00.000000
572.378,-04.224523,-12.000000,10.000000,-04.882280,00.000000,00.000000
572.394,-04.306180,-12.000000,10.000000,-04.882280,00.000000,00.000000
572.411,-04.387014,-12.000000,10.000000,-04.882280,00.000000,00.000000
572.428,-04.468968,-12.000000,10.000000,-04.882280,00.000000,00.000000
572.444,-04.549794,-12.000000,10.000000,-04.882280,00.000000,00.000000
572.461,-04.631217,-12.000000,10.000000,-04.882280,00.000000,00.000000
572.477,-04.712378,-12.000000,10.000000,-04.882280,00.000000,00.000000
572.494,-04.794173,-12.000000,10.000000,-04.882280,00.000000,00.000000
572.511,-04.879313,-12.000000,10.000000,-04.882280,00.000000,00.000000
572.528,-04.957013,-12.000000,10.000000,-04.882280,00.000000,00.000000
572.544,-05.038247,-12.000000,10.000000,-04.882280,00.000000,00.000000
572.561,-05.119402,-12.000000,10.000000,-04.882280,00.000000,00.000000
572.577,-05.200912,-12.000000,10.000000,-04.882280,00.000000,00.000000
572.594,-05.155744,-12.000000,10.000000,00.882280,00.000000,00.000000
572.611,-05.141156,-12.000000,10.000000,00.882280,00.000000,00.000000
572.628,-05.095242,-12.000000,10.000000,01.764560,00.000000,00.000000
572.644,-05.037767,-12.000000,10.000000,02.646840,00.000000,00.000000
572.661,-04.968562,-12.000000,10.000000,03.529120,00.000000,00.000000
572.678,-04.887127,-12.000000,10.000000,04.411400,00.000000,00.000000
572.694,-04.803188,-12.000000,10.000000,04.882280,00.000000,00.000000
572.711,-04.721169,-12.000000,10.000000,04.882280,00.000000,00.000000
572.727,-04.640866,-12.000000,10.000000,04.882280,00.000000,00.000000
572.744,-04.559278,-12.000000,10.000000,04.882280,00.000000,00.000000
572.761,-04.478114,-12.000000,10.000000,04.882280,00.000000,00.000000
572.777,-04.396606,-12.000000,10.000000,04.882280,00.000000,00.000000
572.794,-04.315039,-12.000000,10.000000,04.882280,00.000000,00.000000
572.811,-04.233759,-12.000000,10.000000,04.882280,00.000000,00.000000
572.827,-04.152437,-12.000000,10.000000,04.882280,00.000000,00.000000
572.844,-04.070666,-12.000000,10.000000,04.882280,00.000000,00.000000
572.861,-03.989863,-12.000000,10.000000,04.882280,00.000000,00.000000
572.877,-03.908686,-12.000000,10.000000,04.882280,00.000000,00.000000
572.894,-03.826975,-12.000000,10.000000,04.882280,00.000000,00.000000
572.911,-03.745682,-12.000000,10.000000,04.882280,00.000000,00.000000
572.928,-03.664182,-12.000000,10.000000,04.882280,00.000000,00.000000
572.944,-03.582916,-12.000000,10.000000,04.882280,00.000000,00.000000
572.961,-03.501736,-12.000000,10.000000,04.882280,00.000000,00.000000
572.978,-03.419690,-12.000000,10.000000,04.882280,00.000000,00.000000
572.994,-03.338560,-12.000000,10.000000,04.882280,00.000000,00.000000
573.011,-03.257020,-12.000000,10.000000,04.882280,00.000000,00.000000
573.028,-03.174589,-12.000000,10.000000,04.882280,00.000000,00.000000
573.044,-03.094230,-12.000000,10.000000,04.882280,00.000000,00.000000
573.061,-03.013136,-12.000000,10.000000,04.882280,00.000000,00.000000
573.078,-02.931213,-12.000000,10.000000,04.882280,00.000000,00.000000
573.094,-02.849119,-12.000000,10.000000,04.882280,00.000000,00.000000
573.111,-02.769092,-12.000000,10.000000,04.882280,00.000000,00.000000
573.128,-02.685405,-12.000000,10.000000,04.882280,00.000000,00.000000
573.144,-02.605684,-12.000000,10.000000,04.882280,00.000000,00.000000
573.161,-02.524767,-12.000000,10.000000,04.882280,00.000000,00.000000
573.178,-02.443154,-12.000000,10.000000,04.882280,00.000000,00.000000
573.194,-02.361623,-12.000000,10.000000,04.882280,00.000000,00.000000
573.211,-02.280443,-12.000000,10.000000,04.882280,00.000000,00.000000
573.228,-02.198827,-12.000000,10.000000,04.882280,00.000000,00.000000
573.244,-02.118033,-12.000000,10.000000,04.882280,00.000000,00.000000
573.261,-02.036363,-12.000000,10.000000,04.882280,00.000000,00.000000
573.277,-01.955422,-12.000000,10.000000,04.882280,00.000000,00.000000
573.294,-01.873927,-12.000000,10.000000,04.882280,00.000000,00.000000
573.311,-01.792794,-12.000000,10.000000,04.882280,00.000000,00.000000
573.328,-01.711227,-12.000000,10.000000,04.882280,00.000000,00.000000
573.344,-01.628345,-12.000000,10.000000,04.882280,00.000000,00.000000
573.361,-01.547441,-12.000000,10.000000,04.882280,00.000000,00.000000
573.378,-01.467031,-12.000000,10.000000,04.882280,00.000000,00.000000
573.394,-01.386078,-12.000000,10.000000,04.882280,00.000000,00.000000
573.411,-01.304534,-12.000000,10.000000,04.882280,00.000000,00.000000
573.427,-01.223229,-12.000000,10.000000,04.882280,00.000000,00.000000
573.444,-01.141450,-12.000000,10.000000,04.882280,00.000000,00.000000
573.461,-01.059566,-12.000000,10.000000,04.882280,00.000000,00.000000
573.478,-00.978792,-12.000000,10.000000,04.882280,00.000000,00.000000
573.494,-00.897722,-12.000000,10.000000,04.882280,00.000000,00.000000
573.511,-00.816051,-12.000000,10.000000,04.882280,00.000000,00.000000
573.528,-00.734475,-12.000000,10.000000,04.882280,00.000000,00.000000
573.544,-00.653077,-12.000000,10.000000,04.882280,00.000000,00.000000
573.562,-00.568370,-12.000000,10.000000,04.882280,00.000000,00.000000
573.578,-00.490109,-12.000000,10.000000,04.882280,00.000000,00.000000
573.594,-00.408847,-12.000000,10.000000,04.882280,00.000000,00.000000
573.611,-00.327388,-12.000000,10.000000,04.882280,00.000000,00.000000
573.628,-00.246013,-12.000000,10.000000,04.882280,00.000000,00.000000
573.644,-00.165219,-12.000000,10.000000,04.882280,00.000000,00.000000
573.661,-00.083530,-12.000000,10.000000,04.882280,00.000000,00.000000
573.678,-00.002027,-12.000000,10.000000,04.882280,00.000000,00.000000
573.694,00.079213,-12.000000,10.000000,04.882280,00.000000,00.000000
573.711,00.160542,-12.000000,10.000000,04.882280,00.000000,00.000000
573.727,00.241600,-12.000000,10.000000,04.882280,00.000000,00.000000
573.744,00.323091,-12.000000,10.000000,04.882280,00.000000,00.000000
573.761,00.404730,-12.000000,10.000000,04.882280,00.000000,00.000000
573.778,00.487489,-12.000000,10.000000,04.882280,00.000000,00.000000
573.794,00.567831,-12.000000,10.000000,04.882280,00.000000,00.000000
573.811,00.649488,-12.000000,10.000000,04.882280,00.000000,00.000000
573.828,00.731069,-12.000000,10.000000,04.882280,00.000000,00.000000
573.844,00.811981,-12.000000,10.000000,04.882280,00.000000,00.000000
573.861,00.893287,-12.000000,10.000000,04.882280,00.000000,00.000000
573.878,00.974474,-12.000000,10.000000,04.882280,00.000000,00.000000
573.894,01.056103,-12.000000,10.000000,04.882280,00.000000,00.000000
573.911,01.137917,-12.000000,10.000000,04.882280,00.000000,00.000000
573.928,01.219568,-12.000000,10.000000,04.882280,00.000000,00.000000
573.944,01.300424,-12.000000,10.000000,04.882280,00.000000,00.000000
573.961,01.381528,-12.000000,10.000000,04.882280,00.000000,00.000000
573.978,01.462875,-12.000000,10.000000,04.882280,00.000000,00.000000
573.995,01.548124,-12.000000,10.000000,04.882280,00.000000,00.000000
574.011,01.626734,-12.000000,10.000000,04.882280,00.000000,00.000000
574.028,01.707570,-12.000000,10.000000,04.882280,00.000000,00.000000
574.044,01.788264,-12.000000,10.000000,04.882280,00.000000,00.000000
574.061,01.869219,-12.000000,10.000000,04.882280,00.000000,00.000000
574.078,01.950872,-12.000000,10.000000,04.882280,00.000000,00.000000
574.094,02.032578,-12.000000,10.000000,04.882280,00.000000,00.000000
574.111,02.114539,-12.000000,10.000000,04.882280,00.000000,00.000000
574.128,02.195980,-12.000000,10.000000,04.882280,00.000000,00.000000
574.144,02.276943,-12.000000,10.000000,04.882280,00.000000,00.000000
574.163,02.366248,-12.000000,10.000000,04.882280,00.000000,00.000000
574.180,02.449857,-12.000000,10.000000,04.882280,00.000000,00.000000
574.194,02.521220,-12.000000,10.000000,04.882280,00.000000,00.000000
574.211,02.602788,-12.000000,10.000000,04.882280,00.000000,00.000000
574.228,02.684434,-12.000000,10.000000,04.882280,00.000000,00.000000
574.244,02.765317,-12.000000,10.000000,04.882280,00.000000,00.000000
574.263,02.855606,-12.000000,10.000000,04.882280,00.000000,00.000000
574.278,02.928070,-12.000000,10.000000,04.882280,00.000000,00.000000
574.294,03.008851,-12.000000,10.000000,04.882280,00.000000,00.000000
574.311,03.090293,-12.000000,10.000000,04.882280,00.000000,00.000000
574.328,03.171851,-12.000000,10.000000,04.882280,00.000000,00.000000
574.344,03.253156,-12.000000,10.000000,04.882280,00.000000,00.000000
574.361,03.334475,-12.000000,10.000000,04.882280,00.000000,00.000000
574.378,03.415771,-12.000000,10.000000,04.882280,00.000000,00.000000
574.394,03.497133,-12.000000,10.000000,04.882280,00.000000,00.000000
574.411,03.579223,-12.000000,10.000000,04.882280,00.000000,00.000000
574.428,03.660538,-12.000000,10.000000,04.882280,00.000000,00.000000
574.444,03.742147,-12.000000,10.000000,04.882280,00.000000,00.000000
574.461,03.823160,-12.000000,10.000000,04.882280,00.000000,00.000000
574.478,03.907270,-12.000000,10.000000,04.882280,00.000000,00.000000
574.494,03.986376,-12.000000,10.000000,04.882280,00.000000,00.000000
574.511,04.066981,-12.000000,10.000000,04.882280,00.000000,00.000000
574.528,04.149230,-12.000000,10.000000,04.882280,00.000000,00.000000
574.544,04.230258,-12.000000,10.000000,04.882280,00.000000,00.000000
574.561,04.310769,-12.000000,10.000000,04.882280,00.000000,00.000000
574.578,04.392059,-12.000000,10.000000,04.882280,00.000000,00.000000
574.594,04.473478,-12.000000,10.000000,04.882280,00.000000,00.000000
574.611,04.554681,-12.000000,10.000000,04.882280,00.000000,00.000000
574.628,04.636241,-12.000000,10.000000,04.882280,00.000000,00.000000
574.644,04.718359,-12.000000,10.000000,04.882280,00.000000,00.000000
574.661,04.799266,-12.000000,10.000000,04.882280,00.000000,00.000000
574.678,04.880340,-12.000000,10.000000,04.882280,00.000000,00.000000
574.694,04.961925,-12.000000,10.000000,04.882280,00.000000,00.000000
574.711,05.043071,-12.000000,10.000000,04.882280,00.000000,00.000000
574.728,05.124347,-12.000000,10.000000,04.882280,00.000000,00.000000
574.744,05.206576,-12.000000,10.000000,04.882280,00.000000,00.000000
574.761,05.288036,-12.000000,10.000000,04.882280,00.000000,00.000000
574.778,05.368816,-12.000000,10.000000,04.882280,00.000000,00.000000
574.794,05.449931,-12.000000,10.000000,04.882280,00.000000,00.000000
574.811,05.531222,-12.000000,10.000000,04.882280,00.000000,00.000000
574.828,05.612711,-12.000000,10.000000,04.882280,00.000000,00.000000
574.845,05.695310,-12.000000,10.000000,04.882280,00.000000,00.000000
574.861,05.776030,-12.000000,10.000000,04.882280,00.000000,00.000000
574.878,05.857501,-12.000000,10.000000,04.882280,00.000000,00.000000
574.894,05.938912,-12.000000,10.000000,04.882280,00.000000,00.000000
574.911,06.020139,-12.000000,10.000000,04.882280,00.000000,00.000000
574.928,06.103047,-12.000000,10.000000,04.882280,00.000000,00.000000
574.944,06.182370,-12.000000,10.000000,04.882280,00.000000,00.000000
574.961,06.264183,-12.000000,10.000000,04.882280,00.000000,00.000000
574.978,06.345385,-12.000000,10.000000,04.882280,00.000000,00.000000
574.994,06.426679,-12.000000,10.000000,04.882280,00.000000,00.000000
575.011,06.508117,-12.000000,10.000000,04.882280,00.000000,00.000000
575.028,06.589649,-12.000000,10.000000,04.882280,00.000000,00.000000
575.044,06.670806,-12.000000,10.000000,04.882280,00.000000,00.000000
575.061,06.752391,-12.000000,10.000000,04.882280,00.000000,00.000000
575.078,06.834317,-12.000000,10.000000,04.882280,00.000000,00.000000
575.095,06.916459,-12.000000,10.000000,04.882280,00.000000,00.000000
575.111,06.996922,-12.000000,10.000000,04.882280,00.000000,00.000000
575.128,07.078034,-12.000000,10.000000,04.882280,00.000000,00.000000
575.144,07.159649,-12.000000,10.000000,04.882280,00.000000,00.000000
575.161,07.240376,-12.000000,10.000000,04.882280,00.000000,00.000000
575.178,07.321833,-12.000000,10.000000,04.882280,00.000000,00.000000
575.194,07.403388,-12.000000,10.000000,04.882280,00.000000,00.000000
575.211,07.484675,-12.000000,10.000000,04.882280,00.000000,00.000000
575.228,07.565729,-12.000000,10.000000,04.882280,00.000000,00.000000
575.244,07.647536,-12.000000,10.000000,04.882280,00.000000,00.000000
575.261,07.728497,-12.000000,10.000000,04.882280,00.000000,00.000000
575.278,07.809816,-12.000000,10.000000,04.882280,00.000000,00.000000
575.294,07.891950,-12.000000,10.000000,04.882280,00.000000,00.000000
575.311,07.972834,-12.000000,10.000000,04.882280,00.000000,00.000000
575.328,08.053799,-12.000000,10.000000,04.882280,00.000000,00.000000
575.344,08.135308,-12.000000,10.000000,04.882280,00.000000,00.000000
575.361,08.217045,-12.000000,10.000000,04.882280,00.000000,00.000000
575.378,08.299088,-12.000000,10.000000,04.882280,00.000000,00.000000
575.394,08.380247,-12.000000,10.000000,04.882280,00.000000,00.000000
575.411,08.461719,-12.000000,10.000000,04.882280,00.000000,00.000000
575.428,08.543003,-12.000000,10.000000,04.882280,00.000000,00.000000
575.444,08.624033,-12.000000,10.000000,04.882280,00.000000,00.000000
575.461,08.705286,-12.000000,10.000000,04.882280,00.000000,00.000000
575.478,08.786942,-12.000000,10.000000,04.882280,00.000000,00.000000
575.494,08.868378,-12.000000,10.000000,04.882280,00.000000,00.000000
575.511,08.950036,-12.000000,10.000000,04.882280,00.000000,00.000000
575.528,09.031221,-12.000000,10.000000,04.882280,00.000000,00.000000
575.544,09.111853,-12.000000,10.000000,04.882280,00.000000,00.000000
575.561,09.193541,-12.000000,10.000000,04.882280,00.000000,00.000000
575.578,09.275928,-12.000000,10.000000,04.882280,00.000000,00.000000
575.594,09.356070,-12.000000,10.000000,04.882280,00.000000,00.000000
575.611,09.437266,-12.000000,10.000000,04.882280,00.000000,00.000000
575.628,09.519653,-12.000000,10.000000,04.882280,00.000000,00.000000
575.644,09.600573,-12.000000,10.000000,04.882280,00.000000,00.000000
575.661,09.681791,-12.000000,10.000000,04.882280,00.000000,00.000000
575.678,09.763003,-12.000000,10.000000,04.882280,00.000000,00.000000
575.694,09.844218,-12.000000,10.000000,04.882280,00.000000,00.000000
575.711,09.926390,-12.000000,10.000000,04.882280,00.000000,00.000000
575.728,10.007180,-12.000000,10.000000,04.882280,00.000000,00.000000
575.744,10.088380,-12.000000,10.000000,04.882280,00.000000,00.000000
575.761,10.169930,-12.000000,10.000000,04.882280,00.000000,00.000000
575.778,10.104310,-12.000000,10.000000,-00.882280,00.000000,00.000000
575.794,10.070040,-12.000000,10.000000,-01.764560,00.000000,00.000000
575.811,10.040810,-12.000000,10.000000,-01.764560,00.000000,00.000000
575.828,09.980155,-12.000000,10.000000,-02.646840,00.000000,00.000000
575.844,09.907161,-12.000000,10.000000,-03.529120,00.000000,00.000000
575.861,09.823380,-12.000000,10.000000,-04.411400,00.000000,00.000000
575.878,09.737453,-12.000000,10.000000,-04.882280,00.000000,00.000000
575.894,09.656153,-12.000000,10.000000,-04.882280,00.000000,00.000000
575.911,09.573152,-12.000000,10.000000,-04.882280,00.000000,00.000000
575.928,09.493899,-12.000000,10.000000,-04.882280,00.000000,00.000000
575.944,09.412145,-12.000000,10.000000,-04.882280,00.000000,00.000000
575.961,09.330650,-12.000000,10.000000,-04.882280,00.000000,00.000000
575.978,09.247128,-12.000000,10.000000,-04.882280,00.000000,00.000000
575.994,09.168423,-12.000000,10.000000,-04.882280,00.000000,00.000000
576.011,09.086154,-12.000000,10.000000,-04.882280,00.000000,00.000000
576.028,09.005666,-12.000000,10.000000,-04.882280,00.000000,00.000000
576.044,08.923344,-12.000000,10.000000,-04.882280,00.000000,00.000000
576.061,08.842486,-12.000000,10.000000,-04.882280,00.000000,00.000000
576.078,08.761064,-12.000000,10.000000,-04.882280,00.000000,00.000000
576.094,08.679946,-12.000000,10.000000,-04.882280,00.000000,00.000000
576.111,08.598540,-12.000000,10.000000,-04.882280,00.000000,00.000000
576.128,08.516611,-12.000000,10.000000,-04.882280,00.000000,00.000000
576.144,08.435613,-12.000000,10.000000,-04.882280,00.000000,00.000000
576.161,08.353640,-12.000000,10.000000,-04.882280,00.000000,00.000000
576.178,08.272879,-12.000000,10.000000,-04.882280,00.000000,00.000000
576.195,08.189501,-12.000000,10.000000,-04.882280,00.000000,00.000000
576.211,08.110118,-12.000000,10.000000,-04.882280,00.000000,00.000000
576.228,08.028625,-12.000000,10.000000,-04.882280,00.000000,00.000000
576.244,07.947540,-12.000000,10.000000,-04.882280,00.000000,00.000000
576.261,07.865974,-12.000000,10.000000,-04.882280,00.000000,00.000000
576.278,07.783694,-12.000000,10.000000,-04.882280,00.000000,00.000000
576.294,07.703260,-12.000000,10.000000,-04.882280,00.000000,00.000000
576.311,07.621652,-12.000000,10.000000,-04.882280,00.000000,00.000000
576.328,07.540561,-12.000000,10.000000,-04.882280,00.000000,00.000000
576.344,07.458979,-12.000000,10.000000,-04.882280,00.000000,00.000000
576.361,07.377503,-12.000000,10.000000,-04.882280,00.000000,00.000000
576.378,07.295599,-12.000000,10.000000,-04.882280,00.000000,00.000000
576.395,07.214201,-12.000000,10.000000,-04.882280,00.000000,00.000000
576.411,07.132053,-12.000000,10.000000,-04.882280,00.000000,00.000000
576.428,07.051791,-12.000000,10.000000,-04.882280,00.000000,00.000000
576.445,06.970362,-12.000000,10.000000,-04.882280,00.000000,00.000000
576.461,06.888479,-12.000000,10.000000,-04.882280,00.000000,00.000000
576.478,06.807336,-12.000000,10.000000,-04.882280,00.000000,00.000000
576.495,06.726006,-12.000000,10.000000,-04.882280,00.000000,00.000000
576.513,06.636341,-12.000000,10.000000,-04.882280,00.000000,00.000000
576.527,06.564113,-12.000000,10.000000,-04.882280,00.000000,00.000000
576.544,06.482565,-12.000000,10.000000,-04.882280,00.000000,00.000000
576.561,06.401420,-12.000000,10.000000,-04.882280,00.000000,00.000000
576.578,06.320064,-12.000000,10.000000,-04.882280,00.000000,00.000000
576.596,06.228154,-12.000000,10.000000,-04.882280,00.000000,00.000000
576.613,06.147158,-12.000000,10.000000,-04.882280,00.000000,00.000000
576.628,06.074896,-12.000000,10.000000,-04.882280,00.000000,00.000000
576.644,05.994396,-12.000000,10.000000,-04.882280,00.000000,00.000000
576.662,05.907655,-12.000000,10.000000,-04.882280,00.000000,00.000000
576.678,05.832079,-12.000000,10.000000,-04.882280,00.000000,00.000000
576.696,05.741077,-12.000000,10.000000,-04.882280,00.000000,00.000000
576.711,05.667862,-12.000000,10.000000,-04.882280,00.000000,00.000000
576.728,05.587578,-12.000000,10.000000,-04.882280,00.000000,00.000000
576.744,05.506175,-12.000000,10.000000,-04.882280,00.000000,00.000000
1516.122,00.019812,-12.000000,10.000000,00.882280,00.000000,00.000000
1516.192,00.019812,-12.000000,10.000000,00.882280,00.000000,00.000000
1516.193,00.057270,-12.000000,10.000000,01.764560,00.000000,00.000000
1516.198,00.067464,-12.000000,10.000000,01.764560,00.000000,00.000000
1516.215,00.118988,-12.000000,10.000000,02.646840,00.000000,00.000000
1516.232,00.182323,-12.000000,10.000000,03.529120,00.000000,00.000000
1516.249,00.241161,-12.000000,10.000000,03.529120,00.000000,00.000000
1516.266,00.335038,-12.000000,10.000000,04.411400,00.000000,00.000000
1516.283,00.421274,-12.000000,10.000000,04.882280,00.000000,00.000000
1516.299,00.502234,-12.000000,10.000000,04.882280,00.000000,00.000000
1516.316,00.584051,-12.000000,10.000000,04.882280,00.000000,00.000000
1516.333,00.665469,-12.000000,10.000000,04.882280,00.000000,00.000000
1516.349,00.745249,-12.000000,10.000000,04.882280,00.000000,00.000000
1516.366,00.827213,-12.000000,10.000000,04.882280,00.000000,00.000000
1516.382,00.908433,-12.000000,10.000000,04.882280,00.000000,00.000000
1516.399,00.989601,-12.000000,10.000000,04.882280,00.000000,00.000000
1516.416,01.070788,-12.000000,10.000000,04.882280,00.000000,00.000000
1516.432,01.152793,-12.000000,10.000000,04.882280,00.000000,00.000000
1516.449,01.234189,-12.000000,10.000000,04.882280,00.000000,00.000000
1516.466,01.315160,-12.000000,10.000000,04.882280,00.000000,00.000000
1516.482,01.396774,-12.000000,10.000000,04.882280,00.000000,00.000000
1516.499,01.478431,-12.000000,10.000000,04.882280,00.000000,00.000000
1516.516,01.559752,-12.000000,10.000000,04.882280,00.000000,00.000000
1516.532,01.640653,-12.000000,10.000000,04.882280,00.000000,00.000000
1516.549,01.722096,-12.000000,10.000000,04.882280,00.000000,00.000000
1516.566,01.803134,-12.000000,10.000000,04.882280,00.000000,00.000000
1516.582,01.884971,-12.000000,10.000000,04.882280,00.000000,00.000000
1516.599,01.965881,-12.000000,10.000000,04.882280,00.000000,00.000000
1516.616,02.047358,-12.000000,10.000000,04.882280,00.000000,00.000000
1516.632,02.129336,-12.000000,10.000000,04.882280,00.000000,00.000000
1516.649,02.210357,-12.000000,10.000000,04.882280,00.000000,00.000000
1516.666,02.291422,-12.000000,10.000000,04.882280,00.000000,00.000000
1516.682,02.372765,-12.000000,10.000000,04.882280,00.000000,00.000000
1516.699,02.454053,-12.000000,10.000000,04.882280,00.000000,00.000000
1516.716,02.535934,-12.000000,10.000000,04.882280,00.000000,00.000000
1516.732,02.617174,-12.000000,10.000000,04.882280,00.000000,00.000000
1516.749,02.698616,-12.000000,10.000000,04.882280,00.000000,00.000000
1516.766,02.779921,-12.000000,10.000000,04.882280,00.000000,00.000000
1516.782,02.860985,-12.000000,10.000000,04.882280,00.000000,00.000000
1516.799,02.942413,-12.000000,10.000000,04.882280,00.000000,00.000000
1516.816,03.023722,-12.000000,10.000000,04.882280,00.000000,00.000000
1516.832,03.105275,-12.000000,10.000000,04.882280,00.000000,00.000000
1516.849,03.186193,-12.000000,10.000000,04.882280,00.000000,00.000000
1516.865,03.267764,-12.000000,10.000000,04.882280,00.000000,00.000000
1516.882,03.349137,-12.000000,10.000000,04.882280,00.000000,00.000000
1516.899,03.432773,-12.000000,10.000000,04.882280,00.000000,00.000000
1516.916,03.512765,-12.000000,10.000000,04.882280,00.000000,00.000000
1516.932,03.593829,-12.000000,10.000000,04.882280,00.000000,00.000000
1516.949,03.674498,-12.000000,10.000000,04.882280,00.000000,00.000000
1516.966,03.756148,-12.000000,10.000000,04.882280,00.000000,00.000000
1516.982,03.837471,-12.000000,10.000000,04.882280,00.000000,00.000000
1516.999,03.919532,-12.000000,10.000000,04.882280,00.000000,00.000000
1517.016,04.000915,-12.000000,10.000000,04.882280,00.000000,00.000000
1517.032,04.082055,-12.000000,10.000000,04.882280,00.000000,00.000000
1517.049,04.163420,-12.000000,10.000000,04.882280,00.000000,00.000000
1517.066,04.244563,-12.000000,10.000000,04.882280,00.000000,00.000000
1517.082,04.325819,-12.000000,10.000000,04.882280,00.000000,00.000000
1517.099,04.407505,-12.000000,10.000000,04.882280,00.000000,00.000000
1517.116,04.489008,-12.000000,10.000000,04.882280,00.000000,00.000000
1517.132,04.570358,-12.000000,10.000000,04.882280,00.000000,00.000000
1517.149,04.651193,-12.000000,10.000000,04.882280,00.000000,00.000000
1517.166,04.732524,-12.000000,10.000000,04.882280,00.000000,00.000000
1517.182,04.813982,-12.000000,10.000000,04.882280,00.000000,00.000000
1517.199,04.895174,-12.000000,10.000000,04.882280,00.000000,00.000000
1517.216,04.977263,-12.000000,10.000000,04.882280,00.000000,00.000000
1517.232,05.058694,-12.000000,10.000000,04.882280,00.000000,00.000000
1517.249,05.139913,-12.000000,10.000000,04.882280,00.000000,00.000000
1517.265,05.220721,-12.000000,10.000000,04.882280,00.000000,00.000000
1517.282,05.302178,-12.000000,10.000000,04.882280,00.000000,00.000000
1517.299,05.383754,-12.000000,10.000000,04.882280,00.000000,00.000000
1517.315,05.464921,-12.000000,10.000000,04.882280,00.000000,00.000000
1517.332,05.546281,-12.000000,10.000000,04.882280,00.000000,00.000000
1517.349,05.627989,-12.000000,10.000000,04.882280,00.000000,00.000000
1517.366,05.709363,-12.000000,10.000000,04.882280,00.000000,00.000000
1517.382,05.791416,-12.000000,10.000000,04.882280,00.000000,00.000000
1517.399,05.872157,-12.000000,10.000000,04.882280,00.000000,00.000000
1517.416,05.953694,-12.000000,10.000000,04.882280,00.000000,00.000000
1517.432,06.035120,-12.000000,10.000000,04.882280,00.000000,00.000000
1517.449,06.116385,-12.000000,10.000000,04.882280,00.000000,00.000000
1517.466,06.198120,-12.000000,10.000000,04.882280,00.000000,00.000000
1517.482,06.279214,-12.000000,10.000000,04.882280,00.000000,00.000000
1517.499,06.359961,-12.000000,10.000000,04.882280,00.000000,00.000000
1517.515,06.441309,-12.000000,10.000000,04.882280,00.000000,00.000000
1517.532,06.522951,-12.000000,10.000000,04.882280,00.000000,00.000000
1517.549,06.604007,-12.000000,10.000000,04.882280,00.000000,00.000000
1517.566,06.687979,-12.000000,10.000000,04.882280,00.000000,00.000000
1517.582,06.767203,-12.000000,10.000000,04.882280,00.000000,00.000000
1517.599,06.848561,-12.000000,10.000000,04.882280,00.000000,00.000000
1517.616,06.929969,-12.000000,10.000000,04.882280,00.000000,00.000000
1517.632,07.011092,-12.000000,10.000000,04.882280,00.000000,00.000000
1517.649,07.092455,-12.000000,10.000000,04.882280,00.000000,00.000000
1517.666,07.173665,-12.000000,10.000000,04.882280,00.000000,00.000000
1517.682,07.255700,-12.000000,10.000000,04.882280,00.000000,00.000000
1517.699,07.336941,-12.000000,10.000000,04.882280,00.000000,00.000000
1517.716,07.418285,-12.000000,10.000000,04.882280,00.000000,00.000000
1517.732,07.499531,-12.000000,10.000000,04.882280,00.000000,00.000000
1517.749,07.581037,-12.000000,10.000000,04.882280,00.000000,00.000000
1517.766,07.662162,-12.000000,10.000000,04.882280,00.000000,00.000000
1517.782,07.744309,-12.000000,10.000000,04.882280,00.000000,00.000000
1517.799,07.825317,-12.000000,10.000000,04.882280,00.000000,00.000000
1517.816,07.906744,-12.000000,10.000000,04.882280,00.000000,00.000000
1517.832,07.987664,-12.000000,10.000000,04.882280,00.000000,00.000000
1517.849,08.068993,-12.000000,10.000000,04.882280,00.000000,00.000000
1517.866,08.150411,-12.000000,10.000000,04.882280,00.000000,00.000000
1517.882,08.231948,-12.000000,10.000000,04.882280,00.000000,00.000000
1517.899,08.313468,-12.000000,10.000000,04.882280,00.000000,00.000000
1517.916,08.395309,-12.000000,10.000000,04.882280,00.000000,00.000000
1517.932,08.476179,-12.000000,10.000000,04.882280,00.000000,00.000000
1517.949,08.557858,-12.000000,10.000000,04.882280,00.000000,00.000000
1517.966,08.638740,-12.000000,10.000000,04.882280,00.000000,00.000000
1517.982,08.720111,-12.000000,10.000000,04.882280,00.000000,00.000000
1517.999,08.801700,-12.000000,10.000000,04.882280,00.000000,00.000000
1518.016,08.883448,-12.000000,10.000000,04.882280,00.000000,00.000000
1518.032,08.964654,-12.000000,10.000000,04.882280,00.000000,00.000000
1518.049,09.045728,-12.000000,10.000000,04.882280,00.000000,00.000000
1518.066,09.127184,-12.000000,10.000000,04.882280,00.000000,00.000000
1518.082,09.208568,-12.000000,10.000000,04.882280,00.000000,00.000000
1518.099,09.290413,-12.000000,10.000000,04.882280,00.000000,00.000000
1518.116,09.371702,-12.000000,10.000000,04.882280,00.000000,00.000000
1518.132,09.452971,-12.000000,10.000000,04.882280,00.000000,00.000000
1518.149,09.536325,-12.000000,10.000000,04.882280,00.000000,00.000000
1518.166,09.615440,-12.000000,10.000000,04.882280,00.000000,00.000000
1518.182,09.696568,-12.000000,10.000000,04.882280,00.000000,00.000000
1518.199,09.778063,-12.000000,10.000000,04.882280,00.000000,00.000000
1518.216,09.859872,-12.000000,10.000000,04.882280,00.000000,00.000000
1518.232,09.941233,-12.000000,10.000000,04.882280,00.000000,00.000000
1518.249,10.021960,-12.000000,10.000000,04.882280,00.000000,00.000000
1518.265,10.103110,-12.000000,10.000000,04.882280,00.000000,00.000000
1518.282,10.184930,-12.000000,10.000000,04.882280,00.000000,00.000000
1518.299,10.101680,-12.000000,10.000000,-00.882280,00.000000,00.000000
1518.316,10.064570,-12.000000,10.000000,-01.764560,00.000000,00.000000
1518.332,10.015640,-12.000000,10.000000,-02.646840,00.000000,00.000000
1518.349,09.971757,-12.000000,10.000000,-02.646840,00.000000,00.000000
1518.366,09.896835,-12.000000,10.000000,-03.529120,00.000000,00.000000
1518.382,09.809900,-12.000000,10.000000,-04.411400,00.000000,00.000000
1518.399,09.723212,-12.000000,10.000000,-04.882280,00.000000,00.000000
1518.416,09.641624,-12.000000,10.000000,-04.882280,00.000000,00.000000
1518.432,09.560178,-12.000000,10.000000,-04.882280,00.000000,00.000000
1518.449,09.478425,-12.000000,10.000000,-04.882280,00.000000,00.000000
1518.466,09.397499,-12.000000,10.000000,-04.882280,00.000000,00.000000
1518.482,09.316233,-12.000000,10.000000,-04.882280,00.000000,00.000000
1518.499,09.234301,-12.000000,10.000000,-04.882280,00.000000,00.000000
1518.516,09.153451,-12.000000,10.000000,-04.882280,00.000000,00.000000
1518.532,09.071180,-12.000000,10.000000,-04.882280,00.000000,00.000000
1518.549,08.989954,-12.000000,10.000000,-04.882280,00.000000,00.000000
1518.566,08.908860,-12.000000,10.000000,-04.882280,00.000000,00.000000
1518.582,08.827495,-12.000000,10.000000,-04.882280,00.000000,00.000000
1518.599,08.745704,-12.000000,10.000000,-04.882280,00.000000,00.000000
1518.616,08.664379,-12.000000,10.000000,-04.882280,00.000000,00.000000
1518.632,08.583860,-12.000000,10.000000,-04.882280,00.000000,00.000000
1518.649,08.501713,-12.000000,10.000000,-04.882280,00.000000,00.000000
1518.666,08.420485,-12.000000,10.000000,-04.882280,00.000000,00.000000
1518.682,08.339666,-12.000000,10.000000,-04.882280,00.000000,00.000000
1518.699,08.258064,-12.000000,10.000000,-04.882280,00.000000,00.000000
1518.716,08.176975,-12.000000,10.000000,-04.882280,00.000000,00.000000
1518.732,08.095166,-12.000000,10.000000,-04.882280,00.000000,00.000000
1518.749,08.014076,-12.000000,10.000000,-04.882280,00.000000,00.000000
1518.766,07.932230,-12.000000,10.000000,-04.882280,00.000000,00.000000
1518.782,07.851186,-12.000000,10.000000,-04.882280,00.000000,00.000000
1518.799,07.769884,-12.000000,10.000000,-04.882280,00.000000,00.000000
1518.816,07.688601,-12.000000,10.000000,-04.882280,00.000000,00.000000
1518.832,07.606914,-12.000000,10.000000,-04.882280,00.000000,00.000000
1518.849,07.525842,-12.000000,10.000000,-04.882280,00.000000,00.000000
1518.866,07.443952,-12.000000,10.000000,-04.882280,00.000000,00.000000
1518.882,07.361998,-12.000000,10.000000,-04.882280,00.000000,00.000000
1518.899,07.281175,-12.000000,10.000000,-04.882280,00.000000,00.000000
1518.916,07.200282,-12.000000,10.000000,-04.882280,00.000000,00.000000
1518.932,07.118740,-12.000000,10.000000,-04.882280,00.000000,00.000000
1518.949,07.037030,-12.000000,10.000000,-04.882280,00.000000,00.000000
1518.966,06.955740,-12.000000,10.000000,-04.882280,00.000000,00.000000
1518.982,06.874095,-12.000000,10.000000,-04.882280,00.000000,00.000000
1518.999,06.792153,-12.000000,10.000000,-04.882280,00.000000,00.000000
1519.016,06.711242,-12.000000,10.000000,-04.882280,00.000000,00.000000
1519.032,06.630193,-12.000000,10.000000,-04.882280,00.000000,00.000000
1519.049,06.549237,-12.000000,10.000000,-04.882280,00.000000,00.000000
1519.066,06.464693,-12.000000,10.000000,-04.882280,00.000000,00.000000
1519.082,06.386107,-12.000000,10.000000,-04.882280,00.000000,00.000000
1519.099,06.303838,-12.000000,10.000000,-04.882280,00.000000,00.000000
1519.116,06.223155,-12.000000,10.000000,-04.882280,00.000000,00.000000
1519.132,06.141784,-12.000000,10.000000,-04.882280,00.000000,00.000000
1519.149,06.060717,-12.000000,10.000000,-04.882280,00.000000,00.000000
1519.166,05.979486,-12.000000,10.000000,-04.882280,00.000000,00.000000
1519.182,05.898096,-12.000000,10.000000,-04.882280,00.000000,00.000000
1519.200,05.809403,-12.000000,10.000000,-04.882280,00.000000,00.000000
1519.217,05.727338,-12.000000,10.000000,-04.882280,00.000000,00.000000
1519.232,05.653522,-12.000000,10.000000,-04.882280,00.000000,00.000000
1519.249,05.570634,-12.000000,10.000000,-04.882280,00.000000,00.000000
1519.266,05.490488,-12.000000,10.000000,-04.882280,00.000000,00.000000
1519.282,05.409352,-12.000000,10.000000,-04.882280,00.000000,00.000000
1519.299,05.328235,-12.000000,10.000000,-04.882280,00.000000,00.000000
1519.320,05.246388,-12.000000,10.000000,-04.882280,00.000000,00.000000
1519.333,05.165127,-12.000000,10.000000,-04.882280,00.000000,00.000000
1519.349,05.084009,-12.000000,10.000000,-04.882280,00.000000,00.000000
1519.366,05.002540,-12.000000,10.000000,-04.882280,00.000000,00.000000
1519.382,04.920566,-12.000000,10.000000,-04.882280,00.000000,00.000000
1519.399,04.840042,-12.000000,10.000000,-04.882280,00.000000,00.000000
1519.416,04.757323,-12.000000,10.000000,-04.882280,00.000000,00.000000
1519.433,04.675679,-12.000000,10.000000,-04.882280,00.000000,00.000000
1519.449,04.595767,-12.000000,10.000000,-04.882280,00.000000,00.000000
1519.466,04.514483,-12.000000,10.000000,-04.882280,00.000000,00.000000
1519.482,04.432868,-12.000000,10.000000,-04.882280,00.000000,00.000000
1519.499,04.351517,-12.000000,10.000000,-04.882280,00.000000,00.000000
1519.516,04.269985,-12.000000,10.000000,-04.882280,00.000000,00.000000
1519.532,04.188847,-12.000000,10.000000,-04.882280,00.000000,00.000000
1519.549,04.107337,-12.000000,10.000000,-04.882280,00.000000,00.000000
1519.566,04.026359,-12.000000,10.000000,-04.882280,00.000000,00.000000
1519.582,03.945019,-12.000000,10.000000,-04.882280,00.000000,00.000000
1519.599,03.862875,-12.000000,10.000000,-04.882280,00.000000,00.000000
1519.616,03.781060,-12.000000,10.000000,-04.882280,00.000000,00.000000
1519.632,03.700454,-12.000000,10.000000,-04.882280,00.000000,00.000000
1519.649,03.619452,-12.000000,10.000000,-04.882280,00.000000,00.000000
1519.666,03.538232,-12.000000,10.000000,-04.882280,00.000000,00.000000
1519.682,03.456064,-12.000000,10.000000,-04.882280,00.000000,00.000000
1519.699,03.375149,-12.000000,10.000000,-04.882280,00.000000,00.000000
1519.716,03.293661,-12.000000,10.000000,-04.882280,00.000000,00.000000
1519.732,03.213359,-12.000000,10.000000,-04.882280,00.000000,00.000000
1519.749,03.131265,-12.000000,10.000000,-04.882280,00.000000,00.000000
1519.766,03.049056,-12.000000,10.000000,-04.882280,00.000000,00.000000
1519.782,02.967683,-12.000000,10.000000,-04.882280,00.000000,00.000000
1519.799,02.887406,-12.000000,10.000000,-04.882280,00.000000,00.000000
1519.818,02.805059,-12.000000,10.000000,-04.882280,00.000000,00.000000
1519.833,02.722574,-12.000000,10.000000,-04.882280,00.000000,00.000000
1519.849,02.643812,-12.000000,10.000000,-04.882280,00.000000,00.000000
1519.865,02.564035,-12.000000,10.000000,-04.882280,00.000000,00.000000
1519.882,02.482268,-12.000000,10.000000,-04.882280,00.000000,00.000000
1519.898,02.401482,-12.000000,10.000000,-04.882280,00.000000,00.000000
1519.915,02.319121,-12.000000,10.000000,-04.882280,00.000000,00.000000
1519.932,02.238632,-12.000000,10.000000,-04.882280,00.000000,00.000000
1519.948,02.157276,-12.000000,10.000000,-04.882280,00.000000,00.000000
1519.965,02.075835,-12.000000,10.000000,-04.882280,00.000000,00.000000
1519.982,01.991970,-12.000000,10.000000,-04.882280,00.000000,00.000000
1519.998,01.913403,-12.000000,10.000000,-04.882280,00.000000,00.000000
1520.015,01.831465,-12.000000,10.000000,-04.882280,00.000000,00.000000
1520.032,01.750426,-12.000000,10.000000,-04.882280,00.000000,00.000000
1520.048,01.669126,-12.000000,10.000000,-04.882280,00.000000,00.000000
1520.065,01.588156,-12.000000,10.000000,-04.882280,00.000000,00.000000
1520.082,01.506190,-12.000000,10.000000,-04.882280,00.000000,00.000000
1520.099,01.424453,-12.000000,10.000000,-04.882280,00.000000,00.000000
1520.115,01.343207,-12.000000,10.000000,-04.882280,00.000000,00.000000
1520.132,01.262320,-12.000000,10.000000,-04.882280,00.000000,00.000000
1520.148,01.180838,-12.000000,10.000000,-04.882280,00.000000,00.000000
1520.165,01.099789,-12.000000,10.000000,-04.882280,00.000000,00.000000
1520.182,01.017430,-12.000000,10.000000,-04.882280,00.000000,00.000000
1520.199,00.936192,-12.000000,10.000000,-04.882280,00.000000,00.000000
1520.215,00.855347,-12.000000,10.000000,-04.882280,00.000000,00.000000
