1350.335,00.018433,-12.000000,10.000000,,,,
1350.344,00.018433,-12.000000,10.000000,,,,
1350.359,00.018433,-12.000000,10.000000,,,,
1350.376,00.018433,-12.000000,10.000000,,,,
1350.393,00.018433,-12.000000,10.000000,,,,
1350.411,00.018433,-12.000000,10.000000,,,,
1350.429,00.018433,-12.000000,10.000000,,,,
1350.437,00.018433,-12.000000,10.000000,,,,
1350.454,00.018433,-12.000000,10.000000,,,,
1350.472,00.212646,-12.000000,10.000000,,,,
1350.488,00.212646,-12.000000,10.000000,,,,
1350.511,00.212646,-12.000000,10.000000,,,,
1350.528,00.212646,-12.000000,10.000000,,,,
1350.537,00.212646,-12.000000,10.000000,,,,
1350.559,00.679008,-12.000000,10.000000,,,,
1350.577,00.679008,-12.000000,10.000000,,,,
1350.594,00.679008,-12.000000,10.000000,,,,
1350.612,00.679008,-12.000000,10.000000,,,,
1350.620,00.679008,-12.000000,10.000000,,,,
1350.637,00.679008,-12.000000,10.000000,,,,
1350.654,01.201878,-12.000000,10.000000,,,,
1350.671,01.201878,-12.000000,10.000000,,,,
1350.687,01.201878,-12.000000,10.000000,,,,
1350.704,01.201878,-12.000000,10.000000,,,,
1350.724,01.201878,-12.000000,10.000000,,,,
1350.747,01.201878,-12.000000,10.000000,,,,
1350.754,01.201878,-12.000000,10.000000,,,,
1350.771,01.737616,-12.000000,10.000000,,,,
1350.789,01.737616,-12.000000,10.000000,,,,
1350.812,01.737616,-12.000000,10.000000,,,,
1350.821,01.737616,-12.000000,10.000000,,,,
1350.837,01.737616,-12.000000,10.000000,,,,
1350.854,02.263776,-12.000000,10.000000,,,,
1350.875,02.263776,-12.000000,10.000000,,,,
1350.890,02.263776,-12.000000,10.000000,,,,
1350.908,02.263776,-12.000000,10.000000,,,,
1350.925,02.263776,-12.000000,10.000000,,,,
1350.943,02.734486,-12.000000,10.000000,,,,
1350.966,02.734486,-12.000000,10.000000,,,,
1350.971,02.734486,-12.000000,10.000000,,,,
1350.988,02.734486,-12.000000,10.000000,,,,
1351.004,02.734486,-12.000000,10.000000,,,,
1351.021,02.734486,-12.000000,10.000000,,,,
1351.037,02.734486,-12.000000,10.000000,,,,
1351.054,03.200875,-12.000000,10.000000,,,,
1351.071,03.200875,-12.000000,10.000000,,,,
1351.088,03.200875,-12.000000,10.000000,,,,
1351.104,03.200875,-12.000000,10.000000,,,,
1351.121,03.200875,-12.000000,10.000000,,,,
1351.138,03.200875,-12.000000,10.000000,,,,
1351.156,03.200875,-12.000000,10.000000,,,,
1351.171,03.689408,-12.000000,10.000000,,,,
1351.187,03.689408,-12.000000,10.000000,,,,
1351.208,03.689408,-12.000000,10.000000,,,,
1351.226,03.689408,-12.000000,10.000000,,,,
1351.247,03.689408,-12.000000,10.000000,,,,
1351.254,03.689408,-12.000000,10.000000,,,,
1351.271,04.200059,-12.000000,10.000000,,,,
1351.287,04.200059,-12.000000,10.000000,,,,
1351.304,04.200059,-12.000000,10.000000,,,,
1351.321,04.200059,-12.000000,10.000000,,,,
1351.337,04.200059,-12.000000,10.000000,,,,
1351.354,04.664860,-12.000000,10.000000,,,,
1351.371,04.664860,-12.000000,10.000000,,,,
1351.388,04.664860,-12.000000,10.000000,,,,
1351.405,04.664860,-12.000000,10.000000,,,,
1351.420,04.664860,-12.000000,10.000000,,,,
1351.437,04.664860,-12.000000,10.000000,,,,
1351.459,05.156497,-12.000000,10.000000,,,,
1351.477,05.156497,-12.000000,10.000000,,,,
1351.487,05.156497,-12.000000,10.000000,,,,
1351.504,05.156497,-12.000000,10.000000,,,,
1351.520,05.156497,-12.000000,10.000000,,,,
1351.537,05.156497,-12.000000,10.000000,,,,
1351.554,05.643767,-12.000000,10.000000,,,,
1351.571,05.643767,-12.000000,10.000000,,,,
1351.588,05.643767,-12.000000,10.000000,,,,
1351.604,05.643767,-12.000000,10.000000,,,,
1351.620,05.643767,-12.000000,10.000000,,,,
1351.637,05.643767,-12.000000,10.000000,,,,
1351.654,06.131514,-12.000000,10.000000,,,,
1351.671,06.131514,-12.000000,10.000000,,,,
1351.687,06.131514,-12.000000,10.000000,,,,
1351.704,06.131514,-12.000000,10.000000,,,,
1351.722,06.131514,-12.000000,10.000000,,,,
1351.737,06.131514,-12.000000,10.000000,,,,
1351.758,06.619477,-12.000000,10.000000,,,,
1351.773,06.619477,-12.000000,10.000000,,,,
1351.793,06.619477,-12.000000,10.000000,,,,
1351.808,06.619477,-12.000000,10.000000,,,,
1351.824,06.619477,-12.000000,10.000000,,,,
1351.840,06.619477,-12.000000,10.000000,,,,
1351.860,06.619477,-12.000000,10.000000,,,,
1351.878,06.619477,-12.000000,10.000000,,,,
1351.888,07.128924,-12.000000,10.000000,,,,
1351.905,07.128924,-12.000000,10.000000,,,,
1351.921,07.128924,-12.000000,10.000000,,,,
1351.937,07.128924,-12.000000,10.000000,,,,
1351.954,07.128924,-12.000000,10.000000,,,,
1351.971,07.599956,-12.000000,10.000000,,,,
1351.988,07.599956,-12.000000,10.000000,,,,
1352.010,07.599956,-12.000000,10.000000,,,,
1352.030,07.599956,-12.000000,10.000000,,,,
1352.037,07.599956,-12.000000,10.000000,,,,
1352.055,08.114153,-12.000000,10.000000,,,,
1352.070,08.114153,-12.000000,10.000000,,,,
1352.087,08.114153,-12.000000,10.000000,,,,
1352.104,08.114153,-12.000000,10.000000,,,,
1352.120,08.114153,-12.000000,10.000000,,,,
1352.137,08.114153,-12.000000,10.000000,,,,
1352.154,08.574141,-12.000000,10.000000,,,,
1352.171,08.574141,-12.000000,10.000000,,,,
1352.188,08.574141,-12.000000,10.000000,,,,
1352.204,08.574141,-12.000000,10.000000,,,,
1352.220,08.574141,-12.000000,10.000000,,,,
1352.237,08.574141,-12.000000,10.000000,,,,
1352.254,09.057566,-12.000000,10.000000,,,,
1352.275,09.057566,-12.000000,10.000000,,,,
1352.287,09.057566,-12.000000,10.000000,,,,
1352.304,09.057566,-12.000000,10.000000,,,,
1352.321,09.057566,-12.000000,10.000000,,,,
1352.337,09.057566,-12.000000,10.000000,,,,
1352.357,09.548676,-12.000000,10.000000,,,,
1352.375,09.548676,-12.000000,10.000000,,,,
1352.387,09.548676,-12.000000,10.000000,,,,
1352.411,09.548676,-12.000000,10.000000,,,,
1352.421,09.548676,-12.000000,10.000000,,,,
1352.443,10.036020,-12.000000,10.000000,,,,
1352.463,10.036020,-12.000000,10.000000,,,,
1352.471,10.036020,-12.000000,10.000000,,,,
1352.487,10.036020,-12.000000,10.000000,,,,
1352.504,10.036020,-12.000000,10.000000,,,,
1352.521,10.036020,-12.000000,10.000000,,,,
1352.537,10.036020,-12.000000,10.000000,,,,
1352.554,09.944777,-12.000000,10.000000,,,,
1352.571,09.944777,-12.000000,10.000000,,,,
1352.587,09.944777,-12.000000,10.000000,,,,
1352.604,09.944777,-12.000000,10.000000,,,,
1352.621,09.944777,-12.000000,10.000000,,,,
1352.638,09.944777,-12.000000,10.000000,,,,
1352.655,09.944777,-12.000000,10.000000,,,,
1352.674,09.463765,-12.000000,10.000000,,,,
1352.692,09.463765,-12.000000,10.000000,,,,
1352.708,09.463765,-12.000000,10.000000,,,,
1352.724,09.463765,-12.000000,10.000000,,,,
1352.740,09.463765,-12.000000,10.000000,,,,
1352.763,08.955368,-12.000000,10.000000,,,,
1352.771,08.955368,-12.000000,10.000000,,,,
1352.788,08.955368,-12.000000,10.000000,,,,
1352.808,08.955368,-12.000000,10.000000,,,,
1352.821,08.955368,-12.000000,10.000000,,,,
1352.838,08.955368,-12.000000,10.000000,,,,
1352.856,08.486868,-12.000000,10.000000,,,,
1352.871,08.486868,-12.000000,10.000000,,,,
1352.887,08.486868,-12.000000,10.000000,,,,
1352.904,08.486868,-12.000000,10.000000,,,,
1352.924,08.486868,-12.000000,10.000000,,,,
1352.943,07.999719,-12.000000,10.000000,,,,
1352.963,07.999719,-12.000000,10.000000,,,,
1352.971,07.999719,-12.000000,10.000000,,,,
1352.987,07.999719,-12.000000,10.000000,,,,
1353.004,07.999719,-12.000000,10.000000,,,,
1353.021,07.999719,-12.000000,10.000000,,,,
1353.037,07.999719,-12.000000,10.000000,,,,
1353.054,07.999719,-12.000000,10.000000,,,,
1353.071,07.510840,-12.000000,10.000000,,,,
1353.088,07.510840,-12.000000,10.000000,,,,
1353.105,07.510840,-12.000000,10.000000,,,,
1353.125,07.510840,-12.000000,10.000000,,,,
1353.140,07.510840,-12.000000,10.000000,,,,
1353.156,07.510840,-12.000000,10.000000,,,,
1353.171,07.020708,-12.000000,10.000000,,,,
1353.188,07.020708,-12.000000,10.000000,,,,
1353.209,07.020708,-12.000000,10.000000,,,,
1353.229,07.020708,-12.000000,10.000000,,,,
1353.237,07.020708,-12.000000,10.000000,,,,
1353.254,06.512450,-12.000000,10.000000,,,,
1353.271,06.512450,-12.000000,10.000000,,,,
1353.287,06.512450,-12.000000,10.000000,,,,
1353.305,06.512450,-12.000000,10.000000,,,,
1353.321,06.512450,-12.000000,10.000000,,,,
1353.337,06.512450,-12.000000,10.000000,,,,
1353.354,06.043554,-12.000000,10.000000,,,,
1353.371,06.043554,-12.000000,10.000000,,,,
1353.388,06.043554,-12.000000,10.000000,,,,
1353.407,06.043554,-12.000000,10.000000,,,,
1353.422,06.043554,-12.000000,10.000000,,,,
1353.438,06.043554,-12.000000,10.000000,,,,
1353.454,06.043554,-12.000000,10.000000,,,,
1353.471,05.542896,-12.000000,10.000000,,,,
1353.491,05.542896,-12.000000,10.000000,,,,
1353.506,05.542896,-12.000000,10.000000,,,,
1353.528,05.542896,-12.000000,10.000000,,,,
1353.549,05.542896,-12.000000,10.000000,,,,
1353.554,05.542896,-12.000000,10.000000,,,,
1353.572,05.057512,-12.000000,10.000000,,,,
1353.587,05.057512,-12.000000,10.000000,,,,
1353.607,05.057512,-12.000000,10.000000,,,,
1353.621,05.057512,-12.000000,10.000000,,,,
1353.637,05.057512,-12.000000,10.000000,,,,
1353.654,04.565282,-12.000000,10.000000,,,,
1353.671,04.565282,-12.000000,10.000000,,,,
1353.688,04.565282,-12.000000,10.000000,,,,
1353.707,04.565282,-12.000000,10.000000,,,,
1353.729,04.565282,-12.000000,10.000000,,,,
1353.737,04.565282,-12.000000,10.000000,,,,
1353.754,04.565282,-12.000000,10.000000,,,,
1353.771,04.077810,-12.000000,10.000000,,,,
1353.787,04.077810,-12.000000,10.000000,,,,
1353.807,04.077810,-12.000000,10.000000,,,,
1353.830,04.077810,-12.000000,10.000000,,,,
1353.837,04.077810,-12.000000,10.000000,,,,
1353.854,03.590867,-12.000000,10.000000,,,,
1353.879,03.590867,-12.000000,10.000000,,,,
1353.888,03.590867,-12.000000,10.000000,,,,
1353.906,03.590867,-12.000000,10.000000,,,,
1353.927,03.590867,-12.000000,10.000000,,,,
1353.939,03.590867,-12.000000,10.000000,,,,
1353.954,03.590867,-12.000000,10.000000,,,,
1353.972,03.104540,-12.000000,10.000000,,,,
1353.992,03.104540,-12.000000,10.000000,,,,
1354.008,03.104540,-12.000000,10.000000,,,,
1354.021,03.104540,-12.000000,10.000000,,,,
1354.037,03.104540,-12.000000,10.000000,,,,
1354.055,02.609082,-12.000000,10.000000,,,,
1354.071,02.609082,-12.000000,10.000000,,,,
1354.088,02.609082,-12.000000,10.000000,,,,
1354.108,02.609082,-12.000000,10.000000,,,,
1354.121,02.609082,-12.000000,10.000000,,,,
1354.138,02.609082,-12.000000,10.000000,,,,
1354.154,02.609082,-12.000000,10.000000,,,,
1354.171,02.119580,-12.000000,10.000000,,,,
1354.191,02.119580,-12.000000,10.000000,,,,
1354.208,02.119580,-12.000000,10.000000,,,,
1354.221,02.119580,-12.000000,10.000000,,,,
1354.237,02.119580,-12.000000,10.000000,,,,
1354.254,01.633122,-12.000000,10.000000,,,,
1354.271,01.633122,-12.000000,10.000000,,,,
1354.291,01.633122,-12.000000,10.000000,,,,
1354.312,01.633122,-12.000000,10.000000,,,,
1354.321,01.633122,-12.000000,10.000000,,,,
1354.337,01.633122,-12.000000,10.000000,,,,
1354.354,01.633122,-12.000000,10.000000,,,,
1354.371,01.123667,-12.000000,10.000000,,,,
1354.388,01.123667,-12.000000,10.000000,,,,
1354.408,01.123667,-12.000000,10.000000,,,,
1354.421,01.123667,-12.000000,10.000000,,,,
1354.437,01.123667,-12.000000,10.000000,,,,
1354.455,00.655926,-12.000000,10.000000,,,,
1354.471,00.655926,-12.000000,10.000000,,,,
1354.496,00.655926,-12.000000,10.000000,,,,
1354.504,00.655926,-12.000000,10.000000,,,,
1354.521,00.655926,-12.000000,10.000000,,,,
1354.537,00.655926,-12.000000,10.000000,,,,
1354.556,00.655926,-12.000000,10.000000,,,,
1354.578,00.187334,-12.000000,10.000000,,,,
1354.588,00.187334,-12.000000,10.000000,,,,
1354.604,00.187334,-12.000000,10.000000,,,,
1354.620,00.187334,-12.000000,10.000000,,,,
1354.637,00.187334,-12.000000,10.000000,,,,
1354.654,-00.299370,-12.000000,10.000000,,,,
1354.677,-00.299370,-12.000000,10.000000,,,,
1354.687,-00.299370,-12.000000,10.000000,,,,
1354.704,-00.299370,-12.000000,10.000000,,,,
1354.721,-00.299370,-12.000000,10.000000,,,,
1354.737,-00.299370,-12.000000,10.000000,,,,
1354.754,-00.789688,-12.000000,10.000000,,,,
1354.778,-00.789688,-12.000000,10.000000,,,,
1354.787,-00.789688,-12.000000,10.000000,,,,
1354.804,-00.789688,-12.000000,10.000000,,,,
1354.821,-00.789688,-12.000000,10.000000,,,,
1354.837,-00.789688,-12.000000,10.000000,,,,
1354.859,-01.276736,-12.000000,10.000000,,,,
1354.876,-01.276736,-12.000000,10.000000,,,,
1354.887,-01.276736,-12.000000,10.000000,,,,
1354.904,-01.276736,-12.000000,10.000000,,,,
1354.921,-01.276736,-12.000000,10.000000,,,,
1354.937,-01.276736,-12.000000,10.000000,,,,
1354.957,-01.276736,-12.000000,10.000000,,,,
1354.980,-01.765465,-12.000000,10.000000,,,,
1354.987,-01.765465,-12.000000,10.000000,,,,
1355.004,-01.765465,-12.000000,10.000000,,,,
1355.021,-01.765465,-12.000000,10.000000,,,,
1355.040,-02.252054,-12.000000,10.000000,,,,
1355.061,-02.252054,-12.000000,10.000000,,,,
1355.077,-02.252054,-12.000000,10.000000,,,,
1355.087,-02.252054,-12.000000,10.000000,,,,
1355.104,-02.252054,-12.000000,10.000000,,,,
1355.121,-02.252054,-12.000000,10.000000,,,,
1355.141,-02.252054,-12.000000,10.000000,,,,
1355.157,-02.252054,-12.000000,10.000000,,,,
1355.178,-02.743045,-12.000000,10.000000,,,,
1355.188,-02.743045,-12.000000,10.000000,,,,
1355.204,-02.743045,-12.000000,10.000000,,,,
1355.221,-02.743045,-12.000000,10.000000,,,,
1355.237,-02.743045,-12.000000,10.000000,,,,
1355.259,-03.230547,-12.000000,10.000000,,,,
1355.271,-03.230547,-12.000000,10.000000,,,,
1355.287,-03.230547,-12.000000,10.000000,,,,
1355.304,-03.230547,-12.000000,10.000000,,,,
1355.321,-03.230547,-12.000000,10.000000,,,,
1355.343,-03.719190,-12.000000,10.000000,,,,
1355.363,-03.719190,-12.000000,10.000000,,,,
1355.371,-03.719190,-12.000000,10.000000,,,,
1355.387,-03.719190,-12.000000,10.000000,,,,
1355.404,-03.719190,-12.000000,10.000000,,,,
1355.423,-03.719190,-12.000000,10.000000,,,,
1355.439,-03.719190,-12.000000,10.000000,,,,
1355.462,-04.206576,-12.000000,10.000000,,,,
1355.470,-04.206576,-12.000000,10.000000,,,,
1355.487,-04.206576,-12.000000,10.000000,,,,
1355.504,-04.206576,-12.000000,10.000000,,,,
1355.521,-04.206576,-12.000000,10.000000,,,,
1355.543,-04.695423,-12.000000,10.000000,,,,
1355.554,-04.695423,-12.000000,10.000000,,,,
1355.571,-04.695423,-12.000000,10.000000,,,,
1355.588,-04.695423,-12.000000,10.000000,,,,
1355.610,-04.695423,-12.000000,10.000000,,,,
1355.621,-04.695423,-12.000000,10.000000,,,,
1355.637,-04.695423,-12.000000,10.000000,,,,
1355.657,-04.695423,-12.000000,10.000000,,,,
1355.671,-05.211332,-12.000000,10.000000,,,,
1355.688,-05.211332,-12.000000,10.000000,,,,
1355.706,-05.211332,-12.000000,10.000000,,,,
1355.721,-05.211332,-12.000000,10.000000,,,,
1355.737,-05.211332,-12.000000,10.000000,,,,
1355.758,-04.893776,-12.000000,10.000000,,,,
1355.771,-04.893776,-12.000000,10.000000,,,,
1355.788,-04.893776,-12.000000,10.000000,,,,
1355.809,-04.893776,-12.000000,10.000000,,,,
1355.822,-04.893776,-12.000000,10.000000,,,,
1355.837,-04.893776,-12.000000,10.000000,,,,
1355.857,-04.387016,-12.000000,10.000000,,,,
1355.871,-04.387016,-12.000000,10.000000,,,,
1355.888,-04.387016,-12.000000,10.000000,,,,
1355.909,-04.387016,-12.000000,10.000000,,,,
1355.921,-04.387016,-12.000000,10.000000,,,,
1355.937,-04.387016,-12.000000,10.000000,,,,
1355.957,-03.902314,-12.000000,10.000000,,,,
1355.971,-03.902314,-12.000000,10.000000,,,,
1355.987,-03.902314,-12.000000,10.000000,,,,
1356.004,-03.902314,-12.000000,10.000000,,,,
1356.020,-03.902314,-12.000000,10.000000,,,,
1356.037,-03.902314,-12.000000,10.000000,,,,
1356.060,-03.439129,-12.000000,10.000000,,,,
1356.070,-03.439129,-12.000000,10.000000,,,,
1356.088,-03.439129,-12.000000,10.000000,,,,
1356.111,-03.439129,-12.000000,10.000000,,,,
1356.121,-03.439129,-12.000000,10.000000,,,,
1356.138,-03.439129,-12.000000,10.000000,,,,
1356.161,-02.915439,-12.000000,10.000000,,,,
1356.171,-02.915439,-12.000000,10.000000,,,,
1356.187,-02.915439,-12.000000,10.000000,,,,
1356.208,-02.915439,-12.000000,10.000000,,,,
1356.222,-02.915439,-12.000000,10.000000,,,,
1356.238,-02.915439,-12.000000,10.000000,,,,
1356.261,-02.438514,-12.000000,10.000000,,,,
1356.270,-02.438514,-12.000000,10.000000,,,,
1356.288,-02.438514,-12.000000,10.000000,,,,
1356.309,-02.438514,-12.000000,10.000000,,,,
1356.321,-02.438514,-12.000000,10.000000,,,,
1356.337,-02.438514,-12.000000,10.000000,,,,
1356.360,-02.438514,-12.000000,10.000000,,,,
1356.370,-02.438514,-12.000000,10.000000,,,,
1356.388,-01.947100,-12.000000,10.000000,,,,
1356.410,-01.947100,-12.000000,10.000000,,,,
1356.421,-01.947100,-12.000000,10.000000,,,,
1356.437,-01.947100,-12.000000,10.000000,,,,
1356.459,-01.947100,-12.000000,10.000000,,,,
1356.471,-01.947100,-12.000000,10.000000,,,,
1356.488,-01.452725,-12.000000,10.000000,,,,
1356.510,-01.452725,-12.000000,10.000000,,,,
1356.521,-01.452725,-12.000000,10.000000,,,,
1356.538,-01.452725,-12.000000,10.000000,,,,
1356.561,-00.968821,-12.000000,10.000000,,,,
1356.570,-00.968821,-12.000000,10.000000,,,,
1356.588,-00.968821,-12.000000,10.000000,,,,
1356.610,-00.968821,-12.000000,10.000000,,,,
1356.621,-00.968821,-12.000000,10.000000,,,,
1356.638,-00.968821,-12.000000,10.000000,,,,
1356.664,-00.478336,-12.000000,10.000000,,,,
1356.671,-00.478336,-12.000000,10.000000,,,,
1356.688,-00.478336,-12.000000,10.000000,,,,
1356.710,-00.478336,-12.000000,10.000000,,,,
1356.721,-00.478336,-12.000000,10.000000,,,,
1356.737,-00.478336,-12.000000,10.000000,,,,
1356.760,-00.478336,-12.000000,10.000000,,,,
1356.772,-00.478336,-12.000000,10.000000,,,,
1356.788,00.008722,-12.000000,10.000000,,,,
1356.812,00.008722,-12.000000,10.000000,,,,
1356.821,00.008722,-12.000000,10.000000,,,,
1356.837,00.008722,-12.000000,10.000000,,,,
1356.860,00.508889,-12.000000,10.000000,,,,
1356.870,00.508889,-12.000000,10.000000,,,,
1356.888,00.508889,-12.000000,10.000000,,,,
1356.912,00.508889,-12.000000,10.000000,,,,
1356.921,00.508889,-12.000000,10.000000,,,,
1356.940,00.508889,-12.000000,10.000000,,,,
1356.965,01.037298,-12.000000,10.000000,,,,
1356.970,01.037298,-12.000000,10.000000,,,,
1356.987,01.037298,-12.000000,10.000000,,,,
1357.004,01.037298,-12.000000,10.000000,,,,
1357.021,01.037298,-12.000000,10.000000,,,,
1357.038,01.037298,-12.000000,10.000000,,,,
1357.054,01.037298,-12.000000,10.000000,,,,
1357.071,01.525636,-12.000000,10.000000,,,,
1357.088,01.525636,-12.000000,10.000000,,,,
1357.104,01.525636,-12.000000,10.000000,,,,
1357.121,01.525636,-12.000000,10.000000,,,,
1357.137,01.525636,-12.000000,10.000000,,,,
1357.165,01.525636,-12.000000,10.000000,,,,
1357.171,01.525636,-12.000000,10.000000,,,,
1357.188,02.014493,-12.000000,10.000000,,,,
1357.210,02.014493,-12.000000,10.000000,,,,
1357.221,02.014493,-12.000000,10.000000,,,,
1357.237,02.014493,-12.000000,10.000000,,,,
1357.262,02.502140,-12.000000,10.000000,,,,
1357.270,02.502140,-12.000000,10.000000,,,,
1357.290,02.502140,-12.000000,10.000000,,,,
1357.304,02.502140,-12.000000,10.000000,,,,
1357.321,02.502140,-12.000000,10.000000,,,,
1357.340,02.502140,-12.000000,10.000000,,,,
1357.354,02.502140,-12.000000,10.000000,,,,
1357.371,02.990519,-12.000000,10.000000,,,,
1357.392,02.990519,-12.000000,10.000000,,,,
1357.404,02.990519,-12.000000,10.000000,,,,
1357.421,02.990519,-12.000000,10.000000,,,,
1357.440,02.990519,-12.000000,10.000000,,,,
1357.455,02.990519,-12.000000,10.000000,,,,
1357.471,03.478218,-12.000000,10.000000,,,,
1357.491,03.478218,-12.000000,10.000000,,,,
1357.505,03.478218,-12.000000,10.000000,,,,
1357.521,03.478218,-12.000000,10.000000,,,,
1357.540,03.478218,-12.000000,10.000000,,,,
1357.555,03.478218,-12.000000,10.000000,,,,
1357.571,03.478218,-12.000000,10.000000,,,,
1357.590,03.968833,-12.000000,10.000000,,,,
1357.605,03.968833,-12.000000,10.000000,,,,
1357.621,03.968833,-12.000000,10.000000,,,,
1357.637,03.968833,-12.000000,10.000000,,,,
1357.654,03.968833,-12.000000,10.000000,,,,
1357.676,04.457042,-12.000000,10.000000,,,,
1357.688,04.457042,-12.000000,10.000000,,,,
1357.708,04.457042,-12.000000,10.000000,,,,
1357.721,04.457042,-12.000000,10.000000,,,,
1357.738,04.457042,-12.000000,10.000000,,,,
1357.755,04.943670,-12.000000,10.000000,,,,
1357.771,04.943670,-12.000000,10.000000,,,,
1357.788,04.943670,-12.000000,10.000000,,,,
1357.804,04.943670,-12.000000,10.000000,,,,
1357.821,04.943670,-12.000000,10.000000,,,,
1357.837,04.943670,-12.000000,10.000000,,,,
1357.855,04.943670,-12.000000,10.000000,,,,
1357.871,04.943670,-12.000000,10.000000,,,,
1357.887,05.431835,-12.000000,10.000000,,,,
1357.904,05.431835,-12.000000,10.000000,,,,
1357.925,05.431835,-12.000000,10.000000,,,,
1357.938,05.431835,-12.000000,10.000000,,,,
1357.957,05.431835,-12.000000,10.000000,,,,
1357.971,05.431835,-12.000000,10.000000,,,,
1357.988,05.943174,-12.000000,10.000000,,,,
1358.004,05.943174,-12.000000,10.000000,,,,
1358.021,05.943174,-12.000000,10.000000,,,,
1358.037,05.943174,-12.000000,10.000000,,,,
1358.054,05.943174,-12.000000,10.000000,,,,
1358.071,06.408909,-12.000000,10.000000,,,,
1358.087,06.408909,-12.000000,10.000000,,,,
1358.104,06.408909,-12.000000,10.000000,,,,
1358.121,06.408909,-12.000000,10.000000,,,,
1358.143,06.408909,-12.000000,10.000000,,,,
1358.154,06.408909,-12.000000,10.000000,,,,
1358.174,06.896089,-12.000000,10.000000,,,,
1358.188,06.896089,-12.000000,10.000000,,,,
1358.204,06.896089,-12.000000,10.000000,,,,
1358.222,06.896089,-12.000000,10.000000,,,,
1358.237,06.896089,-12.000000,10.000000,,,,
1358.254,06.896089,-12.000000,10.000000,,,,
1358.271,07.390449,-12.000000,10.000000,,,,
1358.287,07.390449,-12.000000,10.000000,,,,
1358.304,07.390449,-12.000000,10.000000,,,,
1358.321,07.390449,-12.000000,10.000000,,,,
1358.337,07.390449,-12.000000,10.000000,,,,
1358.360,07.390449,-12.000000,10.000000,,,,
1358.371,07.390449,-12.000000,10.000000,,,,
1358.392,07.871995,-12.000000,10.000000,,,,
1358.405,07.871995,-12.000000,10.000000,,,,
1358.423,07.871995,-12.000000,10.000000,,,,
1358.437,07.871995,-12.000000,10.000000,,,,
1358.454,07.871995,-12.000000,10.000000,,,,
1358.472,08.372764,-12.000000,10.000000,,,,
1358.488,08.372764,-12.000000,10.000000,,,,
1358.504,08.372764,-12.000000,10.000000,,,,
1358.521,08.372764,-12.000000,10.000000,,,,
1358.537,08.372764,-12.000000,10.000000,,,,
1358.554,08.848923,-12.000000,10.000000,,,,
1358.580,08.848923,-12.000000,10.000000,,,,
1358.587,08.848923,-12.000000,10.000000,,,,
1358.609,08.848923,-12.000000,10.000000,,,,
1358.621,08.848923,-12.000000,10.000000,,,,
1358.640,08.848923,-12.000000,10.000000,,,,
1358.654,08.848923,-12.000000,10.000000,,,,
1358.671,08.848923,-12.000000,10.000000,,,,
1358.689,09.341351,-12.000000,10.000000,,,,
1358.704,09.341351,-12.000000,10.000000,,,,
1358.721,09.341351,-12.000000,10.000000,,,,
1358.737,09.341351,-12.000000,10.000000,,,,
1358.754,09.341351,-12.000000,10.000000,,,,
1358.771,09.826982,-12.000000,10.000000,,,,
1358.787,09.826982,-12.000000,10.000000,,,,
1358.805,09.826982,-12.000000,10.000000,,,,
1358.826,09.826982,-12.000000,10.000000,,,,
1358.837,09.826982,-12.000000,10.000000,,,,
1358.857,09.826982,-12.000000,10.000000,,,,
1358.871,10.067640,-12.000000,10.000000,,,,
1358.888,10.067640,-12.000000,10.000000,,,,
1358.904,10.067640,-12.000000,10.000000,,,,
1358.921,10.067640,-12.000000,10.000000,,,,
1358.937,10.067640,-12.000000,10.000000,,,,
1358.954,10.067640,-12.000000,10.000000,,,,
1358.971,09.673403,-12.000000,10.000000,,,,
1358.988,09.673403,-12.000000,10.000000,,,,
1359.004,09.673403,-12.000000,10.000000,,,,
1359.022,09.673403,-12.000000,10.000000,,,,
1359.042,09.673403,-12.000000,10.000000,,,,
1359.055,09.673403,-12.000000,10.000000,,,,
1359.074,09.179595,-12.000000,10.000000,,,,
1359.088,09.179595,-12.000000,10.000000,,,,
1359.104,09.179595,-12.000000,10.000000,,,,
1359.121,09.179595,-12.000000,10.000000,,,,
1359.137,09.179595,-12.000000,10.000000,,,,
1359.154,09.179595,-12.000000,10.000000,,,,
1359.171,08.698318,-12.000000,10.000000,,,,
1359.188,08.698318,-12.000000,10.000000,,,,
1359.204,08.698318,-12.000000,10.000000,,,,
1359.221,08.698318,-12.000000,10.000000,,,,
1359.237,08.698318,-12.000000,10.000000,,,,
1359.260,08.210651,-12.000000,10.000000,,,,
1359.271,08.210651,-12.000000,10.000000,,,,
1359.291,08.210651,-12.000000,10.000000,,,,
1359.305,08.210651,-12.000000,10.000000,,,,
1359.321,08.210651,-12.000000,10.000000,,,,
1359.338,08.210651,-12.000000,10.000000,,,,
1359.354,08.210651,-12.000000,10.000000,,,,
1359.371,07.721776,-12.000000,10.000000,,,,
1359.388,07.721776,-12.000000,10.000000,,,,
1359.404,07.721776,-12.000000,10.000000,,,,
1359.421,07.721776,-12.000000,10.000000,,,,
1359.437,07.721776,-12.000000,10.000000,,,,
1359.455,07.721776,-12.000000,10.000000,,,,
1359.477,07.233742,-12.000000,10.000000,,,,
1359.487,07.233742,-12.000000,10.000000,,,,
1359.508,07.233742,-12.000000,10.000000,,,,
1359.521,07.233742,-12.000000,10.000000,,,,
1359.538,07.233742,-12.000000,10.000000,,,,
1359.554,07.233742,-12.000000,10.000000,,,,
1359.571,06.743659,-12.000000,10.000000,,,,
1359.587,06.743659,-12.000000,10.000000,,,,
1359.605,06.743659,-12.000000,10.000000,,,,
1359.621,06.743659,-12.000000,10.000000,,,,
1359.637,06.743659,-12.000000,10.000000,,,,
1359.654,06.257074,-12.000000,10.000000,,,,
1359.671,06.257074,-12.000000,10.000000,,,,
1359.688,06.257074,-12.000000,10.000000,,,,
1359.708,06.257074,-12.000000,10.000000,,,,
1359.721,06.257074,-12.000000,10.000000,,,,
1359.737,06.257074,-12.000000,10.000000,,,,
1359.754,06.257074,-12.000000,10.000000,,,,
1359.772,06.257074,-12.000000,10.000000,,,,
1359.788,05.768147,-12.000000,10.000000,,,,
1359.804,05.768147,-12.000000,10.000000,,,,
1359.821,05.768147,-12.000000,10.000000,,,,
1359.838,05.768147,-12.000000,10.000000,,,,
1359.859,05.279206,-12.000000,10.000000,,,,
1359.872,05.279206,-12.000000,10.000000,,,,
1359.887,05.279206,-12.000000,10.000000,,,,
1359.904,05.279206,-12.000000,10.000000,,,,
1359.921,05.279206,-12.000000,10.000000,,,,
1359.937,05.279206,-12.000000,10.000000,,,,
1359.954,04.792962,-12.000000,10.000000,,,,
1359.974,04.792962,-12.000000,10.000000,,,,
1359.988,04.792962,-12.000000,10.000000,,,,
1360.004,04.792962,-12.000000,10.000000,,,,
1360.021,04.792962,-12.000000,10.000000,,,,
1360.038,04.792962,-12.000000,10.000000,,,,
1360.054,04.792962,-12.000000,10.000000,,,,
1360.071,04.302938,-12.000000,10.000000,,,,
1360.088,04.302938,-12.000000,10.000000,,,,
1360.105,04.302938,-12.000000,10.000000,,,,
1360.127,04.302938,-12.000000,10.000000,,,,
1360.137,04.302938,-12.000000,10.000000,,,,
1360.154,04.302938,-12.000000,10.000000,,,,
1360.171,04.302938,-12.000000,10.000000,,,,
1360.187,04.302938,-12.000000,10.000000,,,,
1360.205,03.785979,-12.000000,10.000000,,,,
1360.221,03.785979,-12.000000,10.000000,,,,
1360.240,03.785979,-12.000000,10.000000,,,,
1360.255,03.785979,-12.000000,10.000000,,,,
1360.271,03.326087,-12.000000,10.000000,,,,
1360.288,03.326087,-12.000000,10.000000,,,,
1360.304,03.326087,-12.000000,10.000000,,,,
1360.321,03.326087,-12.000000,10.000000,,,,
1360.338,03.326087,-12.000000,10.000000,,,,
1360.355,03.326087,-12.000000,10.000000,,,,
1360.372,02.838719,-12.000000,10.000000,,,,
1360.394,02.838719,-12.000000,10.000000,,,,
1360.404,02.838719,-12.000000,10.000000,,,,
1360.421,02.838719,-12.000000,10.000000,,,,
1360.438,02.838719,-12.000000,10.000000,,,,
1360.454,02.838719,-12.000000,10.000000,,,,
1360.471,02.351667,-12.000000,10.000000,,,,
1360.488,02.351667,-12.000000,10.000000,,,,
1360.508,02.351667,-12.000000,10.000000,,,,
1360.521,02.351667,-12.000000,10.000000,,,,
1360.537,02.351667,-12.000000,10.000000,,,,
1360.554,02.351667,-12.000000,10.000000,,,,
1360.571,02.351667,-12.000000,10.000000,,,,
1360.588,01.859599,-12.000000,10.000000,,,,
1360.604,01.859599,-12.000000,10.000000,,,,
1360.621,01.859599,-12.000000,10.000000,,,,
1360.638,01.859599,-12.000000,10.000000,,,,
1360.659,01.859599,-12.000000,10.000000,,,,
1360.671,01.859599,-12.000000,10.000000,,,,
1360.687,01.373974,-12.000000,10.000000,,,,
1360.704,01.373974,-12.000000,10.000000,,,,
1360.721,01.373974,-12.000000,10.000000,,,,
1360.738,01.373974,-12.000000,10.000000,,,,
1360.758,00.885927,-12.000000,10.000000,,,,
1360.775,00.885927,-12.000000,10.000000,,,,
1360.787,00.885927,-12.000000,10.000000,,,,
1360.804,00.885927,-12.000000,10.000000,,,,
1360.821,00.885927,-12.000000,10.000000,,,,
1360.837,00.885927,-12.000000,10.000000,,,,
1360.855,00.885927,-12.000000,10.000000,,,,
1360.871,00.885927,-12.000000,10.000000,,,,
1360.889,00.398145,-12.000000,10.000000,,,,
1360.905,00.398145,-12.000000,10.000000,,,,
1360.928,00.398145,-12.000000,10.000000,,,,
1360.937,00.398145,-12.000000,10.000000,,,,
1360.954,00.398145,-12.000000,10.000000,,,,
1360.971,00.398145,-12.000000,10.000000,,,,
1360.988,-00.089802,-12.000000,10.000000,,,,
1361.004,-00.089802,-12.000000,10.000000,,,,
1361.021,-00.089802,-12.000000,10.000000,,,,
1361.041,-00.089802,-12.000000,10.000000,,,,
1361.054,-00.089802,-12.000000,10.000000,,,,
1361.071,-00.579156,-12.000000,10.000000,,,,
1361.088,-00.579156,-12.000000,10.000000,,,,
1361.104,-00.579156,-12.000000,10.000000,,,,
1361.121,-00.579156,-12.000000,10.000000,,,,
1361.137,-00.579156,-12.000000,10.000000,,,,
1361.155,-00.579156,-12.000000,10.000000,,,,
1361.174,-01.068166,-12.000000,10.000000,,,,
1361.195,-01.068166,-12.000000,10.000000,,,,
1361.204,-01.068166,-12.000000,10.000000,,,,
1361.221,-01.068166,-12.000000,10.000000,,,,
1361.237,-01.068166,-12.000000,10.000000,,,,
1361.254,-01.068166,-12.000000,10.000000,,,,
1361.271,-01.554934,-12.000000,10.000000,,,,
1361.287,-01.554934,-12.000000,10.000000,,,,
1361.308,-01.554934,-12.000000,10.000000,,,,
1361.321,-01.554934,-12.000000,10.000000,,,,
1361.337,-01.554934,-12.000000,10.000000,,,,
1361.354,-01.554934,-12.000000,10.000000,,,,
1361.371,-02.044191,-12.000000,10.000000,,,,
1361.388,-02.044191,-12.000000,10.000000,,,,
1361.404,-02.044191,-12.000000,10.000000,,,,
1361.421,-02.044191,-12.000000,10.000000,,,,
1361.438,-02.044191,-12.000000,10.000000,,,,
1361.462,-02.532754,-12.000000,10.000000,,,,
1361.471,-02.532754,-12.000000,10.000000,,,,
1361.488,-02.532754,-12.000000,10.000000,,,,
1361.504,-02.532754,-12.000000,10.000000,,,,
1361.521,-02.532754,-12.000000,10.000000,,,,
1361.537,-02.532754,-12.000000,10.000000,,,,
1361.554,-03.020417,-12.000000,10.000000,,,,
1361.575,-03.020417,-12.000000,10.000000,,,,
1361.588,-03.020417,-12.000000,10.000000,,,,
1361.605,-03.020417,-12.000000,10.000000,,,,
1361.621,-03.020417,-12.000000,10.000000,,,,
1361.637,-03.020417,-12.000000,10.000000,,,,
1361.654,-03.020417,-12.000000,10.000000,,,,
1361.671,-03.020417,-12.000000,10.000000,,,,
1361.688,-03.020417,-12.000000,10.000000,,,,
1361.704,-03.507611,-12.000000,10.000000,,,,
1361.722,-03.507611,-12.000000,10.000000,,,,
1361.737,-03.507611,-12.000000,10.000000,,,,
1361.754,-03.507611,-12.000000,10.000000,,,,
1361.771,-04.004756,-12.000000,10.000000,,,,
1361.788,-04.004756,-12.000000,10.000000,,,,
1361.810,-04.004756,-12.000000,10.000000,,,,
1361.821,-04.004756,-12.000000,10.000000,,,,
1361.843,-04.004756,-12.000000,10.000000,,,,
1361.854,-04.004756,-12.000000,10.000000,,,,
1361.874,-04.484675,-12.000000,10.000000,,,,
1361.888,-04.484675,-12.000000,10.000000,,,,
1361.907,-04.484675,-12.000000,10.000000,,,,
1361.922,-04.484675,-12.000000,10.000000,,,,
1361.938,-04.484675,-12.000000,10.000000,,,,
1361.955,-04.973663,-12.000000,10.000000,,,,
1361.971,-04.973663,-12.000000,10.000000,,,,
1361.988,-04.973663,-12.000000,10.000000,,,,
1362.005,-04.973663,-12.000000,10.000000,,,,
1362.021,-04.973663,-12.000000,10.000000,,,,
1362.038,-04.973663,-12.000000,10.000000,,,,
1362.054,-04.973663,-12.000000,10.000000,,,,
1362.071,-04.973663,-12.000000,10.000000,,,,
1362.088,-05.089630,-12.000000,10.000000,,,,
1362.105,-05.089630,-12.000000,10.000000,,,,
1362.121,-05.089630,-12.000000,10.000000,,,,
1362.138,-05.089630,-12.000000,10.000000,,,,
1362.154,-05.089630,-12.000000,10.000000,,,,
1362.171,-04.626101,-12.000000,10.000000,,,,
1362.188,-04.626101,-12.000000,10.000000,,,,
1362.204,-04.626101,-12.000000,10.000000,,,,
1362.221,-04.626101,-12.000000,10.000000,,,,
1362.237,-04.626101,-12.000000,10.000000,,,,
1362.261,-04.626101,-12.000000,10.000000,,,,
1362.271,-04.626101,-12.000000,10.000000,,,,
1362.292,-04.135889,-12.000000,10.000000,,,,
1362.305,-04.135889,-12.000000,10.000000,,,,
1362.324,-04.135889,-12.000000,10.000000,,,,
1362.338,-04.135889,-12.000000,10.000000,,,,
1362.356,-04.135889,-12.000000,10.000000,,,,
1362.372,-04.135889,-12.000000,10.000000,,,,
1362.388,-03.632723,-12.000000,10.000000,,,,
1362.404,-03.632723,-12.000000,10.000000,,,,
1362.422,-03.632723,-12.000000,10.000000,,,,
1362.438,-03.632723,-12.000000,10.000000,,,,
1362.455,-03.632723,-12.000000,10.000000,,,,
1362.472,-03.632723,-12.000000,10.000000,,,,
1362.488,-03.158513,-12.000000,10.000000,,,,
1362.505,-03.158513,-12.000000,10.000000,,,,
1362.521,-03.158513,-12.000000,10.000000,,,,
1362.537,-03.158513,-12.000000,10.000000,,,,
1362.554,-03.158513,-12.000000,10.000000,,,,
1362.571,-02.671117,-12.000000,10.000000,,,,
1362.588,-02.671117,-12.000000,10.000000,,,,
1362.604,-02.671117,-12.000000,10.000000,,,,
1362.621,-02.671117,-12.000000,10.000000,,,,
1362.638,-02.671117,-12.000000,10.000000,,,,
1362.654,-02.671117,-12.000000,10.000000,,,,
1362.678,-02.182894,-12.000000,10.000000,,,,
1362.688,-02.182894,-12.000000,10.000000,,,,
1362.709,-02.182894,-12.000000,10.000000,,,,
1362.721,-02.182894,-12.000000,10.000000,,,,
1362.741,-02.182894,-12.000000,10.000000,,,,
1362.754,-02.182894,-12.000000,10.000000,,,,
1362.771,-01.695270,-12.000000,10.000000,,,,
1362.788,-01.695270,-12.000000,10.000000,,,,
1362.805,-01.695270,-12.000000,10.000000,,,,
1362.821,-01.695270,-12.000000,10.000000,,,,
1362.838,-01.695270,-12.000000,10.000000,,,,
1362.854,-01.695270,-12.000000,10.000000,,,,
1362.871,-01.206318,-12.000000,10.000000,,,,
1362.888,-01.206318,-12.000000,10.000000,,,,
1362.905,-01.206318,-12.000000,10.000000,,,,
1362.921,-01.206318,-12.000000,10.000000,,,,
1362.938,-01.206318,-12.000000,10.000000,,,,
1362.955,-01.206318,-12.000000,10.000000,,,,
1362.971,-00.718291,-12.000000,10.000000,,,,
1362.988,-00.718291,-12.000000,10.000000,,,,
1363.004,-00.718291,-12.000000,10.000000,,,,
1363.021,-00.718291,-12.000000,10.000000,,,,
1363.039,-00.718291,-12.000000,10.000000,,,,
1363.061,-00.230334,-12.000000,10.000000,,,,
1363.071,-00.230334,-12.000000,10.000000,,,,
1363.093,-00.230334,-12.000000,10.000000,,,,
1363.106,-00.230334,-12.000000,10.000000,,,,
1363.126,-00.230334,-12.000000,10.000000,,,,
1363.140,-00.230334,-12.000000,10.000000,,,,
1363.158,-00.230334,-12.000000,10.000000,,,,
1363.171,-00.230334,-12.000000,10.000000,,,,
1363.190,00.281015,-12.000000,10.000000,,,,
1363.204,00.281015,-12.000000,10.000000,,,,
1363.221,00.281015,-12.000000,10.000000,,,,
1363.238,00.281015,-12.000000,10.000000,,,,
1363.254,00.281015,-12.000000,10.000000,,,,
1363.271,00.746919,-12.000000,10.000000,,,,
1363.288,00.746919,-12.000000,10.000000,,,,
1363.305,00.746919,-12.000000,10.000000,,,,
1363.322,00.746919,-12.000000,10.000000,,,,
1363.338,00.746919,-12.000000,10.000000,,,,
1363.354,00.746919,-12.000000,10.000000,,,,
1363.371,01.235760,-12.000000,10.000000,,,,
1363.388,01.235760,-12.000000,10.000000,,,,
1363.404,01.235760,-12.000000,10.000000,,,,
1363.422,01.235760,-12.000000,10.000000,,,,
1363.438,01.235760,-12.000000,10.000000,,,,
1363.454,01.235760,-12.000000,10.000000,,,,
1363.471,01.723682,-12.000000,10.000000,,,,
1363.488,01.723682,-12.000000,10.000000,,,,
1363.510,01.723682,-12.000000,10.000000,,,,
1363.521,01.723682,-12.000000,10.000000,,,,
1363.542,01.723682,-12.000000,10.000000,,,,
1363.554,01.723682,-12.000000,10.000000,,,,
1363.574,02.211110,-12.000000,10.000000,,,,
1363.589,02.211110,-12.000000,10.000000,,,,
1363.607,02.211110,-12.000000,10.000000,,,,
1363.622,02.211110,-12.000000,10.000000,,,,
1363.638,02.211110,-12.000000,10.000000,,,,
1363.654,02.211110,-12.000000,10.000000,,,,
1363.672,02.699449,-12.000000,10.000000,,,,
1363.688,02.699449,-12.000000,10.000000,,,,
1363.705,02.699449,-12.000000,10.000000,,,,
1363.721,02.699449,-12.000000,10.000000,,,,
1363.738,02.699449,-12.000000,10.000000,,,,
1363.754,02.699449,-12.000000,10.000000,,,,
1363.771,03.188698,-12.000000,10.000000,,,,
1363.788,03.188698,-12.000000,10.000000,,,,
1363.805,03.188698,-12.000000,10.000000,,,,
1363.821,03.188698,-12.000000,10.000000,,,,
1363.838,03.188698,-12.000000,10.000000,,,,
1363.854,03.188698,-12.000000,10.000000,,,,
1363.871,03.188698,-12.000000,10.000000,,,,
1363.894,03.675756,-12.000000,10.000000,,,,
1363.905,03.675756,-12.000000,10.000000,,,,
1363.926,03.675756,-12.000000,10.000000,,,,
1363.938,03.675756,-12.000000,10.000000,,,,
1363.958,03.675756,-12.000000,10.000000,,,,
1363.973,03.675756,-12.000000,10.000000,,,,
1363.991,04.187957,-12.000000,10.000000,,,,
1364.004,04.187957,-12.000000,10.000000,,,,
1364.021,04.187957,-12.000000,10.000000,,,,
1364.038,04.187957,-12.000000,10.000000,,,,
1364.055,04.187957,-12.000000,10.000000,,,,
1364.071,04.652881,-12.000000,10.000000,,,,
1364.088,04.652881,-12.000000,10.000000,,,,
1364.105,04.652881,-12.000000,10.000000,,,,
1364.121,04.652881,-12.000000,10.000000,,,,
1364.138,04.652881,-12.000000,10.000000,,,,
1364.155,05.141836,-12.000000,10.000000,,,,
1364.171,05.141836,-12.000000,10.000000,,,,
1364.188,05.141836,-12.000000,10.000000,,,,
1364.204,05.141836,-12.000000,10.000000,,,,
1364.222,05.141836,-12.000000,10.000000,,,,
1364.238,05.141836,-12.000000,10.000000,,,,
1364.255,05.141836,-12.000000,10.000000,,,,
1364.277,05.141836,-12.000000,10.000000,,,,
1364.288,05.628435,-12.000000,10.000000,,,,
1364.310,05.628435,-12.000000,10.000000,,,,
1364.321,05.628435,-12.000000,10.000000,,,,
1364.342,05.628435,-12.000000,10.000000,,,,
1364.355,05.628435,-12.000000,10.000000,,,,
1364.375,06.117231,-12.000000,10.000000,,,,
1364.389,06.117231,-12.000000,10.000000,,,,
1364.407,06.117231,-12.000000,10.000000,,,,
1364.422,06.117231,-12.000000,10.000000,,,,
1364.438,06.117231,-12.000000,10.000000,,,,
1364.455,06.117231,-12.000000,10.000000,,,,
1364.472,06.610041,-12.000000,10.000000,,,,
1364.488,06.610041,-12.000000,10.000000,,,,
1364.505,06.610041,-12.000000,10.000000,,,,
1364.521,06.610041,-12.000000,10.000000,,,,
1364.538,06.610041,-12.000000,10.000000,,,,
1364.554,06.610041,-12.000000,10.000000,,,,
1364.571,07.094087,-12.000000,10.000000,,,,
1364.587,07.094087,-12.000000,10.000000,,,,
1364.605,07.094087,-12.000000,10.000000,,,,
1364.621,07.094087,-12.000000,10.000000,,,,
1364.638,07.094087,-12.000000,10.000000,,,,
1364.654,07.094087,-12.000000,10.000000,,,,
1364.671,07.094087,-12.000000,10.000000,,,,
1364.688,07.582953,-12.000000,10.000000,,,,
1364.704,07.582953,-12.000000,10.000000,,,,
1364.726,07.582953,-12.000000,10.000000,,,,
1364.738,07.582953,-12.000000,10.000000,,,,
1364.758,07.582953,-12.000000,10.000000,,,,
1364.772,07.582953,-12.000000,10.000000,,,,
1364.791,08.096122,-12.000000,10.000000,,,,
1364.805,08.096122,-12.000000,10.000000,,,,
1364.822,08.096122,-12.000000,10.000000,,,,
1364.842,08.096122,-12.000000,10.000000,,,,
1364.855,08.096122,-12.000000,10.000000,,,,
1364.871,08.559596,-12.000000,10.000000,,,,
1364.888,08.559596,-12.000000,10.000000,,,,
1364.905,08.559596,-12.000000,10.000000,,,,
1364.922,08.559596,-12.000000,10.000000,,,,
1364.938,08.559596,-12.000000,10.000000,,,,
1364.954,08.559596,-12.000000,10.000000,,,,
1364.971,09.046447,-12.000000,10.000000,,,,
1364.988,09.046447,-12.000000,10.000000,,,,
1365.005,09.046447,-12.000000,10.000000,,,,
1365.021,09.046447,-12.000000,10.000000,,,,
1365.038,09.046447,-12.000000,10.000000,,,,
1365.054,09.046447,-12.000000,10.000000,,,,
1365.071,09.046447,-12.000000,10.000000,,,,
1365.088,09.535218,-12.000000,10.000000,,,,
1365.110,09.535218,-12.000000,10.000000,,,,
1365.122,09.535218,-12.000000,10.000000,,,,
1365.144,09.535218,-12.000000,10.000000,,,,
1365.154,09.535218,-12.000000,10.000000,,,,
1365.175,10.023870,-12.000000,10.000000,,,,
1365.188,10.023870,-12.000000,10.000000,,,,
1365.208,10.023870,-12.000000,10.000000,,,,
1365.222,10.023870,-12.000000,10.000000,,,,
1365.238,10.023870,-12.000000,10.000000,,,,
1365.254,10.023870,-12.000000,10.000000,,,,
1365.271,09.971002,-12.000000,10.000000,,,,
1365.288,09.971002,-12.000000,10.000000,,,,
1365.305,09.971002,-12.000000,10.000000,,,,
1365.321,09.971002,-12.000000,10.000000,,,,
1365.338,09.971002,-12.000000,10.000000,,,,
1365.354,09.971002,-12.000000,10.000000,,,,
1365.371,09.971002,-12.000000,10.000000,,,,
1365.388,09.477947,-12.000000,10.000000,,,,
1365.405,09.477947,-12.000000,10.000000,,,,
1365.421,09.477947,-12.000000,10.000000,,,,
1365.438,09.477947,-12.000000,10.000000,,,,
1365.454,09.477947,-12.000000,10.000000,,,,
1365.471,08.991570,-12.000000,10.000000,,,,
1365.488,08.991570,-12.000000,10.000000,,,,
1365.505,08.991570,-12.000000,10.000000,,,,
1365.521,08.991570,-12.000000,10.000000,,,,
1365.538,08.991570,-12.000000,10.000000,,,,
1365.560,08.502151,-12.000000,10.000000,,,,
1365.571,08.502151,-12.000000,10.000000,,,,
1365.592,08.502151,-12.000000,10.000000,,,,
1365.606,08.502151,-12.000000,10.000000,,,,
1365.623,08.502151,-12.000000,10.000000,,,,
1365.638,08.502151,-12.000000,10.000000,,,,
1365.654,08.502151,-12.000000,10.000000,,,,
1365.674,08.000002,-12.000000,10.000000,,,,
1365.694,08.000002,-12.000000,10.000000,,,,
1365.705,08.000002,-12.000000,10.000000,,,,
1365.721,08.000002,-12.000000,10.000000,,,,
1365.738,08.000002,-12.000000,10.000000,,,,
1365.754,08.000002,-12.000000,10.000000,,,,
1365.773,08.000002,-12.000000,10.000000,,,,
1365.788,07.525277,-12.000000,10.000000,,,,
1365.804,07.525277,-12.000000,10.000000,,,,
1365.822,07.525277,-12.000000,10.000000,,,,
1365.838,07.525277,-12.000000,10.000000,,,,
1365.854,07.525277,-12.000000,10.000000,,,,
1365.871,07.035593,-12.000000,10.000000,,,,
1365.891,07.035593,-12.000000,10.000000,,,,
1365.906,07.035593,-12.000000,10.000000,,,,
1365.921,07.035593,-12.000000,10.000000,,,,
1365.938,07.035593,-12.000000,10.000000,,,,
1365.955,07.035593,-12.000000,10.000000,,,,
1365.971,06.547964,-12.000000,10.000000,,,,
1365.988,06.547964,-12.000000,10.000000,,,,
1366.009,06.547964,-12.000000,10.000000,,,,
1366.022,06.547964,-12.000000,10.000000,,,,
1366.038,06.547964,-12.000000,10.000000,,,,
1366.054,06.547964,-12.000000,10.000000,,,,
1366.071,06.057011,-12.000000,10.000000,,,,
1366.088,06.057011,-12.000000,10.000000,,,,
1366.105,06.057011,-12.000000,10.000000,,,,
1366.124,06.057011,-12.000000,10.000000,,,,
1366.138,06.057011,-12.000000,10.000000,,,,
1366.154,06.057011,-12.000000,10.000000,,,,
1366.172,06.057011,-12.000000,10.000000,,,,
1366.188,05.555652,-12.000000,10.000000,,,,
1366.205,05.555652,-12.000000,10.000000,,,,
1366.222,05.555652,-12.000000,10.000000,,,,
1366.241,05.555652,-12.000000,10.000000,,,,
1366.255,05.555652,-12.000000,10.000000,,,,
1366.271,05.082565,-12.000000,10.000000,,,,
1366.288,05.082565,-12.000000,10.000000,,,,
1366.305,05.082565,-12.000000,10.000000,,,,
1366.322,05.082565,-12.000000,10.000000,,,,
1366.338,05.082565,-12.000000,10.000000,,,,
1366.358,04.593105,-12.000000,10.000000,,,,
1366.371,04.593105,-12.000000,10.000000,,,,
1366.388,04.593105,-12.000000,10.000000,,,,
1366.405,04.593105,-12.000000,10.000000,,,,
1366.421,04.593105,-12.000000,10.000000,,,,
1366.438,04.593105,-12.000000,10.000000,,,,
1366.455,04.593105,-12.000000,10.000000,,,,
1366.477,04.108114,-12.000000,10.000000,,,,
1366.488,04.108114,-12.000000,10.000000,,,,
1366.505,04.108114,-12.000000,10.000000,,,,
1366.522,04.108114,-12.000000,10.000000,,,,
1366.538,04.108114,-12.000000,10.000000,,,,
1366.554,04.108114,-12.000000,10.000000,,,,
1366.571,04.108114,-12.000000,10.000000,,,,
1366.593,03.617929,-12.000000,10.000000,,,,
1366.605,03.617929,-12.000000,10.000000,,,,
1366.621,03.617929,-12.000000,10.000000,,,,
1366.638,03.617929,-12.000000,10.000000,,,,
1366.655,03.617929,-12.000000,10.000000,,,,
1366.672,03.130844,-12.000000,10.000000,,,,
1366.688,03.130844,-12.000000,10.000000,,,,
1366.711,03.130844,-12.000000,10.000000,,,,
1366.722,03.130844,-12.000000,10.000000,,,,
1366.738,03.130844,-12.000000,10.000000,,,,
1366.754,03.130844,-12.000000,10.000000,,,,
1366.771,02.641243,-12.000000,10.000000,,,,
1366.790,02.641243,-12.000000,10.000000,,,,
1366.805,02.641243,-12.000000,10.000000,,,,
1366.821,02.641243,-12.000000,10.000000,,,,
1366.838,02.641243,-12.000000,10.000000,,,,
1366.854,02.641243,-12.000000,10.000000,,,,
1366.871,02.641243,-12.000000,10.000000,,,,
1366.888,02.153714,-12.000000,10.000000,,,,
1366.907,02.153714,-12.000000,10.000000,,,,
1366.922,02.153714,-12.000000,10.000000,,,,
1366.938,02.153714,-12.000000,10.000000,,,,
1366.955,02.153714,-12.000000,10.000000,,,,
1366.972,01.663229,-12.000000,10.000000,,,,
1366.988,01.663229,-12.000000,10.000000,,,,
1367.004,01.663229,-12.000000,10.000000,,,,
1367.023,01.663229,-12.000000,10.000000,,,,
1367.039,01.663229,-12.000000,10.000000,,,,
1367.054,01.663229,-12.000000,10.000000,,,,
1367.071,01.165676,-12.000000,10.000000,,,,
1367.088,01.165676,-12.000000,10.000000,,,,
1367.105,01.165676,-12.000000,10.000000,,,,
1367.121,01.165676,-12.000000,10.000000,,,,
1367.141,01.165676,-12.000000,10.000000,,,,
1367.155,01.165676,-12.000000,10.000000,,,,
1367.171,00.688692,-12.000000,10.000000,,,,
1367.188,00.688692,-12.000000,10.000000,,,,
1367.205,00.688692,-12.000000,10.000000,,,,
1367.222,00.688692,-12.000000,10.000000,,,,
1367.238,00.688692,-12.000000,10.000000,,,,
1367.258,00.688692,-12.000000,10.000000,,,,
1367.271,00.688692,-12.000000,10.000000,,,,
1367.288,00.198999,-12.000000,10.000000,,,,
1367.305,00.198999,-12.000000,10.000000,,,,
1367.321,00.198999,-12.000000,10.000000,,,,
1367.338,00.198999,-12.000000,10.000000,,,,
1367.354,00.198999,-12.000000,10.000000,,,,
1367.375,-00.288098,-12.000000,10.000000,,,,
1367.388,-00.288098,-12.000000,10.000000,,,,
1367.405,-00.288098,-12.000000,10.000000,,,,
1367.421,-00.288098,-12.000000,10.000000,,,,
1367.438,-00.288098,-12.000000,10.000000,,,,
1367.455,-00.288098,-12.000000,10.000000,,,,
1367.471,-00.776005,-12.000000,10.000000,,,,
1367.493,-00.776005,-12.000000,10.000000,,,,
1367.509,-00.776005,-12.000000,10.000000,,,,
1367.521,-00.776005,-12.000000,10.000000,,,,
1367.538,-00.776005,-12.000000,10.000000,,,,
1367.554,-00.776005,-12.000000,10.000000,,,,
1367.572,-01.264112,-12.000000,10.000000,,,,
1367.588,-01.264112,-12.000000,10.000000,,,,
1367.612,-01.264112,-12.000000,10.000000,,,,
1367.621,-01.264112,-12.000000,10.000000,,,,
1367.638,-01.264112,-12.000000,10.000000,,,,
1367.655,-01.264112,-12.000000,10.000000,,,,
1367.672,-01.753245,-12.000000,10.000000,,,,
1367.688,-01.753245,-12.000000,10.000000,,,,
1367.706,-01.753245,-12.000000,10.000000,,,,
1367.722,-01.753245,-12.000000,10.000000,,,,
1367.738,-01.753245,-12.000000,10.000000,,,,
1367.755,-01.753245,-12.000000,10.000000,,,,
1367.771,-02.241758,-12.000000,10.000000,,,,
1367.788,-02.241758,-12.000000,10.000000,,,,
1367.805,-02.241758,-12.000000,10.000000,,,,
1367.821,-02.241758,-12.000000,10.000000,,,,
1367.838,-02.241758,-12.000000,10.000000,,,,
1367.855,-02.241758,-12.000000,10.000000,,,,
1367.872,-02.729818,-12.000000,10.000000,,,,
1367.888,-02.729818,-12.000000,10.000000,,,,
1367.905,-02.729818,-12.000000,10.000000,,,,
1367.921,-02.729818,-12.000000,10.000000,,,,
1367.938,-02.729818,-12.000000,10.000000,,,,
1367.955,-02.729818,-12.000000,10.000000,,,,
1367.972,-03.217045,-12.000000,10.000000,,,,
1367.988,-03.217045,-12.000000,10.000000,,,,
1368.005,-03.217045,-12.000000,10.000000,,,,
1368.022,-03.217045,-12.000000,10.000000,,,,
1368.038,-03.217045,-12.000000,10.000000,,,,
1368.055,-03.217045,-12.000000,10.000000,,,,
1368.072,-03.217045,-12.000000,10.000000,,,,
1368.089,-03.705825,-12.000000,10.000000,,,,
1368.105,-03.705825,-12.000000,10.000000,,,,
1368.122,-03.705825,-12.000000,10.000000,,,,
1368.138,-03.705825,-12.000000,10.000000,,,,
1368.155,-03.705825,-12.000000,10.000000,,,,
1368.171,-04.194227,-12.000000,10.000000,,,,
1368.188,-04.194227,-12.000000,10.000000,,,,
1368.205,-04.194227,-12.000000,10.000000,,,,
1368.221,-04.194227,-12.000000,10.000000,,,,
1368.238,-04.194227,-12.000000,10.000000,,,,
1368.255,-04.194227,-12.000000,10.000000,,,,
1368.271,-04.682775,-12.000000,10.000000,,,,
1368.288,-04.682775,-12.000000,10.000000,,,,
1368.305,-04.682775,-12.000000,10.000000,,,,
1368.322,-04.682775,-12.000000,10.000000,,,,
1368.338,-04.682775,-12.000000,10.000000,,,,
1368.355,-04.682775,-12.000000,10.000000,,,,
1368.371,-04.682775,-12.000000,10.000000,,,,
1368.388,-05.171267,-12.000000,10.000000,,,,
1368.405,-05.171267,-12.000000,10.000000,,,,
1368.421,-05.171267,-12.000000,10.000000,,,,
1368.438,-05.171267,-12.000000,10.000000,,,,
1368.455,-05.171267,-12.000000,10.000000,,,,
1368.471,-05.171267,-12.000000,10.000000,,,,
1368.488,-04.932072,-12.000000,10.000000,,,,
1368.504,-04.932072,-12.000000,10.000000,,,,
1368.521,-04.932072,-12.000000,10.000000,,,,
1368.538,-04.932072,-12.000000,10.000000,,,,
1368.554,-04.932072,-12.000000,10.000000,,,,
1368.572,-04.426878,-12.000000,10.000000,,,,
1368.588,-04.426878,-12.000000,10.000000,,,,
1368.604,-04.426878,-12.000000,10.000000,,,,
1368.621,-04.426878,-12.000000,10.000000,,,,
1368.638,-04.426878,-12.000000,10.000000,,,,
1368.655,-04.426878,-12.000000,10.000000,,,,
1368.671,-03.938664,-12.000000,10.000000,,,,
1368.688,-03.938664,-12.000000,10.000000,,,,
1368.712,-03.938664,-12.000000,10.000000,,,,
1368.721,-03.938664,-12.000000,10.000000,,,,
1368.746,-03.938664,-12.000000,10.000000,,,,
1368.754,-03.938664,-12.000000,10.000000,,,,
1368.779,-03.450687,-12.000000,10.000000,,,,
1368.789,-03.450687,-12.000000,10.000000,,,,
1368.812,-03.450687,-12.000000,10.000000,,,,
1368.822,-03.450687,-12.000000,10.000000,,,,
1368.838,-03.450687,-12.000000,10.000000,,,,
1368.855,-03.450687,-12.000000,10.000000,,,,
1368.877,-02.961891,-12.000000,10.000000,,,,
1368.888,-02.961891,-12.000000,10.000000,,,,
1368.912,-02.961891,-12.000000,10.000000,,,,
1368.922,-02.961891,-12.000000,10.000000,,,,
1368.944,-02.961891,-12.000000,10.000000,,,,
1368.955,-02.961891,-12.000000,10.000000,,,,
1368.977,-02.471030,-12.000000,10.000000,,,,
1368.989,-02.471030,-12.000000,10.000000,,,,
1369.010,-02.471030,-12.000000,10.000000,,,,
1369.022,-02.471030,-12.000000,10.000000,,,,
1369.043,-02.471030,-12.000000,10.000000,,,,
1369.055,-02.471030,-12.000000,10.000000,,,,
1369.076,-01.981019,-12.000000,10.000000,,,,
1369.088,-01.981019,-12.000000,10.000000,,,,
1369.108,-01.981019,-12.000000,10.000000,,,,
1369.122,-01.981019,-12.000000,10.000000,,,,
1369.142,-01.981019,-12.000000,10.000000,,,,
1369.155,-01.981019,-12.000000,10.000000,,,,
1369.175,-01.981019,-12.000000,10.000000,,,,
1369.188,-01.497233,-12.000000,10.000000,,,,
1369.208,-01.497233,-12.000000,10.000000,,,,
1369.222,-01.497233,-12.000000,10.000000,,,,
1369.242,-01.497233,-12.000000,10.000000,,,,
1369.254,-01.497233,-12.000000,10.000000,,,,
1369.274,-01.008346,-12.000000,10.000000,,,,
1369.288,-01.008346,-12.000000,10.000000,,,,
1369.308,-01.008346,-12.000000,10.000000,,,,
1369.322,-01.008346,-12.000000,10.000000,,,,
1369.341,-01.008346,-12.000000,10.000000,,,,
1369.355,-01.008346,-12.000000,10.000000,,,,
1369.374,-00.519756,-12.000000,10.000000,,,,
1369.388,-00.519756,-12.000000,10.000000,,,,
1369.405,-00.519756,-12.000000,10.000000,,,,
1369.422,-00.519756,-12.000000,10.000000,,,,
1369.438,-00.519756,-12.000000,10.000000,,,,
1369.455,-00.519756,-12.000000,10.000000,,,,
1369.472,-00.031934,-12.000000,10.000000,,,,
1369.488,-00.031934,-12.000000,10.000000,,,,
1369.505,-00.031934,-12.000000,10.000000,,,,
1369.522,-00.031934,-12.000000,10.000000,,,,
1369.539,-00.031934,-12.000000,10.000000,,,,
1369.554,-00.031934,-12.000000,10.000000,,,,
1369.572,-00.031934,-12.000000,10.000000,,,,
1369.590,00.456898,-12.000000,10.000000,,,,
1369.605,00.456898,-12.000000,10.000000,,,,
1369.622,00.456898,-12.000000,10.000000,,,,
1369.638,00.456898,-12.000000,10.000000,,,,
1369.655,00.456898,-12.000000,10.000000,,,,
1369.672,00.944621,-12.000000,10.000000,,,,
1369.688,00.944621,-12.000000,10.000000,,,,
1369.705,00.944621,-12.000000,10.000000,,,,
1369.721,00.944621,-12.000000,10.000000,,,,
1369.738,00.944621,-12.000000,10.000000,,,,
1369.755,00.944621,-12.000000,10.000000,,,,
1369.772,01.431792,-12.000000,10.000000,,,,
1369.789,01.431792,-12.000000,10.000000,,,,
1369.805,01.431792,-12.000000,10.000000,,,,
1369.822,01.431792,-12.000000,10.000000,,,,
1369.839,01.431792,-12.000000,10.000000,,,,
1369.855,01.431792,-12.000000,10.000000,,,,
1369.872,01.431792,-12.000000,10.000000,,,,
1369.888,01.920875,-12.000000,10.000000,,,,
1369.905,01.920875,-12.000000,10.000000,,,,
1369.921,01.920875,-12.000000,10.000000,,,,
1369.938,01.920875,-12.000000,10.000000,,,,
1369.955,01.920875,-12.000000,10.000000,,,,
1369.972,02.408639,-12.000000,10.000000,,,,
1369.988,02.408639,-12.000000,10.000000,,,,
1370.005,02.408639,-12.000000,10.000000,,,,
1370.021,02.408639,-12.000000,10.000000,,,,
1370.038,02.408639,-12.000000,10.000000,,,,
1370.055,02.408639,-12.000000,10.000000,,,,
1370.072,02.896815,-12.000000,10.000000,,,,
1370.088,02.896815,-12.000000,10.000000,,,,
1370.105,02.896815,-12.000000,10.000000,,,,
1370.122,02.896815,-12.000000,10.000000,,,,
1370.138,02.896815,-12.000000,10.000000,,,,
1370.155,02.896815,-12.000000,10.000000,,,,
1370.172,03.384851,-12.000000,10.000000,,,,
1370.188,03.384851,-12.000000,10.000000,,,,
1370.205,03.384851,-12.000000,10.000000,,,,
1370.222,03.384851,-12.000000,10.000000,,,,
1370.238,03.384851,-12.000000,10.000000,,,,
1370.254,03.384851,-12.000000,10.000000,,,,
1370.272,03.384851,-12.000000,10.000000,,,,
1370.288,03.873316,-12.000000,10.000000,,,,
1370.305,03.873316,-12.000000,10.000000,,,,
1370.322,03.873316,-12.000000,10.000000,,,,
1370.338,03.873316,-12.000000,10.000000,,,,
1370.355,03.873316,-12.000000,10.000000,,,,
1370.372,04.361348,-12.000000,10.000000,,,,
1370.388,04.361348,-12.000000,10.000000,,,,
1370.405,04.361348,-12.000000,10.000000,,,,
1370.422,04.361348,-12.000000,10.000000,,,,
1370.438,04.361348,-12.000000,10.000000,,,,
1370.455,04.361348,-12.000000,10.000000,,,,
1370.472,04.850684,-12.000000,10.000000,,,,
1370.488,04.850684,-12.000000,10.000000,,,,
1370.505,04.850684,-12.000000,10.000000,,,,
1370.521,04.850684,-12.000000,10.000000,,,,
1370.538,04.850684,-12.000000,10.000000,,,,
1370.555,04.850684,-12.000000,10.000000,,,,
1370.571,05.338110,-12.000000,10.000000,,,,
1370.588,05.338110,-12.000000,10.000000,,,,
1370.605,05.338110,-12.000000,10.000000,,,,
1370.622,05.338110,-12.000000,10.000000,,,,
1370.638,05.338110,-12.000000,10.000000,,,,
1370.655,05.338110,-12.000000,10.000000,,,,
1370.671,05.338110,-12.000000,10.000000,,,,
1370.688,05.828444,-12.000000,10.000000,,,,
1370.705,05.828444,-12.000000,10.000000,,,,
1370.722,05.828444,-12.000000,10.000000,,,,
1370.738,05.828444,-12.000000,10.000000,,,,
1370.755,05.828444,-12.000000,10.000000,,,,
1370.772,06.315407,-12.000000,10.000000,,,,
1370.788,06.315407,-12.000000,10.000000,,,,
1370.805,06.315407,-12.000000,10.000000,,,,
1370.822,06.315407,-12.000000,10.000000,,,,
1370.838,06.315407,-12.000000,10.000000,,,,
1370.855,06.315407,-12.000000,10.000000,,,,
1370.872,06.803424,-12.000000,10.000000,,,,
1370.888,06.803424,-12.000000,10.000000,,,,
1370.905,06.803424,-12.000000,10.000000,,,,
1370.921,06.803424,-12.000000,10.000000,,,,
1370.938,06.803424,-12.000000,10.000000,,,,
1370.962,07.290478,-12.000000,10.000000,,,,
1370.971,07.290478,-12.000000,10.000000,,,,
1370.995,07.290478,-12.000000,10.000000,,,,
1371.005,07.290478,-12.000000,10.000000,,,,
1371.028,07.290478,-12.000000,10.000000,,,,
1371.038,07.290478,-12.000000,10.000000,,,,
1371.061,07.290478,-12.000000,10.000000,,,,
1371.072,07.290478,-12.000000,10.000000,,,,
1371.093,07.811387,-12.000000,10.000000,,,,
1371.106,07.811387,-12.000000,10.000000,,,,
1371.128,07.811387,-12.000000,10.000000,,,,
1371.138,07.811387,-12.000000,10.000000,,,,
1371.161,08.298999,-12.000000,10.000000,,,,
1371.173,08.298999,-12.000000,10.000000,,,,
1371.194,08.298999,-12.000000,10.000000,,,,
1371.205,08.298999,-12.000000,10.000000,,,,
1371.226,08.298999,-12.000000,10.000000,,,,
1371.238,08.298999,-12.000000,10.000000,,,,
1371.260,08.298999,-12.000000,10.000000,,,,
1371.272,08.298999,-12.000000,10.000000,,,,
1371.293,08.780602,-12.000000,10.000000,,,,
1371.306,08.780602,-12.000000,10.000000,,,,
1371.326,08.780602,-12.000000,10.000000,,,,
1371.338,08.780602,-12.000000,10.000000,,,,
1371.359,08.780602,-12.000000,10.000000,,,,
1371.372,08.780602,-12.000000,10.000000,,,,
1371.392,09.264897,-12.000000,10.000000,,,,
1371.405,09.264897,-12.000000,10.000000,,,,
1371.425,09.264897,-12.000000,10.000000,,,,
1371.439,09.264897,-12.000000,10.000000,,,,
1371.457,09.264897,-12.000000,10.000000,,,,
1371.472,09.264897,-12.000000,10.000000,,,,
1371.490,09.748572,-12.000000,10.000000,,,,
1371.505,09.748572,-12.000000,10.000000,,,,
1371.522,09.748572,-12.000000,10.000000,,,,
1371.538,09.748572,-12.000000,10.000000,,,,
1371.556,09.748572,-12.000000,10.000000,,,,
1371.572,10.220240,-12.000000,10.000000,,,,
1371.588,10.220240,-12.000000,10.000000,,,,
1371.605,10.220240,-12.000000,10.000000,,,,
1371.622,10.220240,-12.000000,10.000000,,,,
1371.639,10.220240,-12.000000,10.000000,,,,
1371.655,10.220240,-12.000000,10.000000,,,,
1371.672,09.776866,-12.000000,10.000000,,,,
1371.688,09.776866,-12.000000,10.000000,,,,
1371.705,09.776866,-12.000000,10.000000,,,,
1371.722,09.776866,-12.000000,10.000000,,,,
1371.738,09.776866,-12.000000,10.000000,,,,
1371.755,09.776866,-12.000000,10.000000,,,,
1371.772,09.279194,-12.000000,10.000000,,,,
1371.788,09.279194,-12.000000,10.000000,,,,
1371.805,09.279194,-12.000000,10.000000,,,,
1371.822,09.279194,-12.000000,10.000000,,,,
1371.838,09.279194,-12.000000,10.000000,,,,
1371.855,09.279194,-12.000000,10.000000,,,,
1371.872,08.791646,-12.000000,10.000000,,,,
1371.888,08.791646,-12.000000,10.000000,,,,
1371.905,08.791646,-12.000000,10.000000,,,,
1371.922,08.791646,-12.000000,10.000000,,,,
1371.938,08.791646,-12.000000,10.000000,,,,
1371.955,08.791646,-12.000000,10.000000,,,,
1371.971,08.303086,-12.000000,10.000000,,,,
1371.988,08.303086,-12.000000,10.000000,,,,
1372.005,08.303086,-12.000000,10.000000,,,,
1372.022,08.303086,-12.000000,10.000000,,,,
1372.038,08.303086,-12.000000,10.000000,,,,
1372.055,08.303086,-12.000000,10.000000,,,,
1372.072,07.814548,-12.000000,10.000000,,,,
1372.089,07.814548,-12.000000,10.000000,,,,
1372.105,07.814548,-12.000000,10.000000,,,,
1372.122,07.814548,-12.000000,10.000000,,,,
1372.138,07.814548,-12.000000,10.000000,,,,
1372.155,07.814548,-12.000000,10.000000,,,,
1372.172,07.326162,-12.000000,10.000000,,,,
1372.188,07.326162,-12.000000,10.000000,,,,
1372.205,07.326162,-12.000000,10.000000,,,,
1372.222,07.326162,-12.000000,10.000000,,,,
1372.238,07.326162,-12.000000,10.000000,,,,
1372.255,07.326162,-12.000000,10.000000,,,,
1372.271,06.837570,-12.000000,10.000000,,,,
1372.289,06.837570,-12.000000,10.000000,,,,
1372.305,06.837570,-12.000000,10.000000,,,,
1372.321,06.837570,-12.000000,10.000000,,,,
1372.338,06.837570,-12.000000,10.000000,,,,
1372.355,06.837570,-12.000000,10.000000,,,,
1372.372,06.350283,-12.000000,10.000000,,,,
1372.388,06.350283,-12.000000,10.000000,,,,
1372.405,06.350283,-12.000000,10.000000,,,,
1372.422,06.350283,-12.000000,10.000000,,,,
1372.438,06.350283,-12.000000,10.000000,,,,
1372.455,06.350283,-12.000000,10.000000,,,,
1372.472,05.861188,-12.000000,10.000000,,,,
1372.488,05.861188,-12.000000,10.000000,,,,
1372.505,05.861188,-12.000000,10.000000,,,,
1372.522,05.861188,-12.000000,10.000000,,,,
1372.538,05.861188,-12.000000,10.000000,,,,
1372.555,05.861188,-12.000000,10.000000,,,,
1372.571,05.861188,-12.000000,10.000000,,,,
1372.589,05.374548,-12.000000,10.000000,,,,
1372.605,05.374548,-12.000000,10.000000,,,,
1372.622,05.374548,-12.000000,10.000000,,,,
1372.638,05.374548,-12.000000,10.000000,,,,
1372.655,05.374548,-12.000000,10.000000,,,,
1372.671,04.885167,-12.000000,10.000000,,,,
1372.688,04.885167,-12.000000,10.000000,,,,
1372.705,04.885167,-12.000000,10.000000,,,,
1372.722,04.885167,-12.000000,10.000000,,,,
1372.738,04.885167,-12.000000,10.000000,,,,
1372.755,04.885167,-12.000000,10.000000,,,,
1372.771,04.395051,-12.000000,10.000000,,,,
1372.788,04.395051,-12.000000,10.000000,,,,
1372.805,04.395051,-12.000000,10.000000,,,,
1372.822,04.395051,-12.000000,10.000000,,,,
1372.838,04.395051,-12.000000,10.000000,,,,
1372.855,04.395051,-12.000000,10.000000,,,,
1372.872,04.395051,-12.000000,10.000000,,,,
1372.888,03.907470,-12.000000,10.000000,,,,
1372.905,03.907470,-12.000000,10.000000,,,,
1372.922,03.907470,-12.000000,10.000000,,,,
1372.938,03.907470,-12.000000,10.000000,,,,
1372.955,03.907470,-12.000000,10.000000,,,,
1372.972,03.420508,-12.000000,10.000000,,,,
1372.988,03.420508,-12.000000,10.000000,,,,
1373.013,03.420508,-12.000000,10.000000,,,,
1373.022,03.420508,-12.000000,10.000000,,,,
1373.046,03.420508,-12.000000,10.000000,,,,
1373.055,03.420508,-12.000000,10.000000,,,,
1373.077,02.932089,-12.000000,10.000000,,,,
1373.088,02.932089,-12.000000,10.000000,,,,
1373.111,02.932089,-12.000000,10.000000,,,,
1373.122,02.932089,-12.000000,10.000000,,,,
1373.144,02.932089,-12.000000,10.000000,,,,
1373.155,02.932089,-12.000000,10.000000,,,,
1373.177,02.444406,-12.000000,10.000000,,,,
1373.188,02.444406,-12.000000,10.000000,,,,
1373.210,02.444406,-12.000000,10.000000,,,,
1373.222,02.444406,-12.000000,10.000000,,,,
1373.242,02.444406,-12.000000,10.000000,,,,
1373.255,02.444406,-12.000000,10.000000,,,,
1373.276,01.954108,-12.000000,10.000000,,,,
1373.289,01.954108,-12.000000,10.000000,,,,
1373.309,01.954108,-12.000000,10.000000,,,,
1373.322,01.954108,-12.000000,10.000000,,,,
1373.342,01.954108,-12.000000,10.000000,,,,
1373.355,01.954108,-12.000000,10.000000,,,,
1373.374,01.466630,-12.000000,10.000000,,,,
1373.388,01.466630,-12.000000,10.000000,,,,
1373.407,01.466630,-12.000000,10.000000,,,,
1373.422,01.466630,-12.000000,10.000000,,,,
1373.439,01.466630,-12.000000,10.000000,,,,
1373.455,01.466630,-12.000000,10.000000,,,,
1373.474,00.979461,-12.000000,10.000000,,,,
1373.489,00.979461,-12.000000,10.000000,,,,
1373.505,00.979461,-12.000000,10.000000,,,,
1373.522,00.979461,-12.000000,10.000000,,,,
1373.538,00.979461,-12.000000,10.000000,,,,
1373.555,00.979461,-12.000000,10.000000,,,,
1373.572,00.487829,-12.000000,10.000000,,,,
1373.589,00.487829,-12.000000,10.000000,,,,
1373.605,00.487829,-12.000000,10.000000,,,,
1373.622,00.487829,-12.000000,10.000000,,,,
1373.638,00.487829,-12.000000,10.000000,,,,
1373.655,00.487829,-12.000000,10.000000,,,,
1373.672,00.487829,-12.000000,10.000000,,,,
1373.688,00.000320,-12.000000,10.000000,,,,
1373.705,00.000320,-12.000000,10.000000,,,,
1373.722,00.000320,-12.000000,10.000000,,,,
1373.738,00.000320,-12.000000,10.000000,,,,
1373.755,00.000320,-12.000000,10.000000,,,,
1373.772,-00.487142,-12.000000,10.000000,,,,
1373.788,-00.487142,-12.000000,10.000000,,,,
1373.805,-00.487142,-12.000000,10.000000,,,,
1373.822,-00.487142,-12.000000,10.000000,,,,
1373.839,-00.487142,-12.000000,10.000000,,,,
1373.855,-00.487142,-12.000000,10.000000,,,,
1373.872,-00.974282,-12.000000,10.000000,,,,
1373.889,-00.974282,-12.000000,10.000000,,,,
1373.905,-00.974282,-12.000000,10.000000,,,,
1373.922,-00.974282,-12.000000,10.000000,,,,
1373.939,-00.974282,-12.000000,10.000000,,,,
1373.955,-00.974282,-12.000000,10.000000,,,,
1373.972,-01.461914,-12.000000,10.000000,,,,
1373.989,-01.461914,-12.000000,10.000000,,,,
1374.005,-01.461914,-12.000000,10.000000,,,,
1374.022,-01.461914,-12.000000,10.000000,,,,
1374.038,-01.461914,-12.000000,10.000000,,,,
1374.055,-01.461914,-12.000000,10.000000,,,,
1374.072,-01.461914,-12.000000,10.000000,,,,
1374.089,-01.951122,-12.000000,10.000000,,,,
1374.105,-01.951122,-12.000000,10.000000,,,,
1374.122,-01.951122,-12.000000,10.000000,,,,
1374.139,-01.951122,-12.000000,10.000000,,,,
1374.155,-01.951122,-12.000000,10.000000,,,,
1374.173,-02.437615,-12.000000,10.000000,,,,
1374.189,-02.437615,-12.000000,10.000000,,,,
1374.206,-02.437615,-12.000000,10.000000,,,,
1374.222,-02.437615,-12.000000,10.000000,,,,
1374.239,-02.437615,-12.000000,10.000000,,,,
1374.255,-02.437615,-12.000000,10.000000,,,,
1374.272,-02.926131,-12.000000,10.000000,,,,
1374.288,-02.926131,-12.000000,10.000000,,,,
1374.305,-02.926131,-12.000000,10.000000,,,,
1374.322,-02.926131,-12.000000,10.000000,,,,
1374.339,-02.926131,-12.000000,10.000000,,,,
1374.355,-02.926131,-12.000000,10.000000,,,,
1374.372,-02.926131,-12.000000,10.000000,,,,
1374.388,-03.415416,-12.000000,10.000000,,,,
1374.405,-03.415416,-12.000000,10.000000,,,,
1374.422,-03.415416,-12.000000,10.000000,,,,
1374.439,-03.415416,-12.000000,10.000000,,,,
1374.455,-03.415416,-12.000000,10.000000,,,,
1374.472,-03.902186,-12.000000,10.000000,,,,
1374.488,-03.902186,-12.000000,10.000000,,,,
1374.505,-03.902186,-12.000000,10.000000,,,,
1374.522,-03.902186,-12.000000,10.000000,,,,
1374.538,-03.902186,-12.000000,10.000000,,,,
1374.555,-03.902186,-12.000000,10.000000,,,,
1374.572,-04.391137,-12.000000,10.000000,,,,
1374.588,-04.391137,-12.000000,10.000000,,,,
1374.605,-04.391137,-12.000000,10.000000,,,,
1374.622,-04.391137,-12.000000,10.000000,,,,
1374.638,-04.391137,-12.000000,10.000000,,,,
1374.655,-04.391137,-12.000000,10.000000,,,,
1374.672,-04.879329,-12.000000,10.000000,,,,
1374.688,-04.879329,-12.000000,10.000000,,,,
1374.705,-04.879329,-12.000000,10.000000,,,,
1374.722,-04.879329,-12.000000,10.000000,,,,
1374.738,-04.879329,-12.000000,10.000000,,,,
1374.755,-04.879329,-12.000000,10.000000,,,,
1374.772,-04.879329,-12.000000,10.000000,,,,
1374.788,-05.140475,-12.000000,10.000000,,,,
1374.805,-05.140475,-12.000000,10.000000,,,,
1374.822,-05.140475,-12.000000,10.000000,,,,
1374.838,-05.140475,-12.000000,10.000000,,,,
1374.855,-05.140475,-12.000000,10.000000,,,,
1374.872,-04.717251,-12.000000,10.000000,,,,
1374.888,-04.717251,-12.000000,10.000000,,,,
1374.905,-04.717251,-12.000000,10.000000,,,,
1374.922,-04.717251,-12.000000,10.000000,,,,
1374.938,-04.717251,-12.000000,10.000000,,,,
1374.955,-04.717251,-12.000000,10.000000,,,,
1374.972,-04.229891,-12.000000,10.000000,,,,
1374.988,-04.229891,-12.000000,10.000000,,,,
1375.005,-04.229891,-12.000000,10.000000,,,,
1375.022,-04.229891,-12.000000,10.000000,,,,
1375.038,-04.229891,-12.000000,10.000000,,,,
1375.055,-04.229891,-12.000000,10.000000,,,,
1375.072,-03.741601,-12.000000,10.000000,,,,
1375.088,-03.741601,-12.000000,10.000000,,,,
1375.105,-03.741601,-12.000000,10.000000,,,,
1375.122,-03.741601,-12.000000,10.000000,,,,
1375.139,-03.741601,-12.000000,10.000000,,,,
1375.163,-03.741601,-12.000000,10.000000,,,,
1375.172,-03.741601,-12.000000,10.000000,,,,
1375.196,-03.252832,-12.000000,10.000000,,,,
1375.205,-03.252832,-12.000000,10.000000,,,,
1375.227,-03.252832,-12.000000,10.000000,,,,
1375.239,-03.252832,-12.000000,10.000000,,,,
1375.260,-03.252832,-12.000000,10.000000,,,,
1375.273,-03.252832,-12.000000,10.000000,,,,
1375.295,-02.735782,-12.000000,10.000000,,,,
1375.305,-02.735782,-12.000000,10.000000,,,,
1375.328,-02.735782,-12.000000,10.000000,,,,
1375.339,-02.735782,-12.000000,10.000000,,,,
1375.361,-02.735782,-12.000000,10.000000,,,,
1375.372,-02.735782,-12.000000,10.000000,,,,
1375.394,-02.243646,-12.000000,10.000000,,,,
1375.405,-02.243646,-12.000000,10.000000,,,,
1375.427,-02.243646,-12.000000,10.000000,,,,
1375.439,-02.243646,-12.000000,10.000000,,,,
1375.460,-02.243646,-12.000000,10.000000,,,,
1375.472,-02.243646,-12.000000,10.000000,,,,
1375.494,-01.763922,-12.000000,10.000000,,,,
1375.506,-01.763922,-12.000000,10.000000,,,,
1375.526,-01.763922,-12.000000,10.000000,,,,
1375.539,-01.763922,-12.000000,10.000000,,,,
1375.560,-01.763922,-12.000000,10.000000,,,,
1375.572,-01.763922,-12.000000,10.000000,,,,
1375.593,-01.276767,-12.000000,10.000000,,,,
1375.605,-01.276767,-12.000000,10.000000,,,,
1375.626,-01.276767,-12.000000,10.000000,,,,
1375.639,-01.276767,-12.000000,10.000000,,,,
1375.659,-01.276767,-12.000000,10.000000,,,,
1375.672,-01.276767,-12.000000,10.000000,,,,
1375.692,-00.792134,-12.000000,10.000000,,,,
1375.706,-00.792134,-12.000000,10.000000,,,,
1375.725,-00.792134,-12.000000,10.000000,,,,
1375.738,-00.792134,-12.000000,10.000000,,,,
1375.757,-00.792134,-12.000000,10.000000,,,,
1375.772,-00.308307,-12.000000,10.000000,,,,
1375.792,-00.308307,-12.000000,10.000000,,,,
1375.806,-00.308307,-12.000000,10.000000,,,,
1375.824,-00.308307,-12.000000,10.000000,,,,
1375.839,-00.308307,-12.000000,10.000000,,,,
1375.857,-00.308307,-12.000000,10.000000,,,,
1375.872,-00.308307,-12.000000,10.000000,,,,
1375.889,00.177852,-12.000000,10.000000,,,,
1375.907,00.177852,-12.000000,10.000000,,,,
1375.922,00.177852,-12.000000,10.000000,,,,
1375.939,00.177852,-12.000000,10.000000,,,,
1375.955,00.177852,-12.000000,10.000000,,,,
1375.972,00.653065,-12.000000,10.000000,,,,
1375.989,00.653065,-12.000000,10.000000,,,,
1376.006,00.653065,-12.000000,10.000000,,,,
1376.023,00.653065,-12.000000,10.000000,,,,
1376.038,00.653065,-12.000000,10.000000,,,,
1376.056,00.653065,-12.000000,10.000000,,,,
1376.072,01.142396,-12.000000,10.000000,,,,
1376.088,01.142396,-12.000000,10.000000,,,,
1376.105,01.142396,-12.000000,10.000000,,,,
1376.122,01.142396,-12.000000,10.000000,,,,
1376.139,01.142396,-12.000000,10.000000,,,,
1376.155,01.142396,-12.000000,10.000000,,,,
1376.172,01.628548,-12.000000,10.000000,,,,
1376.189,01.628548,-12.000000,10.000000,,,,
1376.205,01.628548,-12.000000,10.000000,,,,
1376.222,01.628548,-12.000000,10.000000,,,,
1376.239,01.628548,-12.000000,10.000000,,,,
1376.255,01.628548,-12.000000,10.000000,,,,
1376.273,01.628548,-12.000000,10.000000,,,,
1376.289,02.118192,-12.000000,10.000000,,,,
1376.306,02.118192,-12.000000,10.000000,,,,
1376.322,02.118192,-12.000000,10.000000,,,,
1376.338,02.118192,-12.000000,10.000000,,,,
1376.355,02.118192,-12.000000,10.000000,,,,
1376.372,02.607909,-12.000000,10.000000,,,,
1376.389,02.607909,-12.000000,10.000000,,,,
1376.405,02.607909,-12.000000,10.000000,,,,
1376.422,02.607909,-12.000000,10.000000,,,,
1376.439,02.607909,-12.000000,10.000000,,,,
1376.455,02.607909,-12.000000,10.000000,,,,
1376.472,03.095366,-12.000000,10.000000,,,,
1376.489,03.095366,-12.000000,10.000000,,,,
1376.505,03.095366,-12.000000,10.000000,,,,
1376.522,03.095366,-12.000000,10.000000,,,,
1376.538,03.095366,-12.000000,10.000000,,,,
1376.555,03.095366,-12.000000,10.000000,,,,
1376.572,03.582766,-12.000000,10.000000,,,,
1376.589,03.582766,-12.000000,10.000000,,,,
1376.605,03.582766,-12.000000,10.000000,,,,
1376.622,03.582766,-12.000000,10.000000,,,,
1376.639,03.582766,-12.000000,10.000000,,,,
1376.655,03.582766,-12.000000,10.000000,,,,
1376.672,03.582766,-12.000000,10.000000,,,,
1376.689,04.071316,-12.000000,10.000000,,,,
1376.705,04.071316,-12.000000,10.000000,,,,
1376.722,04.071316,-12.000000,10.000000,,,,
1376.739,04.071316,-12.000000,10.000000,,,,
1376.755,04.071316,-12.000000,10.000000,,,,
1376.772,04.559561,-12.000000,10.000000,,,,
1376.789,04.559561,-12.000000,10.000000,,,,
1376.805,04.559561,-12.000000,10.000000,,,,
1376.823,04.559561,-12.000000,10.000000,,,,
1376.839,04.559561,-12.000000,10.000000,,,,
1376.855,04.559561,-12.000000,10.000000,,,,
1376.872,05.051404,-12.000000,10.000000,,,,
1376.888,05.051404,-12.000000,10.000000,,,,
1376.905,05.051404,-12.000000,10.000000,,,,
1376.922,05.051404,-12.000000,10.000000,,,,
1376.938,05.051404,-12.000000,10.000000,,,,
1376.955,05.051404,-12.000000,10.000000,,,,
1376.972,05.535111,-12.000000,10.000000,,,,
1376.989,05.535111,-12.000000,10.000000,,,,
1377.005,05.535111,-12.000000,10.000000,,,,
1377.022,05.535111,-12.000000,10.000000,,,,
1377.038,05.535111,-12.000000,10.000000,,,,
1377.055,05.535111,-12.000000,10.000000,,,,
1377.078,05.535111,-12.000000,10.000000,,,,
1377.088,05.535111,-12.000000,10.000000,,,,
1377.105,06.023355,-12.000000,10.000000,,,,
1377.122,06.023355,-12.000000,10.000000,,,,
1377.145,06.023355,-12.000000,10.000000,,,,
1377.155,06.023355,-12.000000,10.000000,,,,
1377.179,06.512760,-12.000000,10.000000,,,,
1377.188,06.512760,-12.000000,10.000000,,,,
1377.211,06.512760,-12.000000,10.000000,,,,
1377.222,06.512760,-12.000000,10.000000,,,,
1377.244,06.512760,-12.000000,10.000000,,,,
1377.256,06.512760,-12.000000,10.000000,,,,
1377.277,07.000935,-12.000000,10.000000,,,,
1377.289,07.000935,-12.000000,10.000000,,,,
1377.310,07.000935,-12.000000,10.000000,,,,
1377.323,07.000935,-12.000000,10.000000,,,,
1377.343,07.000935,-12.000000,10.000000,,,,
1377.356,07.000935,-12.000000,10.000000,,,,
1377.376,07.492826,-12.000000,10.000000,,,,
1377.389,07.492826,-12.000000,10.000000,,,,
1377.408,07.492826,-12.000000,10.000000,,,,
1377.423,07.492826,-12.000000,10.000000,,,,
1377.442,07.492826,-12.000000,10.000000,,,,
1377.455,07.492826,-12.000000,10.000000,,,,
1377.475,07.978933,-12.000000,10.000000,,,,
1377.490,07.978933,-12.000000,10.000000,,,,
1377.509,07.978933,-12.000000,10.000000,,,,
1377.523,07.978933,-12.000000,10.000000,,,,
1377.541,07.978933,-12.000000,10.000000,,,,
1377.556,07.978933,-12.000000,10.000000,,,,
1377.573,08.465771,-12.000000,10.000000,,,,
1377.588,08.465771,-12.000000,10.000000,,,,
1377.612,08.465771,-12.000000,10.000000,,,,
1377.622,08.465771,-12.000000,10.000000,,,,
1377.639,08.465771,-12.000000,10.000000,,,,
1377.655,08.465771,-12.000000,10.000000,,,,
1377.673,08.953119,-12.000000,10.000000,,,,
1377.688,08.953119,-12.000000,10.000000,,,,
1377.705,08.953119,-12.000000,10.000000,,,,
1377.722,08.953119,-12.000000,10.000000,,,,
1377.746,08.953119,-12.000000,10.000000,,,,
1377.755,08.953119,-12.000000,10.000000,,,,
1377.779,08.953119,-12.000000,10.000000,,,,
1377.788,08.953119,-12.000000,10.000000,,,,
1377.810,09.444528,-12.000000,10.000000,,,,
1377.822,09.444528,-12.000000,10.000000,,,,
1377.844,09.444528,-12.000000,10.000000,,,,
1377.855,09.444528,-12.000000,10.000000,,,,
1377.877,09.930242,-12.000000,10.000000,,,,
1377.889,09.930242,-12.000000,10.000000,,,,
1377.910,09.930242,-12.000000,10.000000,,,,
1377.922,09.930242,-12.000000,10.000000,,,,
1377.942,09.930242,-12.000000,10.000000,,,,
1377.956,09.930242,-12.000000,10.000000,,,,
1377.976,10.039470,-12.000000,10.000000,,,,
1377.989,10.039470,-12.000000,10.000000,,,,
1378.009,10.039470,-12.000000,10.000000,,,,
1378.022,10.039470,-12.000000,10.000000,,,,
1378.042,10.039470,-12.000000,10.000000,,,,
1378.055,10.039470,-12.000000,10.000000,,,,
1378.074,09.571111,-12.000000,10.000000,,,,
1378.093,09.571111,-12.000000,10.000000,,,,
1378.107,09.571111,-12.000000,10.000000,,,,
1378.122,09.571111,-12.000000,10.000000,,,,
1378.141,09.571111,-12.000000,10.000000,,,,
1378.155,09.571111,-12.000000,10.000000,,,,
1378.172,09.571111,-12.000000,10.000000,,,,
1378.189,09.081027,-12.000000,10.000000,,,,
1378.206,09.081027,-12.000000,10.000000,,,,
1378.222,09.081027,-12.000000,10.000000,,,,
1378.239,09.081027,-12.000000,10.000000,,,,
1378.255,09.081027,-12.000000,10.000000,,,,
1378.272,08.595401,-12.000000,10.000000,,,,
1378.289,08.595401,-12.000000,10.000000,,,,
1378.306,08.595401,-12.000000,10.000000,,,,
1378.323,08.595401,-12.000000,10.000000,,,,
1378.339,08.595401,-12.000000,10.000000,,,,
1378.357,08.595401,-12.000000,10.000000,,,,
1378.372,08.104802,-12.000000,10.000000,,,,
1378.388,08.104802,-12.000000,10.000000,,,,
1378.405,08.104802,-12.000000,10.000000,,,,
1378.422,08.104802,-12.000000,10.000000,,,,
1378.439,08.104802,-12.000000,10.000000,,,,
1378.455,08.104802,-12.000000,10.000000,,,,
1378.472,07.616540,-12.000000,10.000000,,,,
1378.489,07.616540,-12.000000,10.000000,,,,
1378.506,07.616540,-12.000000,10.000000,,,,
1378.523,07.616540,-12.000000,10.000000,,,,
1378.539,07.616540,-12.000000,10.000000,,,,
1378.555,07.616540,-12.000000,10.000000,,,,
1378.572,07.616540,-12.000000,10.000000,,,,
1378.589,07.128046,-12.000000,10.000000,,,,
1378.606,07.128046,-12.000000,10.000000,,,,
1378.622,07.128046,-12.000000,10.000000,,,,
1378.639,07.128046,-12.000000,10.000000,,,,
1378.655,07.128046,-12.000000,10.000000,,,,
1378.672,06.641033,-12.000000,10.000000,,,,
1378.689,06.641033,-12.000000,10.000000,,,,
1378.706,06.641033,-12.000000,10.000000,,,,
1378.722,06.641033,-12.000000,10.000000,,,,
1378.739,06.641033,-12.000000,10.000000,,,,
1378.755,06.641033,-12.000000,10.000000,,,,
1378.773,06.151632,-12.000000,10.000000,,,,
1378.789,06.151632,-12.000000,10.000000,,,,
1378.805,06.151632,-12.000000,10.000000,,,,
1378.822,06.151632,-12.000000,10.000000,,,,
1378.839,06.151632,-12.000000,10.000000,,,,
1378.855,06.151632,-12.000000,10.000000,,,,
1378.872,06.151632,-12.000000,10.000000,,,,
1378.889,05.665384,-12.000000,10.000000,,,,
1378.905,05.665384,-12.000000,10.000000,,,,
1378.922,05.665384,-12.000000,10.000000,,,,
1378.939,05.665384,-12.000000,10.000000,,,,
1378.956,05.665384,-12.000000,10.000000,,,,
1378.972,05.177122,-12.000000,10.000000,,,,
1378.988,05.177122,-12.000000,10.000000,,,,
1379.005,05.177122,-12.000000,10.000000,,,,
1379.022,05.177122,-12.000000,10.000000,,,,
1379.039,05.177122,-12.000000,10.000000,,,,
1379.055,05.177122,-12.000000,10.000000,,,,
1379.072,04.688379,-12.000000,10.000000,,,,
1379.089,04.688379,-12.000000,10.000000,,,,
1379.105,04.688379,-12.000000,10.000000,,,,
1379.122,04.688379,-12.000000,10.000000,,,,
1379.139,04.688379,-12.000000,10.000000,,,,
1379.155,04.688379,-12.000000,10.000000,,,,
1379.172,04.200714,-12.000000,10.000000,,,,
1379.189,04.200714,-12.000000,10.000000,,,,
1379.205,04.200714,-12.000000,10.000000,,,,
1379.222,04.200714,-12.000000,10.000000,,,,
1379.239,04.200714,-12.000000,10.000000,,,,
1379.255,04.200714,-12.000000,10.000000,,,,
1379.272,04.200714,-12.000000,10.000000,,,,
1379.288,03.711870,-12.000000,10.000000,,,,
1379.305,03.711870,-12.000000,10.000000,,,,
1379.322,03.711870,-12.000000,10.000000,,,,
1379.339,03.711870,-12.000000,10.000000,,,,
1379.355,03.711870,-12.000000,10.000000,,,,
1379.372,03.223940,-12.000000,10.000000,,,,
1379.389,03.223940,-12.000000,10.000000,,,,
1379.405,03.223940,-12.000000,10.000000,,,,
1379.422,03.223940,-12.000000,10.000000,,,,
1379.439,03.223940,-12.000000,10.000000,,,,
1379.455,03.223940,-12.000000,10.000000,,,,
1379.472,02.734909,-12.000000,10.000000,,,,
1379.496,02.734909,-12.000000,10.000000,,,,
1379.505,02.734909,-12.000000,10.000000,,,,
1379.530,02.734909,-12.000000,10.000000,,,,
1379.539,02.734909,-12.000000,10.000000,,,,
1379.563,02.734909,-12.000000,10.000000,,,,
1379.572,02.734909,-12.000000,10.000000,,,,
1379.596,02.247551,-12.000000,10.000000,,,,
1379.605,02.247551,-12.000000,10.000000,,,,
1379.622,02.247551,-12.000000,10.000000,,,,
1379.639,02.247551,-12.000000,10.000000,,,,
1379.662,02.247551,-12.000000,10.000000,,,,
1379.673,02.247551,-12.000000,10.000000,,,,
1379.695,01.758438,-12.000000,10.000000,,,,
1379.705,01.758438,-12.000000,10.000000,,,,
1379.728,01.758438,-12.000000,10.000000,,,,
1379.739,01.758438,-12.000000,10.000000,,,,
1379.761,01.758438,-12.000000,10.000000,,,,
1379.773,01.758438,-12.000000,10.000000,,,,
1379.796,01.237812,-12.000000,10.000000,,,,
1379.805,01.237812,-12.000000,10.000000,,,,
1379.827,01.237812,-12.000000,10.000000,,,,
1379.839,01.237812,-12.000000,10.000000,,,,
1379.859,01.237812,-12.000000,10.000000,,,,
1379.872,01.237812,-12.000000,10.000000,,,,
1379.892,00.759503,-12.000000,10.000000,,,,
1379.907,00.759503,-12.000000,10.000000,,,,
1379.925,00.759503,-12.000000,10.000000,,,,
1379.939,00.759503,-12.000000,10.000000,,,,
1379.959,00.759503,-12.000000,10.000000,,,,
1379.972,00.759503,-12.000000,10.000000,,,,
1379.992,00.276820,-12.000000,10.000000,,,,
1380.007,00.276820,-12.000000,10.000000,,,,
1380.025,00.276820,-12.000000,10.000000,,,,
1380.039,00.276820,-12.000000,10.000000,,,,
1380.058,00.276820,-12.000000,10.000000,,,,
1380.072,00.276820,-12.000000,10.000000,,,,
1380.092,-00.210612,-12.000000,10.000000,,,,
1380.105,-00.210612,-12.000000,10.000000,,,,
1380.122,-00.210612,-12.000000,10.000000,,,,
1380.139,-00.210612,-12.000000,10.000000,,,,
1380.155,-00.210612,-12.000000,10.000000,,,,
1380.173,-00.683133,-12.000000,10.000000,,,,
1380.189,-00.683133,-12.000000,10.000000,,,,
1380.205,-00.683133,-12.000000,10.000000,,,,
1380.222,-00.683133,-12.000000,10.000000,,,,
1380.239,-00.683133,-12.000000,10.000000,,,,
1380.256,-00.683133,-12.000000,10.000000,,,,
1380.273,-01.171039,-12.000000,10.000000,,,,
1380.291,-01.171039,-12.000000,10.000000,,,,
1380.306,-01.171039,-12.000000,10.000000,,,,
1380.322,-01.171039,-12.000000,10.000000,,,,
1380.339,-01.171039,-12.000000,10.000000,,,,
1380.355,-01.171039,-12.000000,10.000000,,,,
1380.372,-01.171039,-12.000000,10.000000,,,,
1380.389,-01.660428,-12.000000,10.000000,,,,
1380.405,-01.660428,-12.000000,10.000000,,,,
1380.423,-01.660428,-12.000000,10.000000,,,,
1380.440,-01.660428,-12.000000,10.000000,,,,
1380.456,-01.660428,-12.000000,10.000000,,,,
1380.473,-01.660428,-12.000000,10.000000,,,,
1380.489,-02.149988,-12.000000,10.000000,,,,
1380.506,-02.149988,-12.000000,10.000000,,,,
1380.522,-02.149988,-12.000000,10.000000,,,,
1380.539,-02.149988,-12.000000,10.000000,,,,
1380.556,-02.149988,-12.000000,10.000000,,,,
1380.572,-02.635473,-12.000000,10.000000,,,,
1380.589,-02.635473,-12.000000,10.000000,,,,
1380.606,-02.635473,-12.000000,10.000000,,,,
1380.623,-02.635473,-12.000000,10.000000,,,,
1380.640,-02.635473,-12.000000,10.000000,,,,
1380.656,-02.635473,-12.000000,10.000000,,,,
1380.672,-03.124253,-12.000000,10.000000,,,,
1380.689,-03.124253,-12.000000,10.000000,,,,
1380.705,-03.124253,-12.000000,10.000000,,,,
1380.722,-03.124253,-12.000000,10.000000,,,,
1380.739,-03.124253,-12.000000,10.000000,,,,
1380.755,-03.124253,-12.000000,10.000000,,,,
1380.772,-03.124253,-12.000000,10.000000,,,,
1380.789,-03.613778,-12.000000,10.000000,,,,
1380.805,-03.613778,-12.000000,10.000000,,,,
1380.822,-03.613778,-12.000000,10.000000,,,,
1380.839,-03.613778,-12.000000,10.000000,,,,
1380.855,-03.613778,-12.000000,10.000000,,,,
1380.872,-04.101584,-12.000000,10.000000,,,,
1380.889,-04.101584,-12.000000,10.000000,,,,
1380.905,-04.101584,-12.000000,10.000000,,,,
1380.922,-04.101584,-12.000000,10.000000,,,,
1380.939,-04.101584,-12.000000,10.000000,,,,
1380.955,-04.101584,-12.000000,10.000000,,,,
1380.972,-04.589384,-12.000000,10.000000,,,,
1380.989,-04.589384,-12.000000,10.000000,,,,
1381.005,-04.589384,-12.000000,10.000000,,,,
1381.022,-04.589384,-12.000000,10.000000,,,,
1381.039,-04.589384,-12.000000,10.000000,,,,
1381.055,-04.589384,-12.000000,10.000000,,,,
1381.072,-05.076623,-12.000000,10.000000,,,,
1381.089,-05.076623,-12.000000,10.000000,,,,
1381.106,-05.076623,-12.000000,10.000000,,,,
1381.122,-05.076623,-12.000000,10.000000,,,,
1381.139,-05.076623,-12.000000,10.000000,,,,
1381.155,-05.076623,-12.000000,10.000000,,,,
1381.172,-05.076623,-12.000000,10.000000,,,,
1381.189,-05.017326,-12.000000,10.000000,,,,
1381.205,-05.017326,-12.000000,10.000000,,,,
1381.222,-05.017326,-12.000000,10.000000,,,,
1381.239,-05.017326,-12.000000,10.000000,,,,
1381.255,-05.017326,-12.000000,10.000000,,,,
1381.272,-04.520499,-12.000000,10.000000,,,,
1381.289,-04.520499,-12.000000,10.000000,,,,
1381.305,-04.520499,-12.000000,10.000000,,,,
1381.322,-04.520499,-12.000000,10.000000,,,,
1381.338,-04.520499,-12.000000,10.000000,,,,
1381.355,-04.520499,-12.000000,10.000000,,,,
1381.372,-04.032690,-12.000000,10.000000,,,,
1381.389,-04.032690,-12.000000,10.000000,,,,
1381.406,-04.032690,-12.000000,10.000000,,,,
1381.422,-04.032690,-12.000000,10.000000,,,,
1381.439,-04.032690,-12.000000,10.000000,,,,
1381.455,-04.032690,-12.000000,10.000000,,,,
1381.479,-03.543606,-12.000000,10.000000,,,,
1381.489,-03.543606,-12.000000,10.000000,,,,
1381.511,-03.543606,-12.000000,10.000000,,,,
1381.522,-03.543606,-12.000000,10.000000,,,,
1381.545,-03.543606,-12.000000,10.000000,,,,
1381.555,-03.543606,-12.000000,10.000000,,,,
1381.578,-03.543606,-12.000000,10.000000,,,,
1381.589,-03.055478,-12.000000,10.000000,,,,
1381.611,-03.055478,-12.000000,10.000000,,,,
1381.622,-03.055478,-12.000000,10.000000,,,,
1381.644,-03.055478,-12.000000,10.000000,,,,
1381.656,-03.055478,-12.000000,10.000000,,,,
1381.677,-02.567193,-12.000000,10.000000,,,,
1381.689,-02.567193,-12.000000,10.000000,,,,
1381.710,-02.567193,-12.000000,10.000000,,,,
1381.722,-02.567193,-12.000000,10.000000,,,,
1381.743,-02.567193,-12.000000,10.000000,,,,
1381.755,-02.567193,-12.000000,10.000000,,,,
1381.776,-02.079020,-12.000000,10.000000,,,,
1381.790,-02.079020,-12.000000,10.000000,,,,
1381.809,-02.079020,-12.000000,10.000000,,,,
1381.823,-02.079020,-12.000000,10.000000,,,,
1381.841,-02.079020,-12.000000,10.000000,,,,
1381.856,-02.079020,-12.000000,10.000000,,,,
1381.874,-02.079020,-12.000000,10.000000,,,,
1381.890,-01.589895,-12.000000,10.000000,,,,
1381.908,-01.589895,-12.000000,10.000000,,,,
1381.922,-01.589895,-12.000000,10.000000,,,,
1381.939,-01.589895,-12.000000,10.000000,,,,
1381.957,-01.589895,-12.000000,10.000000,,,,
1381.972,-01.102757,-12.000000,10.000000,,,,
1381.990,-01.102757,-12.000000,10.000000,,,,
1382.008,-01.102757,-12.000000,10.000000,,,,
1382.023,-01.102757,-12.000000,10.000000,,,,
1382.042,-01.102757,-12.000000,10.000000,,,,
1382.055,-01.102757,-12.000000,10.000000,,,,
1382.072,-00.612796,-12.000000,10.000000,,,,
1382.089,-00.612796,-12.000000,10.000000,,,,
1382.106,-00.612796,-12.000000,10.000000,,,,
1382.122,-00.612796,-12.000000,10.000000,,,,
1382.139,-00.612796,-12.000000,10.000000,,,,
1382.155,-00.612796,-12.000000,10.000000,,,,
1382.172,-00.124788,-12.000000,10.000000,,,,
1382.189,-00.124788,-12.000000,10.000000,,,,
1382.206,-00.124788,-12.000000,10.000000,,,,
1382.222,-00.124788,-12.000000,10.000000,,,,
1382.244,-00.124788,-12.000000,10.000000,,,,
1382.255,-00.124788,-12.000000,10.000000,,,,
1382.276,00.361050,-12.000000,10.000000,,,,
1382.289,00.361050,-12.000000,10.000000,,,,
1382.308,00.361050,-12.000000,10.000000,,,,
1382.322,00.361050,-12.000000,10.000000,,,,
1382.341,00.361050,-12.000000,10.000000,,,,
1382.357,00.361050,-12.000000,10.000000,,,,
1382.373,00.851323,-12.000000,10.000000,,,,
1382.390,00.851323,-12.000000,10.000000,,,,
1382.406,00.851323,-12.000000,10.000000,,,,
1382.423,00.851323,-12.000000,10.000000,,,,
1382.439,00.851323,-12.000000,10.000000,,,,
1382.456,00.851323,-12.000000,10.000000,,,,
1382.472,01.340349,-12.000000,10.000000,,,,
1382.489,01.340349,-12.000000,10.000000,,,,
1382.506,01.340349,-12.000000,10.000000,,,,
1382.523,01.340349,-12.000000,10.000000,,,,
1382.539,01.340349,-12.000000,10.000000,,,,
1382.555,01.340349,-12.000000,10.000000,,,,
1382.573,01.828242,-12.000000,10.000000,,,,
1382.590,01.828242,-12.000000,10.000000,,,,
1382.606,01.828242,-12.000000,10.000000,,,,
1382.623,01.828242,-12.000000,10.000000,,,,
1382.639,01.828242,-12.000000,10.000000,,,,
1382.655,01.828242,-12.000000,10.000000,,,,
1382.673,01.828242,-12.000000,10.000000,,,,
1382.689,02.317471,-12.000000,10.000000,,,,
1382.706,02.317471,-12.000000,10.000000,,,,
1382.722,02.317471,-12.000000,10.000000,,,,
1382.739,02.317471,-12.000000,10.000000,,,,
1382.756,02.317471,-12.000000,10.000000,,,,
1382.773,02.803234,-12.000000,10.000000,,,,
1382.789,02.803234,-12.000000,10.000000,,,,
1382.806,02.803234,-12.000000,10.000000,,,,
1382.822,02.803234,-12.000000,10.000000,,,,
1382.839,02.803234,-12.000000,10.000000,,,,
1382.855,02.803234,-12.000000,10.000000,,,,
1382.873,03.293566,-12.000000,10.000000,,,,
1382.889,03.293566,-12.000000,10.000000,,,,
1382.906,03.293566,-12.000000,10.000000,,,,
1382.922,03.293566,-12.000000,10.000000,,,,
1382.939,03.293566,-12.000000,10.000000,,,,
1382.955,03.293566,-12.000000,10.000000,,,,
1382.972,03.779212,-12.000000,10.000000,,,,
1382.989,03.779212,-12.000000,10.000000,,,,
1383.006,03.779212,-12.000000,10.000000,,,,
1383.022,03.779212,-12.000000,10.000000,,,,
1383.039,03.779212,-12.000000,10.000000,,,,
1383.055,03.779212,-12.000000,10.000000,,,,
1383.072,03.779212,-12.000000,10.000000,,,,
1383.089,04.268066,-12.000000,10.000000,,,,
1383.106,04.268066,-12.000000,10.000000,,,,
1383.122,04.268066,-12.000000,10.000000,,,,
1383.139,04.268066,-12.000000,10.000000,,,,
1383.155,04.268066,-12.000000,10.000000,,,,
1383.172,04.756650,-12.000000,10.000000,,,,
1383.189,04.756650,-12.000000,10.000000,,,,
1383.206,04.756650,-12.000000,10.000000,,,,
1383.222,04.756650,-12.000000,10.000000,,,,
1383.239,04.756650,-12.000000,10.000000,,,,
1383.255,04.756650,-12.000000,10.000000,,,,
1383.272,05.244534,-12.000000,10.000000,,,,
1383.289,05.244534,-12.000000,10.000000,,,,
1383.306,05.244534,-12.000000,10.000000,,,,
1383.322,05.244534,-12.000000,10.000000,,,,
1383.339,05.244534,-12.000000,10.000000,,,,
1383.355,05.244534,-12.000000,10.000000,,,,
1383.372,05.731527,-12.000000,10.000000,,,,
1383.389,05.731527,-12.000000,10.000000,,,,
1383.406,05.731527,-12.000000,10.000000,,,,
1383.422,05.731527,-12.000000,10.000000,,,,
1383.439,05.731527,-12.000000,10.000000,,,,
1383.455,05.731527,-12.000000,10.000000,,,,
1383.472,06.221028,-12.000000,10.000000,,,,
1383.489,06.221028,-12.000000,10.000000,,,,
1383.506,06.221028,-12.000000,10.000000,,,,
1383.522,06.221028,-12.000000,10.000000,,,,
1383.539,06.221028,-12.000000,10.000000,,,,
1383.555,06.221028,-12.000000,10.000000,,,,
1383.572,06.708899,-12.000000,10.000000,,,,
1383.589,06.708899,-12.000000,10.000000,,,,
1383.606,06.708899,-12.000000,10.000000,,,,
1383.622,06.708899,-12.000000,10.000000,,,,
1383.639,06.708899,-12.000000,10.000000,,,,
1383.655,06.708899,-12.000000,10.000000,,,,
1383.672,07.197856,-12.000000,10.000000,,,,
1383.696,07.197856,-12.000000,10.000000,,,,
1383.706,07.197856,-12.000000,10.000000,,,,
1383.729,07.197856,-12.000000,10.000000,,,,
1383.739,07.197856,-12.000000,10.000000,,,,
1383.761,07.197856,-12.000000,10.000000,,,,
1383.772,07.197856,-12.000000,10.000000,,,,
1383.794,07.685187,-12.000000,10.000000,,,,
1383.807,07.685187,-12.000000,10.000000,,,,
1383.828,07.685187,-12.000000,10.000000,,,,
1383.839,07.685187,-12.000000,10.000000,,,,
1383.864,07.685187,-12.000000,10.000000,,,,
1383.872,07.685187,-12.000000,10.000000,,,,
1383.895,08.203690,-12.000000,10.000000,,,,
1383.906,08.203690,-12.000000,10.000000,,,,
1383.927,08.203690,-12.000000,10.000000,,,,
1383.939,08.203690,-12.000000,10.000000,,,,
1383.961,08.203690,-12.000000,10.000000,,,,
1383.974,08.203690,-12.000000,10.000000,,,,
1383.994,08.687369,-12.000000,10.000000,,,,
1384.006,08.687369,-12.000000,10.000000,,,,
1384.026,08.687369,-12.000000,10.000000,,,,
1384.039,08.687369,-12.000000,10.000000,,,,
1384.060,08.687369,-12.000000,10.000000,,,,
1384.072,08.687369,-12.000000,10.000000,,,,
1384.094,09.172316,-12.000000,10.000000,,,,
1384.106,09.172316,-12.000000,10.000000,,,,
1384.126,09.172316,-12.000000,10.000000,,,,
1384.140,09.172316,-12.000000,10.000000,,,,
1384.159,09.172316,-12.000000,10.000000,,,,
1384.173,09.172316,-12.000000,10.000000,,,,
1384.191,09.658209,-12.000000,10.000000,,,,
1384.206,09.658209,-12.000000,10.000000,,,,
1384.225,09.658209,-12.000000,10.000000,,,,
1384.240,09.658209,-12.000000,10.000000,,,,
1384.258,09.658209,-12.000000,10.000000,,,,
1384.273,09.658209,-12.000000,10.000000,,,,
1384.291,10.143200,-12.000000,10.000000,,,,
1384.306,10.143200,-12.000000,10.000000,,,,
1384.322,10.143200,-12.000000,10.000000,,,,
1384.339,10.143200,-12.000000,10.000000,,,,
1384.356,10.143200,-12.000000,10.000000,,,,
1384.374,09.862054,-12.000000,10.000000,,,,
1384.389,09.862054,-12.000000,10.000000,,,,
1384.409,09.862054,-12.000000,10.000000,,,,
1384.423,09.862054,-12.000000,10.000000,,,,
1384.439,09.862054,-12.000000,10.000000,,,,
1384.456,09.862054,-12.000000,10.000000,,,,
1384.474,09.370938,-12.000000,10.000000,,,,
1384.489,09.370938,-12.000000,10.000000,,,,
1384.506,09.370938,-12.000000,10.000000,,,,
1384.522,09.370938,-12.000000,10.000000,,,,
1384.539,09.370938,-12.000000,10.000000,,,,
1384.556,09.370938,-12.000000,10.000000,,,,
1384.572,09.370938,-12.000000,10.000000,,,,
1384.589,08.885117,-12.000000,10.000000,,,,
1384.606,08.885117,-12.000000,10.000000,,,,
1384.622,08.885117,-12.000000,10.000000,,,,
1384.639,08.885117,-12.000000,10.000000,,,,
1384.656,08.885117,-12.000000,10.000000,,,,
1384.672,08.396637,-12.000000,10.000000,,,,
1384.689,08.396637,-12.000000,10.000000,,,,
1384.706,08.396637,-12.000000,10.000000,,,,
1384.723,08.396637,-12.000000,10.000000,,,,
1384.739,08.396637,-12.000000,10.000000,,,,
1384.756,08.396637,-12.000000,10.000000,,,,
1384.772,07.906785,-12.000000,10.000000,,,,
1384.791,07.906785,-12.000000,10.000000,,,,
1384.808,07.906785,-12.000000,10.000000,,,,
1384.822,07.906785,-12.000000,10.000000,,,,
1384.839,07.906785,-12.000000,10.000000,,,,
1384.856,07.906785,-12.000000,10.000000,,,,
1384.873,07.420171,-12.000000,10.000000,,,,
1384.889,07.420171,-12.000000,10.000000,,,,
1384.906,07.420171,-12.000000,10.000000,,,,
1384.922,07.420171,-12.000000,10.000000,,,,
1384.939,07.420171,-12.000000,10.000000,,,,
1384.956,07.420171,-12.000000,10.000000,,,,
