1350.376,0.14169,-12.0,10.0
1350.393,0.212646,-12.0,10.0
1350.411,0.304062,-12.0,10.0
1350.43,0.396632,-12.0,10.0
1350.437,0.43554,-12.0,10.0
1350.454,0.515392,-12.0,10.0
1350.471,0.598856,-12.0,10.0
1350.487,0.679008,-12.0,10.0
1350.511,0.793005,-12.0,10.0
1350.528,0.877864,-12.0,10.0
1350.537,0.922251,-12.0,10.0
1350.559,1.028281,-12.0,10.0
1350.578,1.11946,-12.0,10.0
1350.594,1.201878,-12.0,10.0
1350.612,1.287349,-12.0,10.0
1350.62,1.328578,-12.0,10.0
1350.637,1.410057,-12.0,10.0
1350.654,1.492977,-12.0,10.0
1350.67,1.57333,-12.0,10.0
1350.687,1.655292,-12.0,10.0
1350.704,1.737616,-12.0,10.0
1350.724,1.833664,-12.0,10.0
1350.747,1.946159,-12.0,10.0
1350.754,1.981619,-12.0,10.0
1350.771,2.062684,-12.0,10.0
1350.789,2.151444,-12.0,10.0
1350.812,2.263776,-12.0,10.0
1350.82,2.30613,-12.0,10.0
1350.837,2.386498,-12.0,10.0
1350.854,2.469409,-12.0,10.0
1350.875,2.573105,-12.0,10.0
1350.891,2.64818,-12.0,10.0
1350.908,2.734486,-12.0,10.0
1350.925,2.815003,-12.0,10.0
1350.943,2.905328,-12.0,10.0
1350.954,2.95717,-12.0,10.0
1350.971,3.039507,-12.0,10.0
1350.987,3.119529,-12.0,10.0
1351.004,3.200875,-12.0,10.0
1351.02,3.282396,-12.0,10.0
1351.037,3.363266,-12.0,10.0
1351.054,3.446996,-12.0,10.0
1351.071,3.52705,-12.0,10.0
1351.088,3.611979,-12.0,10.0
1351.104,3.689408,-12.0,10.0
1351.12,3.770298,-12.0,10.0
1351.137,3.852817,-12.0,10.0
1351.156,3.944691,-12.0,10.0
1351.17,4.014678,-12.0,10.0
1351.187,4.096373,-12.0,10.0
1351.208,4.200059,-12.0,10.0
1351.226,4.287521,-12.0,10.0
1351.247,4.38914,-12.0,10.0
1351.254,4.421657,-12.0,10.0
1351.27,4.502152,-12.0,10.0
1351.287,4.582413,-12.0,10.0
1351.304,4.66486,-12.0,10.0
1351.32,4.746598,-12.0,10.0
1351.337,4.828036,-12.0,10.0
1351.364,4.958556,-12.0,10.0
1351.37,4.991208,-12.0,10.0
1351.388,5.074185,-12.0,10.0
1351.405,5.156497,-12.0,10.0
1351.42,5.23416,-12.0,10.0
1351.437,5.314802,-12.0,10.0
1351.459,5.421369,-12.0,10.0
1351.477,5.510478,-12.0,10.0
1351.487,5.559632,-12.0,10.0
1351.504,5.643767,-12.0,10.0
1351.52,5.722528,-12.0,10.0
1351.537,5.804038,-12.0,10.0
1351.553,5.885343,-12.0,10.0
1351.57,5.9674,-12.0,10.0
1351.587,6.048823,-12.0,10.0
1351.604,6.131514,-12.0,10.0
1351.62,6.210818,-12.0,10.0
1351.637,6.292416,-12.0,10.0
1351.654,6.373415,-12.0,10.0
1351.67,6.455714,-12.0,10.0
1351.687,6.537472,-12.0,10.0
1351.704,6.619477,-12.0,10.0
1351.721,6.705069,-12.0,10.0
1351.737,6.782335,-12.0,10.0
1351.758,6.882774,-12.0,10.0
1351.773,6.956875,-12.0,10.0
1351.792,7.049403,-12.0,10.0
1351.808,7.128924,-12.0,10.0
1351.824,7.206656,-12.0,10.0
1351.84,7.283167,-12.0,10.0
1351.86,7.379445,-12.0,10.0
1351.878,7.467514,-12.0,10.0
1351.888,7.516931,-12.0,10.0
1351.905,7.599956,-12.0,10.0
1351.92,7.676749,-12.0,10.0
1351.937,7.757218,-12.0,10.0
1351.954,7.83833,-12.0,10.0
1351.971,7.921945,-12.0,10.0
1351.988,8.004958,-12.0,10.0
1352.01,8.114153,-12.0,10.0
1352.03,8.210277,-12.0,10.0
1352.037,8.246513,-12.0,10.0
1352.055,8.330211,-12.0,10.0
1352.07,8.40811,-12.0,10.0
1352.088,8.491821,-12.0,10.0
1352.104,8.574141,-12.0,10.0
1352.12,8.652167,-12.0,10.0
1352.138,8.737117,-12.0,10.0
1352.154,8.817681,-12.0,10.0
1352.171,8.898852,-12.0,10.0
1352.187,8.97875,-12.0,10.0
1352.203,9.057566,-12.0,10.0
1352.22,9.13966,-12.0,10.0
1352.237,9.222677,-12.0,10.0
1352.254,9.304485,-12.0,10.0
1352.271,9.38724,-12.0,10.0
1352.287,9.466789,-12.0,10.0
1352.304,9.548676,-12.0,10.0
1352.32,9.629849,-12.0,10.0
1352.337,9.710871,-12.0,10.0
1352.357,9.806375,-12.0,10.0
1352.375,9.89423,-12.0,10.0
1352.387,9.954571,-12.0,10.0
1352.404,10.03602,-12.0,10.0
1352.42,10.11716,-12.0,10.0
1352.443,10.1087,-12.0,10.0
1352.462,10.0919,-12.0,10.0
1352.471,10.05885,-12.0,10.0
1352.487,10.00861,-12.0,10.0
1352.504,9.944777,-12.0,10.0
1352.52,9.886631,-12.0,10.0
1352.537,9.797771,-12.0,10.0
1352.554,9.708648,-12.0,10.0
1352.571,9.625372,-12.0,10.0
1352.587,9.544534,-12.0,10.0
1352.604,9.463765,-12.0,10.0
1352.62,9.381754,-12.0,10.0
1352.638,9.299743,-12.0,10.0
1352.654,9.218461,-12.0,10.0
1352.674,9.121486,-12.0,10.0
1352.692,9.032778,-12.0,10.0
1352.708,8.955368,-12.0,10.0
1352.724,8.875744,-12.0,10.0
1352.74,8.798135,-12.0,10.0
1352.763,8.689808,-12.0,10.0
1352.77,8.649985,-12.0,10.0
1352.788,8.566842,-12.0,10.0
1352.804,8.486868,-12.0,10.0
1352.82,8.407875,-12.0,10.0
1352.837,8.326005,-12.0,10.0
1352.856,8.233735,-12.0,10.0
1352.871,8.161969,-12.0,10.0
1352.887,8.080304,-12.0,10.0
1352.904,7.999719,-12.0,10.0
1352.924,7.900256,-12.0,10.0
1352.943,7.806727,-12.0,10.0
1352.963,7.712818,-12.0,10.0
1352.971,7.672808,-12.0,10.0
1352.987,7.591914,-12.0,10.0
1353.004,7.51084,-12.0,10.0
1353.02,7.429598,-12.0,10.0
1353.037,7.348627,-12.0,10.0
1353.054,7.266765,-12.0,10.0
1353.07,7.186732,-12.0,10.0
1353.087,7.103877,-12.0,10.0
1353.105,7.020708,-12.0,10.0
1353.125,6.919757,-12.0,10.0
1353.14,6.845224,-12.0,10.0
1353.156,6.768434,-12.0,10.0
1353.17,6.697717,-12.0,10.0
1353.187,6.616441,-12.0,10.0
1353.209,6.51245,-12.0,10.0
1353.229,6.411553,-12.0,10.0
1353.237,6.371507,-12.0,10.0
1353.254,6.291044,-12.0,10.0
1353.27,6.21014,-12.0,10.0
1353.287,6.126537,-12.0,10.0
1353.305,6.043554,-12.0,10.0
1353.32,5.965133,-12.0,10.0
1353.337,5.883188,-12.0,10.0
1353.354,5.802094,-12.0,10.0
1353.371,5.719693,-12.0,10.0
1353.387,5.638965,-12.0,10.0
1353.407,5.542896,-12.0,10.0
1353.423,5.466939,-12.0,10.0
1353.437,5.393275,-12.0,10.0
1353.454,5.313721,-12.0,10.0
1353.471,5.232304,-12.0,10.0
1353.491,5.13133,-12.0,10.0
1353.506,5.057512,-12.0,10.0
1353.528,4.952547,-12.0,10.0
1353.537,4.908814,-12.0,10.0
1353.554,4.824954,-12.0,10.0
1353.572,4.738867,-12.0,10.0
1353.587,4.663553,-12.0,10.0
1353.607,4.565282,-12.0,10.0
1353.62,4.501253,-12.0,10.0
1353.637,4.419404,-12.0,10.0
1353.654,4.33711,-12.0,10.0
1353.671,4.254311,-12.0,10.0
1353.687,4.174067,-12.0,10.0
1353.707,4.07781,-12.0,10.0
1353.729,3.968811,-12.0,10.0
1353.737,3.930826,-12.0,10.0
1353.754,3.849099,-12.0,10.0
1353.771,3.764822,-12.0,10.0
1353.787,3.688148,-12.0,10.0
1353.807,3.590867,-12.0,10.0
1353.83,3.47695,-12.0,10.0
1353.837,3.442765,-12.0,10.0
1353.854,3.362295,-12.0,10.0
1353.871,3.279142,-12.0,10.0
1353.887,3.199102,-12.0,10.0
1353.906,3.10454,-12.0,10.0
1353.92,3.036334,-12.0,10.0
1353.945,2.949795,-12.0,10.0
1353.954,2.871326,-12.0,10.0
1353.972,2.788596,-12.0,10.0
1353.992,2.689842,-12.0,10.0
1354.008,2.609082,-12.0,10.0
1354.021,2.546388,-12.0,10.0
1354.037,2.4663,-12.0,10.0
1354.054,2.385109,-12.0,10.0
1354.071,2.302152,-12.0,10.0
1354.087,2.221742,-12.0,10.0
1354.108,2.11958,-12.0,10.0
1354.12,2.060451,-12.0,10.0
1354.137,1.977544,-12.0,10.0
1354.154,1.895724,-12.0,10.0
1354.171,1.81424,-12.0,10.0
1354.191,1.717253,-12.0,10.0
1354.208,1.633122,-12.0,10.0
1354.221,1.570005,-12.0,10.0
1354.237,1.489339,-12.0,10.0
1354.254,1.408006,-12.0,10.0
1354.271,1.32458,-12.0,10.0
1354.291,1.228445,-12.0,10.0
1354.312,1.123667,-12.0,10.0
1354.32,1.08272,-12.0,10.0
1354.337,1.002166,-12.0,10.0
1354.354,0.920397,-12.0,10.0
1354.371,0.83745,-12.0,10.0
1354.387,0.75582,-12.0,10.0
1354.408,0.655926,-12.0,10.0
1354.42,0.59461,-12.0,10.0
1354.437,0.512684,-12.0,10.0
1354.454,0.430188,-12.0,10.0
1354.471,0.349827,-12.0,10.0
1354.496,0.226355,-12.0,10.0
1354.504,0.187334,-12.0,10.0
1354.52,0.106991,-12.0,10.0
1354.537,0.025513,-12.0,10.0
1354.557,-0.069254,-12.0,10.0
1354.578,-0.173533,-12.0,10.0
1354.587,-0.219339,-12.0,10.0
1354.604,-0.29937,-12.0,10.0
1354.62,-0.380125,-12.0,10.0
1354.637,-0.463755,-12.0,10.0
1354.654,-0.545035,-12.0,10.0
1354.677,-0.659553,-12.0,10.0
1354.687,-0.707064,-12.0,10.0
1354.704,-0.789688,-12.0,10.0
1354.721,-0.871769,-12.0,10.0
1354.738,-0.953823,-12.0,10.0
1354.754,-1.032357,-12.0,10.0
1354.778,-1.151312,-12.0,10.0
1354.787,-1.196357,-12.0,10.0
1354.804,-1.276736,-12.0,10.0
1354.821,-1.359932,-12.0,10.0
1354.837,-1.43957,-12.0,10.0
1354.859,-1.54756,-12.0,10.0
1354.877,-1.63187,-12.0,10.0
1354.887,-1.683435,-12.0,10.0
1354.904,-1.765465,-12.0,10.0
1354.92,-1.846926,-12.0,10.0
1354.937,-1.928037,-12.0,10.0
1354.957,-2.024401,-12.0,10.0
1354.98,-2.138248,-12.0,10.0
1354.987,-2.17349,-12.0,10.0
1355.004,-2.252054,-12.0,10.0
1355.021,-2.337313,-12.0,10.0
1355.04,-2.429351,-12.0,10.0
1355.062,-2.531708,-12.0,10.0
1355.078,-2.613756,-12.0,10.0
1355.087,-2.660908,-12.0,10.0
1355.104,-2.743045,-12.0,10.0
1355.121,-2.824193,-12.0,10.0
1355.141,-2.923782,-12.0,10.0
1355.157,-3.002573,-12.0,10.0
1355.17,-3.066137,-12.0,10.0
1355.188,-3.154911,-12.0,10.0
1355.204,-3.230547,-12.0,10.0
1355.22,-3.312215,-12.0,10.0
1355.237,-3.391976,-12.0,10.0
1355.259,-3.497377,-12.0,10.0
1355.271,-3.555575,-12.0,10.0
1355.287,-3.63623,-12.0,10.0
1355.304,-3.71919,-12.0,10.0
1355.32,-3.799292,-12.0,10.0
1355.343,-3.906691,-12.0,10.0
1355.363,-4.007084,-12.0,10.0
1355.37,-4.043905,-12.0,10.0
1355.387,-4.123407,-12.0,10.0
1355.404,-4.206576,-12.0,10.0
1355.423,-4.29795,-12.0,10.0
1355.439,-4.380332,-12.0,10.0
1355.462,-4.489168,-12.0,10.0
1355.47,-4.531334,-12.0,10.0
1355.487,-4.61371,-12.0,10.0
1355.504,-4.695423,-12.0,10.0
1355.52,-4.776843,-12.0,10.0
1355.544,-4.888099,-12.0,10.0
1355.553,-4.938101,-12.0,10.0
1355.57,-5.019511,-12.0,10.0
1355.587,-5.10226,-12.0,10.0
1355.61,-5.211332,-12.0,10.0
1355.62,-5.264167,-12.0,10.0
1355.637,-5.144208,-12.0,10.0
1355.657,-5.096391,-12.0,10.0
1355.671,-5.046505,-12.0,10.0
1355.688,-4.980326,-12.0,10.0
1355.706,-4.893776,-12.0,10.0
1355.72,-4.829854,-12.0,10.0
1355.737,-4.738958,-12.0,10.0
1355.758,-4.637487,-12.0,10.0
1355.771,-4.576242,-12.0,10.0
1355.788,-4.493695,-12.0,10.0
1355.81,-4.387016,-12.0,10.0
1355.822,-4.32692,-12.0,10.0
1355.837,-4.251154,-12.0,10.0
1355.857,-4.155875,-12.0,10.0
1355.871,-4.086799,-12.0,10.0
1355.887,-4.006766,-12.0,10.0
1355.909,-3.902314,-12.0,10.0
1355.92,-3.845686,-12.0,10.0
1355.937,-3.763253,-12.0,10.0
1355.957,-3.665087,-12.0,10.0
1355.971,-3.597916,-12.0,10.0
1355.987,-3.519991,-12.0,10.0
1356.004,-3.439129,-12.0,10.0
1356.02,-3.357996,-12.0,10.0
1356.037,-3.274956,-12.0,10.0
1356.06,-3.16612,-12.0,10.0
1356.071,-3.112551,-12.0,10.0
1356.087,-3.030198,-12.0,10.0
1356.111,-2.915439,-12.0,10.0
1356.12,-2.868274,-12.0,10.0
1356.138,-2.78599,-12.0,10.0
1356.161,-2.671142,-12.0,10.0
1356.17,-2.624507,-12.0,10.0
1356.187,-2.542174,-12.0,10.0
1356.209,-2.438514,-12.0,10.0
1356.221,-2.379251,-12.0,10.0
1356.238,-2.296889,-12.0,10.0
1356.26,-2.185685,-12.0,10.0
1356.27,-2.136903,-12.0,10.0
1356.288,-2.053591,-12.0,10.0
1356.309,-1.9471,-12.0,10.0
1356.32,-1.892221,-12.0,10.0
1356.337,-1.810585,-12.0,10.0
1356.36,-1.698669,-12.0,10.0
1356.371,-1.647667,-12.0,10.0
1356.387,-1.565238,-12.0,10.0
1356.411,-1.452725,-12.0,10.0
1356.421,-1.400257,-12.0,10.0
1356.437,-1.322252,-12.0,10.0
1356.459,-1.214905,-12.0,10.0
1356.471,-1.159394,-12.0,10.0
1356.487,-1.077329,-12.0,10.0
1356.51,-0.968821,-12.0,10.0
1356.52,-0.915581,-12.0,10.0
1356.538,-0.83222,-12.0,10.0
1356.561,-0.718711,-12.0,10.0
1356.57,-0.671886,-12.0,10.0
1356.587,-0.589734,-12.0,10.0
1356.61,-0.478336,-12.0,10.0
1356.62,-0.427469,-12.0,10.0
1356.638,-0.342923,-12.0,10.0
1356.664,-0.214831,-12.0,10.0
1356.671,-0.181317,-12.0,10.0
1356.688,-0.100478,-12.0,10.0
1356.71,0.008722,-12.0,10.0
1356.721,0.06452,-12.0,10.0
1356.737,0.141651,-12.0,10.0
1356.759,0.250669,-12.0,10.0
1356.772,0.313273,-12.0,10.0
1356.788,0.387688,-12.0,10.0
1356.812,0.508889,-12.0,10.0
1356.82,0.548558,-12.0,10.0
1356.837,0.6312,-12.0,10.0
1356.86,0.743307,-12.0,10.0
1356.87,0.792195,-12.0,10.0
1356.887,0.874905,-12.0,10.0
1356.904,0.95485,-12.0,10.0
1356.92,1.037298,-12.0,10.0
1356.94,1.133872,-12.0,10.0
1356.954,1.200214,-12.0,10.0
1356.97,1.280295,-12.0,10.0
1356.988,1.364061,-12.0,10.0
1357.004,1.44425,-12.0,10.0
1357.021,1.525636,-12.0,10.0
1357.038,1.608068,-12.0,10.0
1357.054,1.687593,-12.0,10.0
1357.071,1.769431,-12.0,10.0
1357.087,1.851074,-12.0,10.0
1357.104,1.933046,-12.0,10.0
1357.12,2.014493,-12.0,10.0
1357.138,2.095549,-12.0,10.0
1357.155,2.179452,-12.0,10.0
1357.171,2.258962,-12.0,10.0
1357.189,2.340888,-12.0,10.0
1357.21,2.451087,-12.0,10.0
1357.22,2.50214,-12.0,10.0
1357.238,2.58442,-12.0,10.0
1357.254,2.664553,-12.0,10.0
1357.271,2.74662,-12.0,10.0
1357.29,2.840786,-12.0,10.0
1357.304,2.908817,-12.0,10.0
1357.32,2.990519,-12.0,10.0
1357.34,3.0834,-12.0,10.0
1357.354,3.154608,-12.0,10.0
1357.371,3.237637,-12.0,10.0
1357.392,3.338398,-12.0,10.0
1357.404,3.397282,-12.0,10.0
1357.42,3.478218,-12.0,10.0
1357.44,3.573434,-12.0,10.0
1357.455,3.644558,-12.0,10.0
1357.471,3.724327,-12.0,10.0
1357.491,3.823262,-12.0,10.0
1357.505,3.889809,-12.0,10.0
1357.521,3.968833,-12.0,10.0
1357.54,4.060362,-12.0,10.0
1357.555,4.131872,-12.0,10.0
1357.571,4.212665,-12.0,10.0
1357.59,4.30526,-12.0,10.0
1357.605,4.376473,-12.0,10.0
1357.621,4.457042,-12.0,10.0
1357.637,4.536176,-12.0,10.0
1357.654,4.616874,-12.0,10.0
1357.676,4.727856,-12.0,10.0
1357.688,4.782013,-12.0,10.0
1357.708,4.881805,-12.0,10.0
1357.72,4.94367,-12.0,10.0
1357.738,5.028039,-12.0,10.0
1357.754,5.108054,-12.0,10.0
1357.771,5.188274,-12.0,10.0
1357.787,5.269498,-12.0,10.0
1357.804,5.351241,-12.0,10.0
1357.82,5.431835,-12.0,10.0
1357.837,5.513487,-12.0,10.0
1357.855,5.59743,-12.0,10.0
1357.87,5.674953,-12.0,10.0
1357.887,5.756829,-12.0,10.0
1357.904,5.838305,-12.0,10.0
1357.925,5.943174,-12.0,10.0
1357.937,6.003469,-12.0,10.0
1357.957,6.0984,-12.0,10.0
1357.971,6.16442,-12.0,10.0
1357.987,6.246084,-12.0,10.0
1358.004,6.327696,-12.0,10.0
1358.02,6.408909,-12.0,10.0
1358.037,6.489369,-12.0,10.0
1358.054,6.571228,-12.0,10.0
1358.071,6.653949,-12.0,10.0
1358.087,6.733861,-12.0,10.0
1358.104,6.815329,-12.0,10.0
1358.12,6.896089,-12.0,10.0
1358.143,7.00483,-12.0,10.0
1358.154,7.060966,-12.0,10.0
1358.174,7.156613,-12.0,10.0
1358.188,7.223079,-12.0,10.0
1358.204,7.304171,-12.0,10.0
1358.222,7.390449,-12.0,10.0
1358.237,7.46708,-12.0,10.0
1358.254,7.547088,-12.0,10.0
1358.271,7.629865,-12.0,10.0
1358.287,7.710392,-12.0,10.0
1358.304,7.791021,-12.0,10.0
1358.32,7.871995,-12.0,10.0
1358.337,7.95488,-12.0,10.0
1358.36,8.06717,-12.0,10.0
1358.371,8.117074,-12.0,10.0
1358.391,8.217463,-12.0,10.0
1358.404,8.281116,-12.0,10.0
1358.423,8.372764,-12.0,10.0
1358.437,8.442043,-12.0,10.0
1358.454,8.523729,-12.0,10.0
1358.472,8.613416,-12.0,10.0
1358.487,8.68767,-12.0,10.0
1358.504,8.767757,-12.0,10.0
1358.52,8.848923,-12.0,10.0
1358.537,8.928433,-12.0,10.0
1358.554,9.011423,-12.0,10.0
1358.57,9.093234,-12.0,10.0
1358.587,9.174306,-12.0,10.0
1358.609,9.281039,-12.0,10.0
1358.621,9.341351,-12.0,10.0
1358.64,9.432413,-12.0,10.0
1358.654,9.499766,-12.0,10.0
1358.671,9.582873,-12.0,10.0
1358.687,9.662905,-12.0,10.0
1358.704,9.746883,-12.0,10.0
1358.721,9.826982,-12.0,10.0
1358.737,9.90623,-12.0,10.0
1358.754,9.988412,-12.0,10.0
1358.771,10.07112,-12.0,10.0
1358.787,10.14931,-12.0,10.0
1358.805,10.10678,-12.0,10.0
1358.826,10.06764,-12.0,10.0
1358.837,10.04768,-12.0,10.0
1358.857,9.982469,-12.0,10.0
1358.871,9.920974,-12.0,10.0
1358.887,9.839957,-12.0,10.0
1358.905,9.753738,-12.0,10.0
1358.921,9.673403,-12.0,10.0
1358.937,9.594292,-12.0,10.0
1358.954,9.511416,-12.0,10.0
1358.97,9.431685,-12.0,10.0
1358.987,9.348969,-12.0,10.0
1359.004,9.269953,-12.0,10.0
1359.022,9.179595,-12.0,10.0
1359.043,9.080688,-12.0,10.0
1359.055,9.018841,-12.0,10.0
1359.074,8.927355,-12.0,10.0
1359.088,8.857965,-12.0,10.0
1359.104,8.779322,-12.0,10.0
1359.12,8.698318,-12.0,10.0
1359.137,8.616316,-12.0,10.0
1359.154,8.536424,-12.0,10.0
1359.171,8.454525,-12.0,10.0
1359.187,8.372686,-12.0,10.0
1359.204,8.291155,-12.0,10.0
1359.22,8.210651,-12.0,10.0
1359.237,8.128896,-12.0,10.0
1359.26,8.018274,-12.0,10.0
1359.271,7.965744,-12.0,10.0
1359.291,7.867422,-12.0,10.0
1359.304,7.802346,-12.0,10.0
1359.32,7.721776,-12.0,10.0
1359.338,7.636597,-12.0,10.0
1359.354,7.558369,-12.0,10.0
1359.371,7.477485,-12.0,10.0
1359.388,7.394909,-12.0,10.0
1359.404,7.31532,-12.0,10.0
1359.42,7.233742,-12.0,10.0
1359.437,7.153002,-12.0,10.0
1359.454,7.069919,-12.0,10.0
1359.477,6.957221,-12.0,10.0
1359.487,6.907683,-12.0,10.0
1359.508,6.80689,-12.0,10.0
1359.521,6.743659,-12.0,10.0
1359.538,6.662401,-12.0,10.0
1359.554,6.580429,-12.0,10.0
1359.571,6.500103,-12.0,10.0
1359.587,6.420938,-12.0,10.0
1359.605,6.33607,-12.0,10.0
1359.62,6.257074,-12.0,10.0
1359.637,6.17585,-12.0,10.0
1359.654,6.09367,-12.0,10.0
1359.671,6.012937,-12.0,10.0
1359.687,5.930941,-12.0,10.0
1359.708,5.83268,-12.0,10.0
1359.721,5.768147,-12.0,10.0
1359.737,5.688057,-12.0,10.0
1359.754,5.605544,-12.0,10.0
1359.771,5.520951,-12.0,10.0
1359.788,5.442756,-12.0,10.0
1359.804,5.362388,-12.0,10.0
1359.821,5.279206,-12.0,10.0
1359.838,5.197469,-12.0,10.0
1359.859,5.092729,-12.0,10.0
1359.872,5.035609,-12.0,10.0
1359.887,4.955069,-12.0,10.0
1359.904,4.873474,-12.0,10.0
1359.92,4.792962,-12.0,10.0
1359.938,4.709633,-12.0,10.0
1359.954,4.628882,-12.0,10.0
1359.974,4.533317,-12.0,10.0
1359.988,4.464742,-12.0,10.0
1360.004,4.386667,-12.0,10.0
1360.021,4.302938,-12.0,10.0
1360.038,4.222427,-12.0,10.0
1360.054,4.140504,-12.0,10.0
1360.071,4.059552,-12.0,10.0
1360.088,3.977441,-12.0,10.0
1360.104,3.895936,-12.0,10.0
1360.127,3.785979,-12.0,10.0
1360.137,3.735224,-12.0,10.0
1360.154,3.653142,-12.0,10.0
1360.171,3.571927,-12.0,10.0
1360.187,3.490723,-12.0,10.0
1360.205,3.406663,-12.0,10.0
1360.221,3.326087,-12.0,10.0
1360.24,3.231137,-12.0,10.0
1360.255,3.160713,-12.0,10.0
1360.271,3.083956,-12.0,10.0
1360.287,3.00139,-12.0,10.0
1360.304,2.920877,-12.0,10.0
1360.321,2.838719,-12.0,10.0
1360.337,2.757734,-12.0,10.0
1360.354,2.676357,-12.0,10.0
1360.371,2.593076,-12.0,10.0
1360.394,2.482023,-12.0,10.0
1360.404,2.43236,-12.0,10.0
1360.42,2.351667,-12.0,10.0
1360.438,2.268533,-12.0,10.0
1360.454,2.187869,-12.0,10.0
1360.471,2.105482,-12.0,10.0
1360.488,2.025264,-12.0,10.0
1360.509,1.921732,-12.0,10.0
1360.521,1.859599,-12.0,10.0
1360.537,1.781665,-12.0,10.0
1360.554,1.699561,-12.0,10.0
1360.571,1.61601,-12.0,10.0
1360.588,1.536712,-12.0,10.0
1360.604,1.455445,-12.0,10.0
1360.621,1.373974,-12.0,10.0
1360.638,1.292216,-12.0,10.0
1360.659,1.187286,-12.0,10.0
1360.671,1.13056,-12.0,10.0
1360.687,1.04934,-12.0,10.0
1360.704,0.967579,-12.0,10.0
1360.721,0.885927,-12.0,10.0
1360.738,0.803756,-12.0,10.0
1360.754,0.722418,-12.0,10.0
1360.775,0.620279,-12.0,10.0
1360.787,0.561122,-12.0,10.0
1360.804,0.479444,-12.0,10.0
1360.82,0.398145,-12.0,10.0
1360.837,0.316308,-12.0,10.0
1360.854,0.234288,-12.0,10.0
1360.871,0.153307,-12.0,10.0
1360.889,0.063661,-12.0,10.0
1360.905,-0.011442,-12.0,10.0
1360.92,-0.089802,-12.0,10.0
1360.938,-0.172445,-12.0,10.0
1360.954,-0.253804,-12.0,10.0
1360.971,-0.334306,-12.0,10.0
1360.988,-0.416983,-12.0,10.0
1361.004,-0.497881,-12.0,10.0
1361.021,-0.579156,-12.0,10.0
1361.041,-0.679601,-12.0,10.0
1361.054,-0.741759,-12.0,10.0
1361.071,-0.822824,-12.0,10.0
1361.088,-0.904531,-12.0,10.0
1361.104,-0.98533,-12.0,10.0
1361.121,-1.068166,-12.0,10.0
1361.137,-1.148001,-12.0,10.0
1361.155,-1.232596,-12.0,10.0
1361.171,-1.311967,-12.0,10.0
1361.195,-1.428684,-12.0,10.0
1361.204,-1.474263,-12.0,10.0
1361.22,-1.554934,-12.0,10.0
1361.237,-1.636059,-12.0,10.0
1361.254,-1.716844,-12.0,10.0
1361.271,-1.800048,-12.0,10.0
1361.287,-1.88028,-12.0,10.0
1361.308,-1.980408,-12.0,10.0
1361.321,-2.044191,-12.0,10.0
1361.337,-2.124579,-12.0,10.0
1361.354,-2.206193,-12.0,10.0
1361.371,-2.287634,-12.0,10.0
1361.387,-2.369388,-12.0,10.0
1361.404,-2.449924,-12.0,10.0
1361.421,-2.532754,-12.0,10.0
1361.438,-2.614899,-12.0,10.0
1361.454,-2.693482,-12.0,10.0
1361.471,-2.77563,-12.0,10.0
1361.487,-2.857411,-12.0,10.0
1361.504,-2.938082,-12.0,10.0
1361.521,-3.020417,-12.0,10.0
1361.538,-3.101852,-12.0,10.0
1361.554,-3.182609,-12.0,10.0
1361.575,-3.283664,-12.0,10.0
1361.587,-3.344746,-12.0,10.0
1361.604,-3.426687,-12.0,10.0
1361.62,-3.507611,-12.0,10.0
1361.637,-3.58985,-12.0,10.0
1361.654,-3.671555,-12.0,10.0
1361.671,-3.751772,-12.0,10.0
1361.688,-3.834244,-12.0,10.0
1361.704,-3.913646,-12.0,10.0
1361.722,-4.004756,-12.0,10.0
1361.737,-4.076843,-12.0,10.0
1361.754,-4.158333,-12.0,10.0
1361.771,-4.241356,-12.0,10.0
1361.788,-4.32493,-12.0,10.0
1361.81,-4.432902,-12.0,10.0
1361.821,-4.484675,-12.0,10.0
1361.843,-4.59245,-12.0,10.0
1361.854,-4.646828,-12.0,10.0
1361.874,-4.745911,-12.0,10.0
1361.888,-4.811002,-12.0,10.0
1361.907,-4.904714,-12.0,10.0
1361.921,-4.973663,-12.0,10.0
1361.938,-5.055659,-12.0,10.0
1361.955,-5.136664,-12.0,10.0
1361.971,-5.217854,-12.0,10.0
1361.988,-5.152809,-12.0,10.0
1362.005,-5.118197,-12.0,10.0
1362.02,-5.08963,-12.0,10.0
1362.038,-5.029028,-12.0,10.0
1362.054,-4.957082,-12.0,10.0
1362.071,-4.872296,-12.0,10.0
1362.087,-4.78793,-12.0,10.0
1362.104,-4.705823,-12.0,10.0
1362.12,-4.626101,-12.0,10.0
1362.137,-4.543639,-12.0,10.0
1362.154,-4.462667,-12.0,10.0
1362.171,-4.380838,-12.0,10.0
1362.187,-4.299329,-12.0,10.0
1362.204,-4.217931,-12.0,10.0
1362.221,-4.135889,-12.0,10.0
1362.238,-4.054663,-12.0,10.0
1362.261,-3.939949,-12.0,10.0
1362.271,-3.892254,-12.0,10.0
1362.292,-3.79074,-12.0,10.0
1362.305,-3.726684,-12.0,10.0
1362.324,-3.632723,-12.0,10.0
1362.338,-3.564955,-12.0,10.0
1362.357,-3.472873,-12.0,10.0
1362.372,-3.400708,-12.0,10.0
1362.388,-3.321834,-12.0,10.0
1362.404,-3.24193,-12.0,10.0
1362.421,-3.158513,-12.0,10.0
1362.438,-3.077598,-12.0,10.0
1362.455,-2.995533,-12.0,10.0
1362.474,-2.900755,-12.0,10.0
1362.488,-2.832567,-12.0,10.0
1362.504,-2.752894,-12.0,10.0
1362.521,-2.671117,-12.0,10.0
1362.537,-2.591588,-12.0,10.0
1362.554,-2.508875,-12.0,10.0
1362.571,-2.427312,-12.0,10.0
1362.588,-2.345807,-12.0,10.0
1362.604,-2.264352,-12.0,10.0
1362.621,-2.182894,-12.0,10.0
1362.637,-2.102204,-12.0,10.0
1362.654,-2.019359,-12.0,10.0
1362.678,-1.906103,-12.0,10.0
1362.688,-1.857313,-12.0,10.0
1362.709,-1.751004,-12.0,10.0
1362.721,-1.69527,-12.0,10.0
1362.741,-1.594566,-12.0,10.0
1362.754,-1.533072,-12.0,10.0
1362.771,-1.450753,-12.0,10.0
1362.788,-1.368353,-12.0,10.0
1362.804,-1.287291,-12.0,10.0
1362.821,-1.206318,-12.0,10.0
1362.838,-1.124799,-12.0,10.0
1362.854,-1.045515,-12.0,10.0
1362.871,-0.961424,-12.0,10.0
1362.888,-0.879101,-12.0,10.0
1362.904,-0.799351,-12.0,10.0
1362.921,-0.718291,-12.0,10.0
1362.938,-0.63673,-12.0,10.0
1362.954,-0.555603,-12.0,10.0
1362.971,-0.474451,-12.0,10.0
1362.988,-0.393061,-12.0,10.0
1363.004,-0.310963,-12.0,10.0
1363.021,-0.230334,-12.0,10.0
1363.039,-0.142692,-12.0,10.0
1363.054,-0.067957,-12.0,10.0
1363.071,0.014071,-12.0,10.0
1363.093,0.121848,-12.0,10.0
1363.105,0.177603,-12.0,10.0
1363.126,0.281015,-12.0,10.0
1363.138,0.344789,-12.0,10.0
1363.158,0.440493,-12.0,10.0
1363.172,0.505922,-12.0,10.0
1363.19,0.596819,-12.0,10.0
1363.204,0.664183,-12.0,10.0
1363.221,0.746919,-12.0,10.0
1363.238,0.830405,-12.0,10.0
1363.255,0.911227,-12.0,10.0
1363.271,0.990405,-12.0,10.0
1363.288,1.071903,-12.0,10.0
1363.304,1.154247,-12.0,10.0
1363.321,1.23576,-12.0,10.0
1363.338,1.316712,-12.0,10.0
1363.354,1.397947,-12.0,10.0
1363.371,1.479128,-12.0,10.0
1363.387,1.559174,-12.0,10.0
1363.404,1.640531,-12.0,10.0
1363.421,1.723682,-12.0,10.0
1363.437,1.803882,-12.0,10.0
1363.454,1.884978,-12.0,10.0
1363.471,1.96632,-12.0,10.0
1363.488,2.048318,-12.0,10.0
1363.51,2.15618,-12.0,10.0
1363.521,2.21111,-12.0,10.0
1363.542,2.312717,-12.0,10.0
1363.554,2.374357,-12.0,10.0
1363.574,2.471742,-12.0,10.0
1363.589,2.542152,-12.0,10.0
1363.607,2.630927,-12.0,10.0
1363.621,2.699449,-12.0,10.0
1363.638,2.782284,-12.0,10.0
1363.655,2.864486,-12.0,10.0
1363.671,2.943295,-12.0,10.0
1363.688,3.025777,-12.0,10.0
1363.704,3.107058,-12.0,10.0
1363.721,3.188698,-12.0,10.0
1363.738,3.270196,-12.0,10.0
1363.754,3.350182,-12.0,10.0
1363.771,3.431962,-12.0,10.0
1363.788,3.514217,-12.0,10.0
1363.805,3.596131,-12.0,10.0
1363.821,3.675756,-12.0,10.0
1363.838,3.757863,-12.0,10.0
1363.854,3.839135,-12.0,10.0
1363.871,3.920593,-12.0,10.0
1363.894,4.033064,-12.0,10.0
1363.905,4.085134,-12.0,10.0
1363.926,4.187957,-12.0,10.0
1363.937,4.245918,-12.0,10.0
1363.958,4.34547,-12.0,10.0
1363.971,4.410367,-12.0,10.0
1363.991,4.504885,-12.0,10.0
1364.004,4.570736,-12.0,10.0
1364.021,4.652881,-12.0,10.0
1364.038,4.736831,-12.0,10.0
1364.054,4.815681,-12.0,10.0
1364.071,4.895871,-12.0,10.0
1364.088,4.979222,-12.0,10.0
1364.104,5.060292,-12.0,10.0
1364.121,5.141836,-12.0,10.0
1364.138,5.222179,-12.0,10.0
1364.155,5.305017,-12.0,10.0
1364.171,5.385725,-12.0,10.0
1364.188,5.466127,-12.0,10.0
1364.204,5.546169,-12.0,10.0
1364.221,5.628435,-12.0,10.0
1364.238,5.710648,-12.0,10.0
1364.254,5.791335,-12.0,10.0
1364.277,5.902954,-12.0,10.0
1364.288,5.954227,-12.0,10.0
1364.31,6.065762,-12.0,10.0
1364.321,6.117231,-12.0,10.0
1364.342,6.220657,-12.0,10.0
1364.355,6.280866,-12.0,10.0
1364.375,6.381649,-12.0,10.0
1364.389,6.447308,-12.0,10.0
1364.407,6.538975,-12.0,10.0
1364.422,6.610041,-12.0,10.0
1364.438,6.688957,-12.0,10.0
1364.455,6.770208,-12.0,10.0
1364.471,6.850548,-12.0,10.0
1364.488,6.931191,-12.0,10.0
1364.504,7.012672,-12.0,10.0
1364.521,7.094087,-12.0,10.0
1364.538,7.176173,-12.0,10.0
1364.554,7.255509,-12.0,10.0
1364.571,7.337513,-12.0,10.0
1364.587,7.417712,-12.0,10.0
1364.605,7.501252,-12.0,10.0
1364.621,7.582953,-12.0,10.0
1364.638,7.663751,-12.0,10.0
1364.654,7.744388,-12.0,10.0
1364.671,7.82617,-12.0,10.0
1364.688,7.907252,-12.0,10.0
1364.704,7.989522,-12.0,10.0
1364.726,8.096122,-12.0,10.0
1364.737,8.150959,-12.0,10.0
1364.758,8.250756,-12.0,10.0
1364.772,8.319595,-12.0,10.0
1364.791,8.411603,-12.0,10.0
1364.805,8.478266,-12.0,10.0
1364.821,8.559596,-12.0,10.0
1364.839,8.646091,-12.0,10.0
1364.855,8.721725,-12.0,10.0
1364.871,8.80353,-12.0,10.0
1364.888,8.883985,-12.0,10.0
1364.904,8.964708,-12.0,10.0
1364.921,9.046447,-12.0,10.0
1364.937,9.126938,-12.0,10.0
1364.954,9.209529,-12.0,10.0
1364.971,9.290506,-12.0,10.0
1364.988,9.372436,-12.0,10.0
1365.004,9.453475,-12.0,10.0
1365.021,9.535218,-12.0,10.0
1365.038,9.616067,-12.0,10.0
1365.054,9.697183,-12.0,10.0
1365.071,9.778811,-12.0,10.0
1365.088,9.860153,-12.0,10.0
1365.11,9.970747,-12.0,10.0
1365.121,10.02387,-12.0,10.0
1365.144,10.13501,-12.0,10.0
1365.154,10.18652,-12.0,10.0
1365.175,10.09789,-12.0,10.0
1365.188,10.06272,-12.0,10.0
1365.208,10.00557,-12.0,10.0
1365.221,9.971002,-12.0,10.0
1365.238,9.895993,-12.0,10.0
1365.254,9.809871,-12.0,10.0
1365.271,9.720537,-12.0,10.0
1365.287,9.641643,-12.0,10.0
1365.304,9.558016,-12.0,10.0
1365.321,9.477947,-12.0,10.0
1365.338,9.395252,-12.0,10.0
1365.354,9.314808,-12.0,10.0
1365.371,9.233232,-12.0,10.0
1365.388,9.152333,-12.0,10.0
1365.404,9.071134,-12.0,10.0
1365.42,8.99157,-12.0,10.0
1365.438,8.907141,-12.0,10.0
1365.454,8.826685,-12.0,10.0
1365.471,8.745355,-12.0,10.0
1365.488,8.662061,-12.0,10.0
1365.504,8.582006,-12.0,10.0
1365.521,8.502151,-12.0,10.0
1365.538,8.419209,-12.0,10.0
1365.56,8.310325,-12.0,10.0
1365.571,8.257591,-12.0,10.0
1365.592,8.154015,-12.0,10.0
1365.605,8.089603,-12.0,10.0
1365.624,8.000002,-12.0,10.0
1365.638,7.930811,-12.0,10.0
1365.655,7.848985,-12.0,10.0
1365.671,7.767175,-12.0,10.0
1365.687,7.687782,-12.0,10.0
1365.704,7.60586,-12.0,10.0
1365.721,7.525277,-12.0,10.0
1365.738,7.441385,-12.0,10.0
1365.754,7.363225,-12.0,10.0
1365.773,7.269854,-12.0,10.0
1365.788,7.197237,-12.0,10.0
1365.804,7.117122,-12.0,10.0
1365.821,7.035593,-12.0,10.0
1365.838,6.954302,-12.0,10.0
1365.855,6.872763,-12.0,10.0
1365.871,6.791021,-12.0,10.0
1365.891,6.694784,-12.0,10.0
1365.906,6.622577,-12.0,10.0
1365.921,6.547964,-12.0,10.0
1365.938,6.467207,-12.0,10.0
1365.954,6.385135,-12.0,10.0
1365.971,6.302929,-12.0,10.0
1365.988,6.221437,-12.0,10.0
1366.008,6.120846,-12.0,10.0
1366.021,6.057011,-12.0,10.0
1366.038,5.978717,-12.0,10.0
1366.054,5.897364,-12.0,10.0
1366.071,5.815084,-12.0,10.0
1366.088,5.732966,-12.0,10.0
1366.104,5.652772,-12.0,10.0
1366.124,5.555652,-12.0,10.0
1366.138,5.489859,-12.0,10.0
1366.154,5.408327,-12.0,10.0
1366.171,5.326998,-12.0,10.0
1366.188,5.246134,-12.0,10.0
1366.205,5.162556,-12.0,10.0
1366.221,5.082565,-12.0,10.0
1366.241,4.984044,-12.0,10.0
1366.255,4.917621,-12.0,10.0
1366.271,4.839697,-12.0,10.0
1366.288,4.757174,-12.0,10.0
1366.304,4.675761,-12.0,10.0
1366.321,4.593105,-12.0,10.0
1366.338,4.51333,-12.0,10.0
1366.358,4.412532,-12.0,10.0
1366.371,4.350609,-12.0,10.0
1366.388,4.269307,-12.0,10.0
1366.404,4.188009,-12.0,10.0
1366.42,4.108114,-12.0,10.0
1366.438,4.02451,-12.0,10.0
1366.455,3.942885,-12.0,10.0
1366.477,3.835536,-12.0,10.0
1366.488,3.780225,-12.0,10.0
1366.504,3.699934,-12.0,10.0
1366.521,3.617929,-12.0,10.0
1366.538,3.536456,-12.0,10.0
1366.554,3.455519,-12.0,10.0
1366.571,3.374018,-12.0,10.0
1366.593,3.267864,-12.0,10.0
1366.605,3.21171,-12.0,10.0
1366.621,3.130844,-12.0,10.0
1366.638,3.049463,-12.0,10.0
1366.654,2.967508,-12.0,10.0
1366.672,2.883606,-12.0,10.0
1366.688,2.802734,-12.0,10.0
1366.704,2.723795,-12.0,10.0
1366.721,2.641243,-12.0,10.0
1366.738,2.559865,-12.0,10.0
1366.755,2.478474,-12.0,10.0
1366.771,2.397077,-12.0,10.0
1366.79,2.306285,-12.0,10.0
1366.805,2.231683,-12.0,10.0
1366.821,2.153714,-12.0,10.0
1366.838,2.071751,-12.0,10.0
1366.854,1.990567,-12.0,10.0
1366.871,1.908147,-12.0,10.0
1366.888,1.82704,-12.0,10.0
1366.907,1.734138,-12.0,10.0
1366.921,1.663229,-12.0,10.0
1366.938,1.584166,-12.0,10.0
1366.955,1.502058,-12.0,10.0
1366.972,1.419035,-12.0,10.0
1366.988,1.338088,-12.0,10.0
1367.004,1.258423,-12.0,10.0
1367.023,1.165676,-12.0,10.0
1367.038,1.093547,-12.0,10.0
1367.054,1.014352,-12.0,10.0
1367.071,0.932574,-12.0,10.0
1367.088,0.851615,-12.0,10.0
1367.105,0.768843,-12.0,10.0
1367.121,0.688692,-12.0,10.0
1367.141,0.592052,-12.0,10.0
1367.155,0.524769,-12.0,10.0
1367.171,0.445483,-12.0,10.0
1367.188,0.362587,-12.0,10.0
1367.204,0.28201,-12.0,10.0
1367.221,0.198999,-12.0,10.0
1367.238,0.118512,-12.0,10.0
1367.258,0.020544,-12.0,10.0
1367.271,-0.044403,-12.0,10.0
1367.288,-0.125136,-12.0,10.0
1367.305,-0.207065,-12.0,10.0
1367.321,-0.288098,-12.0,10.0
1367.338,-0.370114,-12.0,10.0
1367.354,-0.450421,-12.0,10.0
1367.375,-0.551437,-12.0,10.0
1367.388,-0.613596,-12.0,10.0
1367.404,-0.694946,-12.0,10.0
1367.421,-0.776005,-12.0,10.0
1367.438,-0.859398,-12.0,10.0
1367.455,-0.940172,-12.0,10.0
1367.471,-1.019855,-12.0,10.0
1367.493,-1.127317,-12.0,10.0
1367.505,-1.183304,-12.0,10.0
1367.521,-1.264112,-12.0,10.0
1367.538,-1.344909,-12.0,10.0
1367.554,-1.425183,-12.0,10.0
1367.571,-1.509625,-12.0,10.0
1367.588,-1.590927,-12.0,10.0
1367.604,-1.670603,-12.0,10.0
1367.621,-1.753245,-12.0,10.0
1367.638,-1.833502,-12.0,10.0
1367.655,-1.916956,-12.0,10.0
1367.671,-1.996985,-12.0,10.0
1367.688,-2.078357,-12.0,10.0
1367.705,-2.161408,-12.0,10.0
1367.721,-2.241758,-12.0,10.0
1367.738,-2.323976,-12.0,10.0
1367.755,-2.404146,-12.0,10.0
1367.771,-2.485005,-12.0,10.0
1367.788,-2.568424,-12.0,10.0
1367.805,-2.649894,-12.0,10.0
1367.821,-2.729818,-12.0,10.0
1367.838,-2.812569,-12.0,10.0
1367.855,-2.891811,-12.0,10.0
1367.872,-2.975584,-12.0,10.0
1367.888,-3.055063,-12.0,10.0
1367.904,-3.135008,-12.0,10.0
1367.921,-3.217045,-12.0,10.0
1367.938,-3.298526,-12.0,10.0
1367.955,-3.38064,-12.0,10.0
1367.971,-3.462709,-12.0,10.0
1367.988,-3.543738,-12.0,10.0
1368.004,-3.623634,-12.0,10.0
1368.021,-3.705825,-12.0,10.0
1368.038,-3.787266,-12.0,10.0
1368.055,-3.869115,-12.0,10.0
1368.071,-3.950374,-12.0,10.0
1368.088,-4.033453,-12.0,10.0
1368.105,-4.112437,-12.0,10.0
1368.121,-4.194227,-12.0,10.0
1368.137,-4.273472,-12.0,10.0
1368.155,-4.357757,-12.0,10.0
1368.171,-4.437749,-12.0,10.0
1368.188,-4.519958,-12.0,10.0
1368.204,-4.600302,-12.0,10.0
1368.221,-4.682775,-12.0,10.0
1368.238,-4.763144,-12.0,10.0
1368.255,-4.845495,-12.0,10.0
1368.271,-4.925698,-12.0,10.0
1368.288,-5.007883,-12.0,10.0
1368.305,-5.088709,-12.0,10.0
1368.321,-5.171267,-12.0,10.0
1368.338,-5.252111,-12.0,10.0
1368.355,-5.146734,-12.0,10.0
1368.371,-5.106132,-12.0,10.0
1368.388,-5.054239,-12.0,10.0
1368.405,-4.990169,-12.0,10.0
1368.421,-4.932072,-12.0,10.0
1368.438,-4.841442,-12.0,10.0
1368.455,-4.752248,-12.0,10.0
1368.471,-4.671504,-12.0,10.0
1368.488,-4.589517,-12.0,10.0
1368.504,-4.510463,-12.0,10.0
1368.521,-4.426878,-12.0,10.0
1368.538,-4.345363,-12.0,10.0
1368.554,-4.264696,-12.0,10.0
1368.571,-4.18285,-12.0,10.0
1368.588,-4.100924,-12.0,10.0
1368.604,-4.020944,-12.0,10.0
1368.621,-3.938664,-12.0,10.0
1368.638,-3.857288,-12.0,10.0
1368.655,-3.775867,-12.0,10.0
1368.671,-3.694216,-12.0,10.0
1368.688,-3.612545,-12.0,10.0
1368.712,-3.496997,-12.0,10.0
1368.721,-3.450687,-12.0,10.0
1368.738,-3.369901,-12.0,10.0
1368.755,-3.287481,-12.0,10.0
1368.771,-3.207389,-12.0,10.0
1368.789,-3.117508,-12.0,10.0
1368.804,-3.044299,-12.0,10.0
1368.821,-2.961891,-12.0,10.0
1368.838,-2.881026,-12.0,10.0
1368.855,-2.798975,-12.0,10.0
1368.877,-2.689239,-12.0,10.0
1368.888,-2.636533,-12.0,10.0
1368.904,-2.555985,-12.0,10.0
1368.922,-2.47103,-12.0,10.0
1368.944,-2.364631,-12.0,10.0
1368.954,-2.311191,-12.0,10.0
1368.977,-2.203185,-12.0,10.0
1368.989,-2.143719,-12.0,10.0
1369.01,-2.04259,-12.0,10.0
1369.022,-1.981019,-12.0,10.0
1369.043,-1.879703,-12.0,10.0
1369.054,-1.823189,-12.0,10.0
1369.075,-1.721009,-12.0,10.0
1369.088,-1.661078,-12.0,10.0
1369.109,-1.559336,-12.0,10.0
1369.121,-1.497233,-12.0,10.0
1369.142,-1.395471,-12.0,10.0
1369.155,-1.333714,-12.0,10.0
1369.175,-1.233559,-12.0,10.0
1369.188,-1.171264,-12.0,10.0
1369.208,-1.072379,-12.0,10.0
1369.221,-1.008346,-12.0,10.0
1369.241,-0.910272,-12.0,10.0
1369.255,-0.846605,-12.0,10.0
1369.274,-0.750414,-12.0,10.0
1369.289,-0.680919,-12.0,10.0
1369.308,-0.586927,-12.0,10.0
1369.321,-0.519756,-12.0,10.0
1369.341,-0.425822,-12.0,10.0
1369.355,-0.354858,-12.0,10.0
1369.374,-0.264389,-12.0,10.0
1369.388,-0.196208,-12.0,10.0
1369.405,-0.113906,-12.0,10.0
1369.421,-0.031934,-12.0,10.0
1369.438,0.049147,-12.0,10.0
1369.455,0.133476,-12.0,10.0
1369.471,0.211674,-12.0,10.0
1369.488,0.294705,-12.0,10.0
1369.505,0.375483,-12.0,10.0
1369.521,0.456898,-12.0,10.0
1369.539,0.54091,-12.0,10.0
1369.554,0.617147,-12.0,10.0
1369.571,0.69949,-12.0,10.0
1369.589,0.78272,-12.0,10.0
1369.605,0.863862,-12.0,10.0
1369.621,0.944621,-12.0,10.0
1369.639,1.029885,-12.0,10.0
1369.655,1.107615,-12.0,10.0
1369.672,1.189794,-12.0,10.0
1369.688,1.269939,-12.0,10.0
1369.705,1.351611,-12.0,10.0
1369.721,1.431792,-12.0,10.0
1369.738,1.514335,-12.0,10.0
1369.758,1.611149,-12.0,10.0
1369.771,1.677085,-12.0,10.0
1369.789,1.760664,-12.0,10.0
1369.805,1.839061,-12.0,10.0
1369.821,1.920875,-12.0,10.0
1369.838,2.002701,-12.0,10.0
1369.855,2.083037,-12.0,10.0
1369.871,2.164399,-12.0,10.0
1369.888,2.245898,-12.0,10.0
1369.905,2.327547,-12.0,10.0
1369.921,2.408639,-12.0,10.0
1369.938,2.491394,-12.0,10.0
1369.955,2.571847,-12.0,10.0
1369.972,2.654622,-12.0,10.0
1369.988,2.733508,-12.0,10.0
1370.005,2.816265,-12.0,10.0
1370.021,2.896815,-12.0,10.0
1370.038,2.979261,-12.0,10.0
1370.055,3.060702,-12.0,10.0
1370.071,3.141669,-12.0,10.0
1370.088,3.223268,-12.0,10.0
1370.105,3.304186,-12.0,10.0
1370.121,3.384851,-12.0,10.0
1370.138,3.466358,-12.0,10.0
1370.155,3.548195,-12.0,10.0
1370.171,3.629527,-12.0,10.0
1370.188,3.710947,-12.0,10.0
1370.205,3.792839,-12.0,10.0
1370.221,3.873316,-12.0,10.0
1370.238,3.954395,-12.0,10.0
1370.254,4.034416,-12.0,10.0
1370.271,4.118227,-12.0,10.0
1370.288,4.199195,-12.0,10.0
1370.305,4.280154,-12.0,10.0
1370.321,4.361348,-12.0,10.0
1370.338,4.442909,-12.0,10.0
1370.354,4.523587,-12.0,10.0
1370.372,4.606665,-12.0,10.0
1370.388,4.688161,-12.0,10.0
1370.405,4.769695,-12.0,10.0
1370.421,4.850684,-12.0,10.0
1370.438,4.932234,-12.0,10.0
1370.455,5.01344,-12.0,10.0
1370.471,5.094181,-12.0,10.0
1370.488,5.17575,-12.0,10.0
1370.505,5.257343,-12.0,10.0
1370.521,5.33811,-12.0,10.0
1370.538,5.420241,-12.0,10.0
1370.555,5.500335,-12.0,10.0
1370.571,5.581947,-12.0,10.0
1370.588,5.662273,-12.0,10.0
1370.605,5.744951,-12.0,10.0
1370.621,5.828444,-12.0,10.0
1370.638,5.907691,-12.0,10.0
1370.655,5.989595,-12.0,10.0
1370.671,6.070392,-12.0,10.0
1370.688,6.151072,-12.0,10.0
1370.705,6.233595,-12.0,10.0
1370.721,6.315407,-12.0,10.0
1370.738,6.395956,-12.0,10.0
1370.755,6.477512,-12.0,10.0
1370.771,6.559575,-12.0,10.0
1370.788,6.640149,-12.0,10.0
1370.805,6.72187,-12.0,10.0
1370.821,6.803424,-12.0,10.0
1370.838,6.885089,-12.0,10.0
1370.855,6.966346,-12.0,10.0
1370.871,7.047782,-12.0,10.0
1370.888,7.127535,-12.0,10.0
1370.905,7.210345,-12.0,10.0
1370.921,7.290478,-12.0,10.0
1370.938,7.37332,-12.0,10.0
1370.955,7.453326,-12.0,10.0
1370.971,7.535556,-12.0,10.0
1370.988,7.616131,-12.0,10.0
1371.005,7.698276,-12.0,10.0
1371.028,7.811387,-12.0,10.0
1371.038,7.861143,-12.0,10.0
1371.061,7.971034,-12.0,10.0
1371.071,8.02383,-12.0,10.0
1371.093,8.129915,-12.0,10.0
1371.106,8.192161,-12.0,10.0
1371.128,8.298999,-12.0,10.0
1371.138,8.349083,-12.0,10.0
1371.161,8.460254,-12.0,10.0
1371.173,8.51904,-12.0,10.0
1371.194,8.621052,-12.0,10.0
1371.205,8.674928,-12.0,10.0
1371.226,8.780602,-12.0,10.0
1371.238,8.837262,-12.0,10.0
1371.26,8.944014,-12.0,10.0
1371.272,9.001565,-12.0,10.0
1371.293,9.104712,-12.0,10.0
1371.305,9.164522,-12.0,10.0
1371.326,9.264897,-12.0,10.0
1371.338,9.325145,-12.0,10.0
1371.359,9.429797,-12.0,10.0
1371.372,9.491333,-12.0,10.0
1371.392,9.589046,-12.0,10.0
1371.405,9.650916,-12.0,10.0
1371.425,9.748572,-12.0,10.0
1371.438,9.815488,-12.0,10.0
1371.458,9.910125,-12.0,10.0
1371.472,9.977818,-12.0,10.0
1371.491,10.07017,-12.0,10.0
1371.505,10.13884,-12.0,10.0
1371.521,10.22024,-12.0,10.0
1371.538,10.09515,-12.0,10.0
1371.557,10.04835,-12.0,10.0
1371.571,9.99694,-12.0,10.0
1371.588,9.929288,-12.0,10.0
1371.605,9.85103,-12.0,10.0
1371.621,9.776866,-12.0,10.0
1371.641,9.670877,-12.0,10.0
1371.655,9.605494,-12.0,10.0
1371.672,9.523585,-12.0,10.0
1371.688,9.443201,-12.0,10.0
1371.704,9.362841,-12.0,10.0
1371.721,9.279194,-12.0,10.0
1371.738,9.198823,-12.0,10.0
1371.755,9.117546,-12.0,10.0
1371.771,9.035995,-12.0,10.0
1371.788,8.954457,-12.0,10.0
1371.805,8.872916,-12.0,10.0
1371.821,8.791646,-12.0,10.0
1371.838,8.711209,-12.0,10.0
1371.855,8.628418,-12.0,10.0
1371.871,8.547313,-12.0,10.0
1371.888,8.466111,-12.0,10.0
1371.905,8.384097,-12.0,10.0
1371.921,8.303086,-12.0,10.0
1371.938,8.221535,-12.0,10.0
1371.955,8.139956,-12.0,10.0
1371.971,8.059357,-12.0,10.0
1371.988,7.977298,-12.0,10.0
1372.005,7.897142,-12.0,10.0
1372.021,7.814548,-12.0,10.0
1372.038,7.73367,-12.0,10.0
1372.055,7.652069,-12.0,10.0
1372.071,7.571639,-12.0,10.0
1372.088,7.487837,-12.0,10.0
1372.105,7.407664,-12.0,10.0
1372.121,7.326162,-12.0,10.0
1372.138,7.245741,-12.0,10.0
1372.155,7.163013,-12.0,10.0
1372.171,7.083039,-12.0,10.0
1372.188,7.000951,-12.0,10.0
1372.205,6.919685,-12.0,10.0
1372.221,6.83757,-12.0,10.0
1372.238,6.758053,-12.0,10.0
1372.255,6.675668,-12.0,10.0
1372.271,6.594823,-12.0,10.0
1372.289,6.51001,-12.0,10.0
1372.305,6.432352,-12.0,10.0
1372.321,6.350283,-12.0,10.0
1372.338,6.27036,-12.0,10.0
1372.355,6.18697,-12.0,10.0
1372.372,6.106105,-12.0,10.0
1372.388,6.024019,-12.0,10.0
1372.405,5.94284,-12.0,10.0
1372.421,5.861188,-12.0,10.0
1372.438,5.780109,-12.0,10.0
1372.455,5.699505,-12.0,10.0
1372.471,5.617496,-12.0,10.0
1372.488,5.536628,-12.0,10.0
1372.505,5.455255,-12.0,10.0
1372.521,5.374548,-12.0,10.0
1372.538,5.29189,-12.0,10.0
1372.555,5.210567,-12.0,10.0
1372.571,5.130909,-12.0,10.0
1372.588,5.047873,-12.0,10.0
1372.605,4.967266,-12.0,10.0
1372.621,4.885167,-12.0,10.0
1372.638,4.803769,-12.0,10.0
1372.655,4.72335,-12.0,10.0
1372.671,4.642912,-12.0,10.0
1372.688,4.560358,-12.0,10.0
1372.705,4.478582,-12.0,10.0
1372.722,4.395051,-12.0,10.0
1372.738,4.315618,-12.0,10.0
1372.755,4.234541,-12.0,10.0
1372.771,4.153619,-12.0,10.0
1372.788,4.071886,-12.0,10.0
1372.804,3.991979,-12.0,10.0
1372.822,3.90747,-12.0,10.0
1372.838,3.828052,-12.0,10.0
1372.855,3.746437,-12.0,10.0
1372.871,3.665842,-12.0,10.0
1372.888,3.584483,-12.0,10.0
1372.905,3.503259,-12.0,10.0
1372.921,3.420508,-12.0,10.0
1372.938,3.339205,-12.0,10.0
1372.955,3.258033,-12.0,10.0
1372.971,3.176869,-12.0,10.0
1372.988,3.094586,-12.0,10.0
1373.005,3.013984,-12.0,10.0
1373.021,2.932089,-12.0,10.0
1373.038,2.852579,-12.0,10.0
1373.055,2.769379,-12.0,10.0
1373.077,2.660451,-12.0,10.0
1373.088,2.606919,-12.0,10.0
1373.111,2.497023,-12.0,10.0
1373.121,2.444406,-12.0,10.0
1373.145,2.333456,-12.0,10.0
1373.155,2.28171,-12.0,10.0
1373.177,2.172668,-12.0,10.0
1373.188,2.118767,-12.0,10.0
1373.21,2.011545,-12.0,10.0
1373.222,1.954108,-12.0,10.0
1373.243,1.853405,-12.0,10.0
1373.254,1.793832,-12.0,10.0
1373.276,1.690363,-12.0,10.0
1373.288,1.629452,-12.0,10.0
1373.309,1.530359,-12.0,10.0
1373.321,1.46663,-12.0,10.0
1373.343,1.365645,-12.0,10.0
1373.355,1.303757,-12.0,10.0
1373.374,1.209225,-12.0,10.0
1373.388,1.142214,-12.0,10.0
1373.407,1.048416,-12.0,10.0
1373.421,0.979461,-12.0,10.0
1373.439,0.891849,-12.0,10.0
1373.455,0.814353,-12.0,10.0
1373.474,0.724751,-12.0,10.0
1373.489,0.650944,-12.0,10.0
1373.505,0.571196,-12.0,10.0
1373.522,0.487829,-12.0,10.0
1373.538,0.408998,-12.0,10.0
1373.555,0.329129,-12.0,10.0
1373.572,0.245994,-12.0,10.0
1373.589,0.161534,-12.0,10.0
1373.605,0.083728,-12.0,10.0
1373.622,0.00032,-12.0,10.0
1373.638,-0.07954,-12.0,10.0
1373.655,-0.16209,-12.0,10.0
1373.672,-0.242464,-12.0,10.0
1373.688,-0.322957,-12.0,10.0
1373.705,-0.404909,-12.0,10.0
1373.722,-0.487142,-12.0,10.0
1373.738,-0.567807,-12.0,10.0
1373.755,-0.648445,-12.0,10.0
1373.772,-0.730376,-12.0,10.0
1373.788,-0.809467,-12.0,10.0
1373.805,-0.892658,-12.0,10.0
1373.821,-0.974282,-12.0,10.0
1373.838,-1.055167,-12.0,10.0
1373.855,-1.136699,-12.0,10.0
1373.871,-1.216416,-12.0,10.0
1373.888,-1.299661,-12.0,10.0
1373.905,-1.381761,-12.0,10.0
1373.921,-1.461914,-12.0,10.0
1373.938,-1.543852,-12.0,10.0
1373.955,-1.623248,-12.0,10.0
1373.972,-1.706511,-12.0,10.0
1373.989,-1.788327,-12.0,10.0
1374.005,-1.868851,-12.0,10.0
1374.021,-1.951122,-12.0,10.0
1374.038,-2.031531,-12.0,10.0
1374.055,-2.114942,-12.0,10.0
1374.072,-2.195396,-12.0,10.0
1374.088,-2.276549,-12.0,10.0
1374.105,-2.357516,-12.0,10.0
1374.121,-2.437615,-12.0,10.0
1374.138,-2.519993,-12.0,10.0
1374.155,-2.601756,-12.0,10.0
1374.172,-2.685671,-12.0,10.0
1374.188,-2.763498,-12.0,10.0
1374.205,-2.846232,-12.0,10.0
1374.221,-2.926131,-12.0,10.0
1374.238,-3.008569,-12.0,10.0
1374.255,-3.090014,-12.0,10.0
1374.272,-3.172183,-12.0,10.0
1374.288,-3.250483,-12.0,10.0
1374.305,-3.333892,-12.0,10.0
1374.321,-3.415416,-12.0,10.0
1374.338,-3.497029,-12.0,10.0
1374.355,-3.577994,-12.0,10.0
1374.372,-3.659366,-12.0,10.0
1374.388,-3.740059,-12.0,10.0
1374.405,-3.821209,-12.0,10.0
1374.421,-3.902186,-12.0,10.0
1374.438,-3.984538,-12.0,10.0
1374.455,-4.065748,-12.0,10.0
1374.472,-4.14772,-12.0,10.0
1374.488,-4.228343,-12.0,10.0
1374.505,-4.309437,-12.0,10.0
1374.521,-4.391137,-12.0,10.0
1374.538,-4.4726,-12.0,10.0
1374.555,-4.553157,-12.0,10.0
1374.572,-4.637444,-12.0,10.0
1374.588,-4.716567,-12.0,10.0
1374.605,-4.797863,-12.0,10.0
1374.621,-4.879329,-12.0,10.0
1374.638,-4.959781,-12.0,10.0
1374.655,-5.041186,-12.0,10.0
1374.672,-5.12345,-12.0,10.0
1374.688,-5.204716,-12.0,10.0
1374.705,-5.155028,-12.0,10.0
1374.721,-5.140475,-12.0,10.0
1374.738,-5.093628,-12.0,10.0
1374.755,-5.036279,-12.0,10.0
1374.772,-4.965465,-12.0,10.0
1374.788,-4.883266,-12.0,10.0
1374.805,-4.798388,-12.0,10.0
1374.821,-4.717251,-12.0,10.0
1374.838,-4.637228,-12.0,10.0
1374.855,-4.555563,-12.0,10.0
1374.871,-4.474372,-12.0,10.0
1374.888,-4.393495,-12.0,10.0
1374.905,-4.310253,-12.0,10.0
1374.921,-4.229891,-12.0,10.0
1374.938,-4.147996,-12.0,10.0
1374.955,-4.067584,-12.0,10.0
1374.972,-3.985342,-12.0,10.0
1374.988,-3.904263,-12.0,10.0
1375.005,-3.823684,-12.0,10.0
1375.021,-3.741601,-12.0,10.0
1375.038,-3.660549,-12.0,10.0
1375.055,-3.5786,-12.0,10.0
1375.072,-3.496856,-12.0,10.0
1375.088,-3.416891,-12.0,10.0
1375.105,-3.334285,-12.0,10.0
1375.121,-3.252832,-12.0,10.0
1375.138,-3.170741,-12.0,10.0
1375.155,-3.090562,-12.0,10.0
1375.172,-3.009194,-12.0,10.0
1375.188,-2.928236,-12.0,10.0
1375.205,-2.845165,-12.0,10.0
1375.227,-2.735782,-12.0,10.0
1375.238,-2.684056,-12.0,10.0
1375.26,-2.575631,-12.0,10.0
1375.273,-2.517905,-12.0,10.0
1375.295,-2.406314,-12.0,10.0
1375.305,-2.356977,-12.0,10.0
1375.329,-2.243646,-12.0,10.0
1375.338,-2.194393,-12.0,10.0
1375.361,-2.085718,-12.0,10.0
1375.372,-2.032705,-12.0,10.0
1375.394,-1.921961,-12.0,10.0
1375.405,-1.870161,-12.0,10.0
1375.427,-1.763922,-12.0,10.0
1375.438,-1.706681,-12.0,10.0
1375.46,-1.600005,-12.0,10.0
1375.472,-1.54457,-12.0,10.0
1375.494,-1.435377,-12.0,10.0
1375.506,-1.375509,-12.0,10.0
1375.526,-1.276767,-12.0,10.0
1375.539,-1.214236,-12.0,10.0
1375.56,-1.113398,-12.0,10.0
1375.571,-1.057002,-12.0,10.0
1375.593,-0.949723,-12.0,10.0
1375.605,-0.893865,-12.0,10.0
1375.626,-0.792134,-12.0,10.0
1375.638,-0.728576,-12.0,10.0
1375.659,-0.629863,-12.0,10.0
1375.673,-0.565678,-12.0,10.0
1375.692,-0.466828,-12.0,10.0
1375.705,-0.403939,-12.0,10.0
1375.725,-0.308307,-12.0,10.0
1375.738,-0.242873,-12.0,10.0
1375.757,-0.149849,-12.0,10.0
1375.772,-0.078519,-12.0,10.0
1375.792,0.019539,-12.0,10.0
1375.805,0.084244,-12.0,10.0
1375.824,0.177852,-12.0,10.0
1375.838,0.247319,-12.0,10.0
1375.857,0.336827,-12.0,10.0
1375.872,0.408412,-12.0,10.0
1375.889,0.491361,-12.0,10.0
1375.907,0.582506,-12.0,10.0
1375.921,0.653065,-12.0,10.0
1375.939,0.736125,-12.0,10.0
1375.955,0.816824,-12.0,10.0
1375.972,0.898222,-12.0,10.0
1375.989,0.979435,-12.0,10.0
1376.005,1.061225,-12.0,10.0
1376.022,1.142396,-12.0,10.0
1376.038,1.221663,-12.0,10.0
1376.055,1.306088,-12.0,10.0
1376.072,1.386027,-12.0,10.0
1376.088,1.466542,-12.0,10.0
1376.105,1.548193,-12.0,10.0
1376.121,1.628548,-12.0,10.0
1376.138,1.710876,-12.0,10.0
1376.155,1.792376,-12.0,10.0
1376.172,1.87372,-12.0,10.0
1376.189,1.955902,-12.0,10.0
1376.205,2.0361,-12.0,10.0
1376.221,2.118192,-12.0,10.0
1376.239,2.200215,-12.0,10.0
1376.255,2.280881,-12.0,10.0
1376.272,2.365115,-12.0,10.0
1376.289,2.444768,-12.0,10.0
1376.305,2.525577,-12.0,10.0
1376.322,2.607909,-12.0,10.0
1376.338,2.686673,-12.0,10.0
1376.355,2.769573,-12.0,10.0
1376.372,2.850035,-12.0,10.0
1376.388,2.932112,-12.0,10.0
1376.405,3.013583,-12.0,10.0
1376.422,3.095366,-12.0,10.0
1376.439,3.17702,-12.0,10.0
1376.455,3.257897,-12.0,10.0
1376.471,3.337461,-12.0,10.0
1376.488,3.420361,-12.0,10.0
1376.505,3.501503,-12.0,10.0
1376.521,3.582766,-12.0,10.0
1376.539,3.664631,-12.0,10.0
1376.555,3.747378,-12.0,10.0
1376.572,3.827506,-12.0,10.0
1376.588,3.908046,-12.0,10.0
1376.605,3.988184,-12.0,10.0
1376.622,4.071316,-12.0,10.0
1376.638,4.152243,-12.0,10.0
1376.655,4.233745,-12.0,10.0
1376.672,4.314433,-12.0,10.0
1376.688,4.396207,-12.0,10.0
1376.705,4.479089,-12.0,10.0
1376.722,4.559561,-12.0,10.0
1376.738,4.641204,-12.0,10.0
1376.755,4.722793,-12.0,10.0
1376.772,4.80316,-12.0,10.0
1376.788,4.884932,-12.0,10.0
1376.805,4.964996,-12.0,10.0
1376.823,5.051404,-12.0,10.0
1376.838,5.128864,-12.0,10.0
1376.855,5.210301,-12.0,10.0
1376.872,5.292078,-12.0,10.0
1376.888,5.372181,-12.0,10.0
1376.905,5.454504,-12.0,10.0
1376.921,5.535111,-12.0,10.0
1376.938,5.616788,-12.0,10.0
1376.955,5.698314,-12.0,10.0
1376.972,5.779287,-12.0,10.0
1376.988,5.860903,-12.0,10.0
1377.005,5.940599,-12.0,10.0
1377.021,6.023355,-12.0,10.0
1377.038,6.104759,-12.0,10.0
1377.055,6.186845,-12.0,10.0
1377.072,6.267555,-12.0,10.0
1377.088,6.348547,-12.0,10.0
1377.105,6.430104,-12.0,10.0
1377.122,6.51276,-12.0,10.0
1377.145,6.623832,-12.0,10.0
1377.155,6.674541,-12.0,10.0
1377.179,6.789804,-12.0,10.0
1377.188,6.837304,-12.0,10.0
1377.211,6.949598,-12.0,10.0
1377.222,7.000935,-12.0,10.0
1377.244,7.107521,-12.0,10.0
1377.256,7.168406,-12.0,10.0
1377.277,7.270934,-12.0,10.0
1377.288,7.325328,-12.0,10.0
1377.31,7.431585,-12.0,10.0
1377.323,7.492826,-12.0,10.0
1377.343,7.593699,-12.0,10.0
1377.356,7.656205,-12.0,10.0
1377.376,7.753566,-12.0,10.0
1377.389,7.815364,-12.0,10.0
1377.408,7.91078,-12.0,10.0
1377.423,7.978933,-12.0,10.0
1377.441,8.073915,-12.0,10.0
1377.455,8.140074,-12.0,10.0
1377.475,8.235253,-12.0,10.0
1377.49,8.308813,-12.0,10.0
1377.509,8.401381,-12.0,10.0
1377.522,8.465771,-12.0,10.0
1377.541,8.557856,-12.0,10.0
1377.556,8.63025,-12.0,10.0
1377.573,8.713116,-12.0,10.0
1377.588,8.789702,-12.0,10.0
1377.612,8.906199,-12.0,10.0
1377.621,8.953119,-12.0,10.0
1377.638,9.034747,-12.0,10.0
1377.655,9.117212,-12.0,10.0
1377.672,9.198082,-12.0,10.0
1377.688,9.278797,-12.0,10.0
1377.705,9.359973,-12.0,10.0
1377.722,9.444528,-12.0,10.0
1377.738,9.52286,-12.0,10.0
1377.755,9.604581,-12.0,10.0
1377.779,9.719016,-12.0,10.0
1377.788,9.767317,-12.0,10.0
1377.81,9.871854,-12.0,10.0
1377.822,9.930242,-12.0,10.0
1377.844,10.03844,-12.0,10.0
1377.855,10.09273,-12.0,10.0
1377.877,10.20162,-12.0,10.0
1377.888,10.10379,-12.0,10.0
1377.91,10.05944,-12.0,10.0
1377.921,10.03947,-12.0,10.0
1377.942,9.95027,-12.0,10.0
1377.955,9.902667,-12.0,10.0
1377.976,9.802036,-12.0,10.0
1377.989,9.733198,-12.0,10.0
1378.009,9.632992,-12.0,10.0
1378.021,9.571111,-12.0,10.0
1378.042,9.472862,-12.0,10.0
1378.055,9.409286,-12.0,10.0
1378.075,9.313167,-12.0,10.0
1378.089,9.244688,-12.0,10.0
1378.107,9.152173,-12.0,10.0
1378.122,9.081027,-12.0,10.0
1378.14,8.990769,-12.0,10.0
1378.155,8.918472,-12.0,10.0
1378.172,8.838139,-12.0,10.0
1378.189,8.755812,-12.0,10.0
1378.205,8.674807,-12.0,10.0
1378.221,8.595401,-12.0,10.0
1378.239,8.512418,-12.0,10.0
1378.255,8.430683,-12.0,10.0
1378.272,8.348828,-12.0,10.0
1378.289,8.268472,-12.0,10.0
1378.305,8.185727,-12.0,10.0
1378.322,8.104802,-12.0,10.0
1378.339,8.022148,-12.0,10.0
1378.356,7.941604,-12.0,10.0
1378.372,7.860338,-12.0,10.0
1378.388,7.781347,-12.0,10.0
1378.405,7.698514,-12.0,10.0
1378.422,7.61654,-12.0,10.0
1378.438,7.537035,-12.0,10.0
1378.455,7.455106,-12.0,10.0
1378.472,7.37335,-12.0,10.0
1378.489,7.291856,-12.0,10.0
1378.505,7.209781,-12.0,10.0
1378.522,7.128046,-12.0,10.0
1378.538,7.047786,-12.0,10.0
1378.555,6.968351,-12.0,10.0
1378.572,6.883828,-12.0,10.0
1378.589,6.802753,-12.0,10.0
1378.605,6.721757,-12.0,10.0
1378.622,6.641033,-12.0,10.0
1378.638,6.559855,-12.0,10.0
1378.655,6.478509,-12.0,10.0
1378.672,6.39679,-12.0,10.0
1378.688,6.315932,-12.0,10.0
1378.705,6.233695,-12.0,10.0
1378.722,6.151632,-12.0,10.0
1378.738,6.070513,-12.0,10.0
1378.755,5.990235,-12.0,10.0
1378.772,5.908163,-12.0,10.0
1378.788,5.82724,-12.0,10.0
1378.805,5.745908,-12.0,10.0
1378.821,5.665384,-12.0,10.0
1378.838,5.583528,-12.0,10.0
1378.855,5.502062,-12.0,10.0
1378.872,5.420161,-12.0,10.0
1378.889,5.338706,-12.0,10.0
1378.905,5.258118,-12.0,10.0
1378.921,5.177122,-12.0,10.0
1378.938,5.095879,-12.0,10.0
1378.956,5.011593,-12.0,10.0
1378.972,4.932523,-12.0,10.0
1378.988,4.851686,-12.0,10.0
1379.005,4.769681,-12.0,10.0
1379.022,4.688379,-12.0,10.0
1379.038,4.607548,-12.0,10.0
1379.055,4.526728,-12.0,10.0
1379.072,4.444238,-12.0,10.0
1379.088,4.363488,-12.0,10.0
1379.105,4.281538,-12.0,10.0
1379.121,4.200714,-12.0,10.0
1379.139,4.118297,-12.0,10.0
1379.155,4.038295,-12.0,10.0
1379.172,3.956893,-12.0,10.0
1379.188,3.874863,-12.0,10.0
1379.205,3.792468,-12.0,10.0
1379.222,3.71187,-12.0,10.0
1379.239,3.630297,-12.0,10.0
1379.255,3.550237,-12.0,10.0
1379.272,3.467896,-12.0,10.0
1379.288,3.387776,-12.0,10.0
1379.305,3.304971,-12.0,10.0
1379.322,3.22394,-12.0,10.0
1379.339,3.141917,-12.0,10.0
1379.355,3.060816,-12.0,10.0
1379.372,2.979671,-12.0,10.0
1379.388,2.898401,-12.0,10.0
1379.405,2.816484,-12.0,10.0
1379.422,2.734909,-12.0,10.0
1379.439,2.653483,-12.0,10.0
1379.455,2.572001,-12.0,10.0
1379.472,2.490275,-12.0,10.0
1379.489,2.409584,-12.0,10.0
1379.505,2.328661,-12.0,10.0
1379.521,2.247551,-12.0,10.0
1379.538,2.165704,-12.0,10.0
1379.555,2.085428,-12.0,10.0
1379.572,2.002793,-12.0,10.0
1379.588,1.92205,-12.0,10.0
1379.605,1.840315,-12.0,10.0
1379.622,1.758438,-12.0,10.0
1379.639,1.677224,-12.0,10.0
1379.655,1.596729,-12.0,10.0
1379.673,1.50891,-12.0,10.0
1379.695,1.403712,-12.0,10.0
1379.705,1.352044,-12.0,10.0
1379.728,1.237812,-12.0,10.0
1379.738,1.189698,-12.0,10.0
1379.761,1.079718,-12.0,10.0
1379.773,1.02249,-12.0,10.0
1379.795,0.911547,-12.0,10.0
1379.805,0.862247,-12.0,10.0
1379.826,0.759503,-12.0,10.0
1379.838,0.700527,-12.0,10.0
1379.859,0.599334,-12.0,10.0
1379.872,0.537948,-12.0,10.0
1379.892,0.439532,-12.0,10.0
1379.906,0.371477,-12.0,10.0
1379.925,0.27682,-12.0,10.0
1379.938,0.212613,-12.0,10.0
1379.959,0.1147,-12.0,10.0
1379.972,0.049669,-12.0,10.0
1379.992,-0.048115,-12.0,10.0
1380.007,-0.120151,-12.0,10.0
1380.025,-0.210612,-12.0,10.0
1380.038,-0.276361,-12.0,10.0
1380.058,-0.372316,-12.0,10.0
1380.072,-0.440513,-12.0,10.0
1380.092,-0.534634,-12.0,10.0
1380.105,-0.600467,-12.0,10.0
1380.122,-0.683133,-12.0,10.0
1380.139,-0.765818,-12.0,10.0
1380.155,-0.846064,-12.0,10.0
1380.172,-0.928148,-12.0,10.0
1380.189,-1.008749,-12.0,10.0
1380.205,-1.088523,-12.0,10.0
1380.222,-1.171039,-12.0,10.0
1380.239,-1.252859,-12.0,10.0
1380.257,-1.340883,-12.0,10.0
1380.273,-1.417813,-12.0,10.0
1380.291,-1.509645,-12.0,10.0
1380.306,-1.580031,-12.0,10.0
1380.322,-1.660428,-12.0,10.0
1380.339,-1.741834,-12.0,10.0
1380.356,-1.823749,-12.0,10.0
1380.372,-1.902764,-12.0,10.0
1380.389,-1.98484,-12.0,10.0
1380.405,-2.064834,-12.0,10.0
1380.423,-2.149988,-12.0,10.0
1380.439,-2.231973,-12.0,10.0
1380.457,-2.316934,-12.0,10.0
1380.473,-2.394592,-12.0,10.0
1380.489,-2.474195,-12.0,10.0
1380.505,-2.555128,-12.0,10.0
1380.522,-2.635473,-12.0,10.0
1380.538,-2.716244,-12.0,10.0
1380.556,-2.799335,-12.0,10.0
1380.572,-2.879557,-12.0,10.0
1380.589,-2.962037,-12.0,10.0
1380.605,-3.042738,-12.0,10.0
1380.622,-3.124253,-12.0,10.0
1380.639,-3.207266,-12.0,10.0
1380.656,-3.288957,-12.0,10.0
1380.672,-3.36808,-12.0,10.0
1380.689,-3.450992,-12.0,10.0
1380.705,-3.531408,-12.0,10.0
1380.722,-3.613778,-12.0,10.0
1380.738,-3.694235,-12.0,10.0
1380.755,-3.775773,-12.0,10.0
1380.772,-3.856706,-12.0,10.0
1380.789,-3.937807,-12.0,10.0
1380.805,-4.018298,-12.0,10.0
1380.822,-4.101584,-12.0,10.0
1380.838,-4.180419,-12.0,10.0
1380.855,-4.263714,-12.0,10.0
1380.872,-4.345036,-12.0,10.0
1380.889,-4.42679,-12.0,10.0
1380.905,-4.507071,-12.0,10.0
1380.922,-4.589384,-12.0,10.0
1380.938,-4.669776,-12.0,10.0
1380.955,-4.751411,-12.0,10.0
1380.972,-4.83284,-12.0,10.0
1380.989,-4.915259,-12.0,10.0
1381.005,-4.994556,-12.0,10.0
1381.022,-5.076623,-12.0,10.0
1381.038,-5.157724,-12.0,10.0
1381.055,-5.239434,-12.0,10.0
1381.072,-5.149033,-12.0,10.0
1381.089,-5.110191,-12.0,10.0
1381.105,-5.061123,-12.0,10.0
1381.121,-5.017326,-12.0,10.0
1381.138,-4.941756,-12.0,10.0
1381.155,-4.853074,-12.0,10.0
1381.172,-4.765337,-12.0,10.0
1381.189,-4.683233,-12.0,10.0
1381.205,-4.603115,-12.0,10.0
1381.222,-4.520499,-12.0,10.0
1381.239,-4.438921,-12.0,10.0
1381.255,-4.358425,-12.0,10.0
1381.272,-4.276965,-12.0,10.0
1381.288,-4.195764,-12.0,10.0
1381.305,-4.114345,-12.0,10.0
1381.322,-4.03269,-12.0,10.0
1381.338,-3.952934,-12.0,10.0
1381.355,-3.868895,-12.0,10.0
1381.372,-3.78847,-12.0,10.0
1381.388,-3.707435,-12.0,10.0
1381.405,-3.6249,-12.0,10.0
1381.422,-3.543606,-12.0,10.0
1381.439,-3.462085,-12.0,10.0
1381.455,-3.380473,-12.0,10.0
1381.479,-3.267875,-12.0,10.0
1381.489,-3.218653,-12.0,10.0
1381.511,-3.107992,-12.0,10.0
1381.522,-3.055478,-12.0,10.0
1381.545,-2.94339,-12.0,10.0
1381.555,-2.8931,-12.0,10.0
1381.578,-2.782652,-12.0,10.0
1381.589,-2.729213,-12.0,10.0
1381.611,-2.620745,-12.0,10.0
1381.622,-2.567193,-12.0,10.0
1381.644,-2.460834,-12.0,10.0
1381.656,-2.399252,-12.0,10.0
1381.677,-2.296244,-12.0,10.0
1381.689,-2.241877,-12.0,10.0
1381.71,-2.138575,-12.0,10.0
1381.722,-2.07902,-12.0,10.0
1381.743,-1.975605,-12.0,10.0
1381.755,-1.917573,-12.0,10.0
1381.776,-1.815025,-12.0,10.0
1381.79,-1.749735,-12.0,10.0
1381.809,-1.654988,-12.0,10.0
1381.822,-1.589895,-12.0,10.0
1381.841,-1.495113,-12.0,10.0
1381.856,-1.425166,-12.0,10.0
1381.874,-1.336196,-12.0,10.0
1381.889,-1.262558,-12.0,10.0
1381.908,-1.172857,-12.0,10.0
1381.922,-1.102757,-12.0,10.0
1381.939,-1.021617,-12.0,10.0
1381.956,-0.938855,-12.0,10.0
1381.972,-0.857973,-12.0,10.0
1381.989,-0.774671,-12.0,10.0
1382.008,-0.683496,-12.0,10.0
1382.022,-0.612796,-12.0,10.0
1382.041,-0.519853,-12.0,10.0
1382.056,-0.450559,-12.0,10.0
1382.072,-0.368753,-12.0,10.0
1382.089,-0.287818,-12.0,10.0
1382.105,-0.207606,-12.0,10.0
1382.122,-0.124788,-12.0,10.0
1382.139,-0.043353,-12.0,10.0
1382.155,0.036253,-12.0,10.0
1382.172,0.118336,-12.0,10.0
1382.189,0.20017,-12.0,10.0
1382.206,0.281182,-12.0,10.0
1382.222,0.36105,-12.0,10.0
1382.244,0.468997,-12.0,10.0
1382.255,0.525676,-12.0,10.0
1382.276,0.625932,-12.0,10.0
1382.289,0.689281,-12.0,10.0
1382.309,0.785092,-12.0,10.0
1382.322,0.851323,-12.0,10.0
1382.341,0.942129,-12.0,10.0
1382.356,1.015414,-12.0,10.0
1382.372,1.094914,-12.0,10.0
1382.39,1.179641,-12.0,10.0
1382.406,1.258325,-12.0,10.0
1382.422,1.340349,-12.0,10.0
1382.439,1.420925,-12.0,10.0
1382.456,1.503009,-12.0,10.0
1382.472,1.583944,-12.0,10.0
1382.489,1.664197,-12.0,10.0
1382.506,1.746869,-12.0,10.0
1382.522,1.828242,-12.0,10.0
1382.539,1.90894,-12.0,10.0
1382.555,1.989306,-12.0,10.0
1382.573,2.075489,-12.0,10.0
1382.589,2.155266,-12.0,10.0
1382.606,2.233966,-12.0,10.0
1382.623,2.317471,-12.0,10.0
1382.639,2.397251,-12.0,10.0
1382.655,2.477959,-12.0,10.0
1382.672,2.560668,-12.0,10.0
1382.689,2.640864,-12.0,10.0
1382.706,2.722945,-12.0,10.0
1382.722,2.803234,-12.0,10.0
1382.739,2.886073,-12.0,10.0
1382.756,2.966976,-12.0,10.0
1382.772,3.048506,-12.0,10.0
1382.789,3.130139,-12.0,10.0
1382.806,3.211188,-12.0,10.0
1382.822,3.293566,-12.0,10.0
1382.839,3.375086,-12.0,10.0
1382.855,3.454041,-12.0,10.0
1382.872,3.536867,-12.0,10.0
1382.889,3.617393,-12.0,10.0
1382.906,3.699701,-12.0,10.0
1382.922,3.779212,-12.0,10.0
1382.939,3.862431,-12.0,10.0
1382.955,3.941285,-12.0,10.0
1382.972,4.024747,-12.0,10.0
1382.989,4.106472,-12.0,10.0
1383.005,4.187311,-12.0,10.0
1383.022,4.268066,-12.0,10.0
1383.039,4.351082,-12.0,10.0
1383.055,4.43143,-12.0,10.0
1383.072,4.51275,-12.0,10.0
1383.089,4.594489,-12.0,10.0
1383.105,4.67532,-12.0,10.0
1383.122,4.75665,-12.0,10.0
1383.138,4.837771,-12.0,10.0
1383.155,4.91763,-12.0,10.0
1383.172,5.001014,-12.0,10.0
1383.189,5.08496,-12.0,10.0
1383.205,5.163423,-12.0,10.0
1383.222,5.244534,-12.0,10.0
1383.239,5.32595,-12.0,10.0
1383.255,5.407208,-12.0,10.0
1383.272,5.488491,-12.0,10.0
1383.289,5.569517,-12.0,10.0
1383.305,5.651901,-12.0,10.0
1383.322,5.731527,-12.0,10.0
1383.339,5.815153,-12.0,10.0
1383.355,5.895881,-12.0,10.0
1383.372,5.977667,-12.0,10.0
1383.389,6.059116,-12.0,10.0
1383.405,6.139809,-12.0,10.0
1383.422,6.221028,-12.0,10.0
1383.439,6.30196,-12.0,10.0
1383.455,6.383554,-12.0,10.0
1383.472,6.465966,-12.0,10.0
1383.489,6.547639,-12.0,10.0
1383.506,6.628864,-12.0,10.0
1383.522,6.708899,-12.0,10.0
1383.539,6.790989,-12.0,10.0
1383.555,6.870635,-12.0,10.0
1383.572,6.954044,-12.0,10.0
1383.589,7.034815,-12.0,10.0
1383.605,7.116682,-12.0,10.0
1383.622,7.197856,-12.0,10.0
1383.639,7.279147,-12.0,10.0
1383.655,7.359356,-12.0,10.0
1383.672,7.442254,-12.0,10.0
1383.688,7.522263,-12.0,10.0
1383.705,7.604319,-12.0,10.0
1383.722,7.685187,-12.0,10.0
1383.739,7.767504,-12.0,10.0
1383.761,7.87544,-12.0,10.0
1383.773,7.931744,-12.0,10.0
1383.794,8.039162,-12.0,10.0
1383.807,8.09962,-12.0,10.0
1383.828,8.20369,-12.0,10.0
1383.838,8.255135,-12.0,10.0
1383.855,8.336689,-12.0,10.0
1383.872,8.418355,-12.0,10.0
1383.895,8.52925,-12.0,10.0
1383.905,8.580892,-12.0,10.0
1383.927,8.687369,-12.0,10.0
1383.938,8.744027,-12.0,10.0
1383.96,8.850032,-12.0,10.0
1383.973,8.908476,-12.0,10.0
1383.994,9.012395,-12.0,10.0
1384.006,9.06969,-12.0,10.0
1384.026,9.172316,-12.0,10.0
1384.039,9.23282,-12.0,10.0
1384.06,9.336716,-12.0,10.0
1384.072,9.395373,-12.0,10.0
1384.094,9.500509,-12.0,10.0
1384.105,9.55717,-12.0,10.0
1384.126,9.658209,-12.0,10.0
1384.14,9.725677,-12.0,10.0
1384.159,9.819271,-12.0,10.0
1384.172,9.883573,-12.0,10.0
1384.191,9.974595,-12.0,10.0
1384.206,10.04731,-12.0,10.0
1384.225,10.1432,-12.0,10.0
1384.239,10.2128,-12.0,10.0
1384.258,10.0952,-12.0,10.0
1384.273,10.05503,-12.0,10.0
1384.291,9.997979,-12.0,10.0
1384.305,9.938476,-12.0,10.0
1384.322,9.862054,-12.0,10.0
1384.339,9.788416,-12.0,10.0
1384.356,9.698036,-12.0,10.0
1384.372,9.616334,-12.0,10.0
1384.389,9.53605,-12.0,10.0
1384.406,9.453817,-12.0,10.0
1384.423,9.370938,-12.0,10.0
1384.439,9.291109,-12.0,10.0
1384.456,9.209637,-12.0,10.0
1384.474,9.120255,-12.0,10.0
1384.489,9.047449,-12.0,10.0
1384.506,8.965955,-12.0,10.0
1384.522,8.885117,-12.0,10.0
1384.538,8.804161,-12.0,10.0
1384.555,8.722394,-12.0,10.0
1384.572,8.641925,-12.0,10.0
1384.589,8.559564,-12.0,10.0
1384.606,8.477485,-12.0,10.0
1384.622,8.396637,-12.0,10.0
1384.639,8.315514,-12.0,10.0
1384.656,8.233005,-12.0,10.0
1384.672,8.15324,-12.0,10.0
1384.689,8.069704,-12.0,10.0
1384.705,7.990613,-12.0,10.0
1384.723,7.906785,-12.0,10.0
1384.738,7.828425,-12.0,10.0
1384.756,7.744389,-12.0,10.0
1384.772,7.664635,-12.0,10.0
1384.791,7.572019,-12.0,10.0
1384.807,7.491837,-12.0,10.0
1384.822,7.420171,-12.0,10.0
1384.838,7.339558,-12.0,10.0
1384.857,7.252329,-12.0,10.0
1384.873,7.174609,-12.0,10.0
1384.889,7.093698,-12.0,10.0
1384.905,7.014148,-12.0,10.0
1384.922,6.931017,-12.0,10.0
1384.939,6.85068,-12.0,10.0
1384.956,6.768177,-12.0,10.0
1384.972,6.687409,-12.0,10.0
1384.989,6.6068,-12.0,10.0
1385.005,6.524996,-12.0,10.0
1385.022,6.444331,-12.0,10.0
1385.039,6.360823,-12.0,10.0
1385.058,6.278921,-12.0,10.0
1385.072,6.198976,-12.0,10.0
1385.089,6.118839,-12.0,10.0
1385.106,6.035908,-12.0,10.0
1385.122,5.954299,-12.0,10.0
1385.138,5.875655,-12.0,10.0
1385.155,5.794591,-12.0,10.0
1385.172,5.712907,-12.0,10.0
1385.188,5.631395,-12.0,10.0
1385.205,5.550517,-12.0,10.0
1385.222,5.468505,-12.0,10.0
1385.238,5.388354,-12.0,10.0
1385.255,5.306192,-12.0,10.0
1385.272,5.224829,-12.0,10.0
1385.289,5.143436,-12.0,10.0
1385.305,5.061917,-12.0,10.0
1385.322,4.97963,-12.0,10.0
1385.338,4.899749,-12.0,10.0
1385.356,4.813365,-12.0,10.0
1385.372,4.736859,-12.0,10.0
1385.389,4.65424,-12.0,10.0
1385.405,4.574249,-12.0,10.0
1385.423,4.488845,-12.0,10.0
1385.438,4.410775,-12.0,10.0
1385.455,4.329338,-12.0,10.0
1385.472,4.248537,-12.0,10.0
1385.489,4.162878,-12.0,10.0
